horizon_years,contribution_interval_days,window_count,theoretical_win_rate,annual_alpha_theoretical_p10,annual_alpha_theoretical_p25,annual_alpha_theoretical_median,annual_alpha_theoretical_p75,annual_alpha_theoretical_p90,annual_alpha_theoretical_min,annual_alpha_theoretical_max,implementable_win_rate,annual_alpha_implementable_p10,annual_alpha_implementable_p25,annual_alpha_implementable_median,annual_alpha_implementable_p75,annual_alpha_implementable_p90,annual_alpha_implementable_min,annual_alpha_implementable_max
1,15,5,1.0,0.012027580806924298,0.0132279664120043,0.015135443486572586,0.017391938102424342,0.023319535447095332,0.011227323736870964,0.02727126701020932,0.2,-0.007205231075704854,-0.0054757447006394955,-0.0052952517441215985,-0.00028964045624046975,0.000984678978552034,-0.008358221992415094,0.0018342252684137028
1,30,5,1.0,0.021863295197055564,0.022865857957557134,0.02371455880614559,0.029503962501889802,0.03581312386827242,0.021194920023387853,0.04001923144586084,0.2,-0.008978628544822564,-0.008361403240802479,-0.005703237782382464,-0.0004551322498649313,0.0017862694732107003,-0.009390112080835955,0.003280537288594454
1,45,5,1.0,0.025103781258556744,0.028883220939941556,0.032673567597088615,0.038332228112213595,0.04779113741476966,0.022584154804300205,0.05409707694980703,0.6,-0.015820045317604857,-0.013913749657500363,0.0024540514764694876,0.002747611366884062,0.009377791433270267,-0.017090909091007855,0.013797911477527736
1,60,5,1.0,0.029403233671205297,0.031965483055365285,0.036417290807712055,0.04532490301727754,0.05165810935608657,0.02769506741509864,0.055880246915292586,0.4,-0.017660467364748043,-0.012104564419813002,-0.001975450702764836,0.004212236095006094,0.01214382534732237,-0.021364402661371407,0.017431551515533217
1,90,5,1.0,0.03333200134255911,0.04301938707932429,0.044360929672224936,0.05603304366537043,0.05736814192079505,0.026873744184715664,0.05825820742441146,0.4,-0.03997737351727093,-0.02063511395897799,-0.007310372917981756,0.016692040073901016,0.02554208778720415,-0.05287221322279956,0.031442119596072904
1,120,5,1.0,0.039744807017679,0.05663736926008478,0.05923151109455138,0.07357155218455103,0.07491453073160495,0.02848309885607514,0.07580984976297422,0.4,-0.022567845026546428,-0.0009509089972087326,-9.502995222621102e-05,0.006952484778173229,0.027737923102169805,-0.03697913571277156,0.04159488198483419
2,15,5,1.0,0.00699205469140054,0.007107004558733143,0.008637106952073093,0.009013758143024742,0.011695303495105414,0.006915421446512138,0.013483000396492528,0.4,-0.0018994373731435754,-0.0017711462165415082,-0.0007327081072510122,0.0008814246430475237,0.0015751781586791581,-0.001984964810878287,0.002037680502433581
2,30,5,1.0,0.011353840894292144,0.01194840015318377,0.014319386968288939,0.015578784811987711,0.018671255686048927,0.010957468055031061,0.02073290293542307,0.4,-0.003543172026746344,-0.00238827692818111,-0.0017825696744420139,0.0033912584122686162,0.003868815173692308,-0.0043131020924565,0.0041871863479747695
2,45,5,1.0,0.015411044775897099,0.01659779045232268,0.018151708412436962,0.020501055583583727,0.0265002200124691,0.014619880991613377,0.03049966296505935,0.4,-0.002103470190955958,-0.001629248755350865,-0.00044462854539473184,0.0014366683864137642,0.0033754360984430192,-0.0024196178146926872,0.004667947906462522
2,60,5,1.0,0.017343074226806143,0.01992235719171176,0.022848628690744,0.023658996396924925,0.024557024257923655,0.0156235522502024,0.025155709498589474,0.4,-0.004908141366456986,-0.0021061272238673823,-2.2982540931693052e-05,0.004930435944440759,0.007800186016567246,-0.0067761507948500554,0.009713352731318237
2,90,5,1.0,0.021918223909328606,0.022446321003197545,0.022796742587355867,0.030433763784687318,0.03860461450484914,0.021566159180082645,0.04405184831829034,0.8,-0.0005121835105471373,0.000208838760610508,0.0035969845169767645,0.005767657333736853,0.00915860335737544,-0.0009928650246522341,0.011419234039801163
2,120,5,1.0,0.025120453918000774,0.03182853121976015,0.034753404454155534,0.03695406434714754,0.03725136840230094,0.020648402383494524,0.037449571105736545,0.4,-0.001710737392034467,-0.0014612562440059484,-0.0009927542776280163,0.002959595167124851,0.017439913130957052,-0.0018770581573868128,0.02709345844017852
3,15,5,1.0,0.004768013842581987,0.004880998407696957,0.005086729894654196,0.005688392428353506,0.007289807550502925,0.004692690799172006,0.00835741763193587,0.0,-0.0014078043535526775,-0.0008452452515761433,-0.0006029095250519312,-0.0003919793424751461,-0.0002453896717455439,-0.0017828437548703668,-0.00014766322459247583
3,30,5,1.0,0.007337809293561426,0.007384218724695524,0.008594386692124534,0.009224730203666764,0.012041438518133241,0.007306869672805361,0.013919244061110891,0.0,-0.002135987447549681,-0.001285850631688401,-0.0008821659508264634,-0.0007654003338650739,-0.0003523228982491133,-0.002702745324790534,-7.69379411718063e-05
3,45,5,1.0,0.009315667486611856,0.009545655822903898,0.010278408552753193,0.011796171672769917,0.016736301262263043,0.009162341929083828,0.020029720988591793,0.2,-0.002615784416351552,-0.0015347911180536578,-0.0012603371646799921,-0.0005234014723416447,0.00017685345228954938,-0.003336446615216815,0.0006436900687103453
3,60,5,1.0,0.010364240152194615,0.01174417012871265,0.012432523808397544,0.013446383026001207,0.015805297041165824,0.009444286834515925,0.0173779063846089,0.2,-0.005787275728318919,-0.004208141804502796,-0.0007402051711566937,-0.0005973763043534142,0.0014933405728169817,-0.006840031677529668,0.0028871518242639116
3,90,5,1.0,0.013338868007681493,0.013754906500152098,0.01624831303963581,0.017152203974335034,0.024742419110054304,0.013061509012701089,0.02980256253386715,0.8,-0.002742189557652885,0.000350286611140449,0.0008316344679357712,0.001546156209976779,0.004810235527708562,-0.004803840336848442,0.006986288406196417
3,120,5,1.0,0.01573456142248162,0.018444260487769704,0.01945330273142809,0.022964874075686037,0.025643964111515725,0.013928095378956229,0.027430024135402187,0.4,-0.00870500424126779,-0.007994951436931963,-0.002507198614198236,0.003120523627882399,0.007424986480675378,-0.009178372777491672,0.010294628382537363
4,15,5,1.0,0.0031938560863466136,0.003321176326471331,0.0038861822406153212,0.004481750809369522,0.005518326118201022,0.0031089759262634686,0.006209376324088689,0.0,-0.0006435752018391306,-0.0004131750360276687,-0.0003481169786854199,-0.00031625297046633527,-0.00020651567005396386,-0.0007971753123801051,-0.0001333574697790496
4,30,5,1.0,0.0052791493283693034,0.005386320845870207,0.006694270959074711,0.006871360268796645,0.008495260392183512,0.005207701650035368,0.009577860474441424,0.0,-0.0009212325068214788,-0.0008584995322153954,-0.0004599965405067685,-0.0001504249650876588,-0.0001350012986494953,-0.0009630544898922011,-0.00012471885435738628
4,45,5,1.0,0.007082708038872454,0.007536895830226431,0.008256594781376414,0.008913882593878819,0.011875759574701128,0.0067799161779698025,0.013850344228582667,0.6,-0.0009319190852276726,-0.00042852853113251044,4.7852104314571875e-06,6.565967529015282e-05,9.6925869976916e-05,-0.0012675127879577808,0.00011776999976809144
4,60,5,1.0,0.008536823160338835,0.008537610748977409,0.009308162467290826,0.010960073258302394,0.012015759034490347,0.008536298101246453,0.012719549551948983,0.6,-0.0018177796111656264,-7.177346302178478e-05,0.00010154597932277021,0.0005709905545563387,0.0006079954587096647,-0.0029817837099281874,0.0006326653948118821
4,90,5,1.0,0.009601170325714347,0.010109181539730727,0.01176949023426288,0.013905402255987687,0.017500227761138153,0.009262496183036761,0.019896778097905132,1.0,0.0006723974135751209,0.0008117741240230014,0.0008840608986397935,0.002480378841862807,0.002503400981366388,0.0005794796066098673,0.0025187490743687757
4,120,5,1.0,0.012498269664067817,0.014763425833323796,0.015183273237552974,0.01711990660296059,0.019060712261930846,0.0109881655512305,0.02035458270124435,0.8,-0.001299859002893111,0.0005182843300701734,0.0006579507786934613,0.0030359310058720723,0.0043452604695928265,-0.0025119545582019676,0.005218146778739996
5,15,5,1.0,0.002673903477960682,0.0029775094635136057,0.0030134226743914194,0.0034519292025361192,0.004026473798861252,0.002471499487592066,0.004409503529744674,0.0,-0.00051054357551652,-0.00024245544432721644,-0.00016648490386095283,-0.00013906204647362586,-5.933641281554712e-05,-0.000689268996309389,-6.185990376827988e-06
5,30,5,1.0,0.004270444129602513,0.004310941010962965,0.005211350846519025,0.005309497950935604,0.00645039373328804,0.004243446208695545,0.007210990921522997,0.0,-0.0011987277350071323,-0.0011797660957806322,-0.00026509822727693866,-0.00026411322798414183,-0.00010849525690841408,-0.0012113688278247992,-4.749942857928957e-06
5,45,5,1.0,0.0059701347761259346,0.006005168022960916,0.006018681135905757,0.007415723492920634,0.00911646733814706,0.005946779278235947,0.010250296568298012,0.4,-0.001157605212323709,-0.0009920108094234603,-0.0004515229182742164,0.00031208493461143405,0.00031226754004300974,-0.0012680014809238749,0.0003123892769973935
5,60,5,1.0,0.006474799763863714,0.006864714682304873,0.007688648240576024,0.008059873172053145,0.009192257863644882,0.006214856484902942,0.009947180991372706,0.2,-0.00204661933107646,-0.0013162805194233407,-0.0009939296981924528,-0.00019424777983156893,0.0005008101570699976,-0.00253351187217854,0.000964182115004375
5,90,5,1.0,0.008156345194005743,0.008405702143089,0.00989557254449469,0.010024688722901853,0.013688681159835304,0.007990107227950238,0.016131342784457603,0.6,-0.0014145213759229058,-0.0006786768561306555,0.0009629698974371603,0.0013487219355639013,0.001537306930611937,-0.0019050843891177394,0.0016630302606439606
5,120,5,1.0,0.01072203745652014,0.011433681050021294,0.011757807005174481,0.012724579513096357,0.015853642175810957,0.010247608394186036,0.017939683950954022,0.8,-0.001320613509998969,0.00044679077971432335,0.0008950756193630838,0.0009766327591302915,0.001265393185944097,-0.0024988830364744974,0.0014579001371533007
6,15,5,1.0,0.0022803875306953714,0.002535318150270971,0.0027254776385894353,0.003486725782020361,0.0036906052471802563,0.0021104337843116383,0.0038265248906201865,0.2,-0.0005096084174478488,-0.0004414165099957401,-0.0001267840456107283,-4.996919180699777e-05,7.107557709877811e-05,-0.0005550696890825879,0.00015177208970262868
6,30,5,1.0,0.0039286729898790895,0.004365956250466541,0.004469529902356939,0.005653129292229053,0.00626271897160251,0.003637150816154122,0.0066691120911848145,0.2,-0.0010861609039280128,-0.0009734731947339537,-0.0001679378841616952,-9.173841183707232e-05,0.0007463099408795861,-0.001161286043390719,0.0013050088426906914
6,45,5,1.0,0.004824837797780068,0.00515587963383779,0.005983489080222171,0.007458731146840147,0.007833964187971531,0.004604143240408254,0.008084119548725788,0.2,-0.001112097857978034,-0.0010697376257116087,-0.001022410732202994,-0.00010194031979815499,0.0006891974367510657,-0.0011403380128223173,0.0012166226077838793
6,60,5,1.0,0.006137826284907178,0.006642344565228608,0.006845477964806612,0.008574243696174655,0.008997059350275416,0.00580148076469289,0.009278936453009257,0.4,-0.0013732436399046754,-0.0007638331338408744,-0.00022686647299186014,0.0001301896641150435,0.0013724403848316415,-0.0017795173106138762,0.00220060753197604
6,90,5,1.0,0.007477396590079799,0.007902791800096898,0.00952336734922743,0.011309091148880235,0.012553109280674856,0.007193799783401733,0.013382454701871271,0.4,-0.0011854542308574966,-0.0010645818850809619,-0.0007959757177089521,0.001493999619547548,0.003751231922570764,-0.00126603579470852,0.005256053457919574
6,120,5,1.0,0.009072777371720431,0.00978587148919452,0.009954016771275276,0.013346982241370098,0.014220874122044069,0.008597381293404371,0.01480346870916005,0.6,-0.002496073911447505,-0.0024784021443748916,0.000104366911836129,0.0007867000884169695,0.0035251538804820463,-0.002507855089495914,0.0053507897418587635
7,15,5,1.0,0.002052437633863047,0.0022935681131647234,0.0027458420296435637,0.002907421845085967,0.0030574201201214457,0.0018916839809952624,0.0031574189701450983,0.4,-0.00041753639601624923,-0.0003763212265397442,-7.867230501412692e-05,5.350890202437952e-05,0.0001221465274970468,-0.0004450131756672526,0.00016790494447882498
7,30,5,1.0,0.003501745344370999,0.0038509931064278913,0.004439237075598346,0.004633384719779032,0.005170910842538445,0.0032689135029997374,0.005529261591044721,0.4,-0.0007330735046543246,-0.0006880097922175032,-3.240254410341592e-07,1.9909188062161576e-05,0.00010984869009145194,-0.0007631159796122056,0.00016980835811097883
7,45,5,1.0,0.004520263839745131,0.004589041868870769,0.005766214661899083,0.0061928567138774815,0.006567892209530158,0.004474411820328039,0.006817915873298608,0.4,-0.0010643766202788284,-0.0006920664339733484,-0.00018984536915500616,0.00021435385088297565,0.00022825183296302232,-0.0013125834111491486,0.0002375171543497201
7,60,5,1.0,0.005478441329786943,0.005835920690101193,0.0066767462154957435,0.007494342592320846,0.008052707463315923,0.005240121756244109,0.008424950710645973,0.6,-0.0009765224481837365,-0.0005274297915796033,3.2721095384324883e-06,0.0002986775896995919,0.0005740231487895376,-0.0012759175525864919,0.0007575868548495013
7,90,5,1.0,0.006737804214836407,0.00723340029314723,0.008990037583012755,0.010154193048114157,0.01063397659095311,0.006407406829295859,0.010953832286179077,0.6,-0.0010063066701710087,-0.0006093110061862195,0.0002239783642241644,0.0011442032821401549,0.0017152532074280026,-0.0012709704461608684,0.002095953157619901
7,120,5,1.0,0.008808055564083817,0.008999050524373553,0.01060898003403321,0.011405167427024132,0.011957903161223582,0.008680725590557326,0.012326393650689882,0.8,-0.0006819975591217276,2.2713389517980964e-05,0.0005404182535172497,0.0013300466368453279,0.001967392101764176,-0.0011518048582148666,0.0023922890783767414
8,15,5,1.0,0.0019195210396772745,0.002283415458971816,0.0024709633499166994,0.002718020026504675,0.0027779552977664325,0.00167692476014758,0.0028179121452742706,0.4,-0.00025817986554179664,-0.00025523857849441,-0.00021409603009647782,0.0001472665864817868,0.00018564304766586215,-0.0002601407235733877,0.00021122735512191237
8,30,5,1.0,0.003320401111627147,0.003971149513681604,0.004327600889886041,0.004501535598252504,0.004516316831036793,0.002886568843590842,0.004526170986226319,0.4,-0.00042874550269025315,-0.0004104812939980107,-0.0001429085527944185,0.0002690547451212888,0.00039464549981633735,-0.00044092164181841476,0.00047837266961303637
8,45,5,1.0,0.004358020865675849,0.004700127230234719,0.0053706517086205,0.006041853490447169,0.00604633075712564,0.004129949955969936,0.006049315601577954,0.6,-0.0004726357723471963,-0.00024148083333019876,4.593984207812429e-05,0.00019837688724611002,0.0003549446343834362,-0.0006267390650251947,0.0004593231324749869
8,60,5,1.0,0.0053408987597229896,0.006244453049290555,0.0062665450798291555,0.0068371014331303215,0.006959201278925154,0.004738529233344613,0.007040601176121708,0.4,-0.0009622924889937322,-0.0005306351136824539,-3.435830668485629e-05,2.9723349260990517e-05,0.00043233668742461714,-0.0012500640725345846,0.0007007455795337014
8,90,5,1.0,0.0064116447436147524,0.007304905512977911,0.00861164503521783,0.00962355736766285,0.009734980685350548,0.005816137564039314,0.009809262897142346,0.6,-7.711664434300048e-05,-5.1591207306356246e-05,0.001241075860014762,0.0013460301703545063,0.0019092181045770485,-9.413360236742996e-05,0.0022846767273920765
8,120,5,1.0,0.008436210644499731,0.008815001169871772,0.00930768759738032,0.01006110306806307,0.010728450493614239,0.008183683627585037,0.011173348777315018,0.8,-0.0005564903279863031,5.6304135071849615e-05,0.0002884163310366006,0.0009255562650142268,0.001275968528661542,-0.0009650199700250717,0.0015095767044264186
9,15,5,1.0,0.0017321204885341502,0.0020711866470886076,0.0022022753115764626,0.0022602154844126865,0.0022707388288374817,0.0015060763828311785,0.0022777543917873455,0.4,-0.0002607543120590972,-0.000254372325191321,-0.00018613570479719677,1.0029222519358783e-05,7.069112158837322e-05,-0.0002650089699709479,0.00011113238763438282
9,30,5,1.0,0.0029465184364023678,0.0035070614363763575,0.003667510952973352,0.0036804663493570366,0.0037805030263775795,0.0025728231030863746,0.003847194144391275,0.2,-0.0005457055562816393,-0.0004969480498420165,-0.0002553718053563969,-5.145475808054911e-05,0.00013872132693006913,-0.0005782105605747212,0.0002655053836038146
9,45,5,1.0,0.003812691441749827,0.004142807919589764,0.004340452310570786,0.004947919544185386,0.005143234363023197,0.003592613789856536,0.005273444242248404,0.4,-0.0005869903304059676,-0.00042503934781357167,-0.0002725749979962666,7.542361381518425e-05,0.00028763929224022715,-0.0006949576521342316,0.0004291164111902557
9,60,5,1.0,0.004680919372862702,0.005354649429554215,0.005672688844923446,0.005859737565863776,0.006010734905473459,0.004231766001735027,0.0061113997985465796,0.4,-0.0008305082386594442,-0.000429073321070339,-0.0003213351241078133,8.64025159003079e-05,0.00023660477988638465,-0.001098131517052181,0.0003367396225437691
9,90,5,1.0,0.005716151128672031,0.0065487908757173585,0.006842150861409602,0.007764885778993591,0.008154377004902425,0.005161057963975146,0.00841403782217498,0.6,-0.00036932021714322085,-0.00011652716752785786,0.0001666661573211936,0.000373425256969373,0.000981471370331688,-0.0005378489168867961,0.0013868354459065646
9,120,5,1.0,0.007622637247001985,0.00812453396739854,0.008307065587139562,0.008604574868412929,0.009550044202634412,0.007288039433404281,0.0101803570921154,0.8,-0.00030180010103380005,3.3808339549246114e-05,9.161807460045246e-05,0.0006372548418409618,0.0006946446174035614,-0.0005255390614224975,0.0007329044677786278
10,15,5,1.0,0.0015561116670037567,0.00183011446038428,0.0019107080299383128,0.001950316129628149,0.0021404500994605556,0.0013734431380834078,0.002267206079348827,0.4,-0.00021988166422435285,-0.00020367381217267777,-8.982217834074824e-05,4.092933426069756e-05,0.00013987698585540278,-0.00023068689892546956,0.00020584208691853956
10,30,5,1.0,0.0026275442837791372,0.003072047133492184,0.003137573191722476,0.0031579223948157154,0.003452888249417474,0.0023312090506371064,0.003649532152485313,0.2,-0.0003744977938288763,-0.0002594294158690946,-0.00025181412090291566,-0.0002236130371719991,8.885157524758384e-05,-0.00045121004580206403,0.00029716131686063907
10,45,5,1.0,0.0034316526245321112,0.003718267139816378,0.0038865350440269175,0.0041902023844049285,0.004471809131607785,0.0032405762810092664,0.004659546963076355,0.0,-0.00033795664623941234,-0.00024903721579372373,-0.00023590408957097075,-3.7260871580402366e-05,-1.8608544858444985e-05,-0.0003972362665365381,-6.173660377140067e-06
10,60,5,1.0,0.00408089697711862,0.004418631331816414,0.0047405957952662,0.005166400229383417,0.005341535280224208,0.003855740740653424,0.005458291980784735,0.0,-0.0007767891487261202,-0.0007634576094217582,-0.0004574088843936064,-0.00034030565801046464,-0.00021342079572872485,-0.000785676841595695,-0.00012883088754089833
10,90,5,1.0,0.005157766683110099,0.0058460692530519776,0.005902871157777545,0.006637472881137363,0.007073876929751121,0.004698898303148846,0.007364812962160294,0.6,-0.0006847186077240774,-0.0005017846146133653,0.00011086235283697121,0.0007051620298219596,0.000739734908124845,-0.0008066746031312189,0.0007627834936601019
10,120,5,1.0,0.0067457933476192,0.006986810528394116,0.007006274276455615,0.007528682712123702,0.008169872184640114,0.006585115227102589,0.00859733183298439,0.4,-0.0006871546883970403,-0.00040355765567212654,-0.00029429687150783757,0.0005335659927210301,0.0005632220634973262,-0.0008762193768803161,0.0005829927773481902
12,15,5,1.0,0.0012923304092311572,0.001481585258598539,0.00156856871947042,0.0016827973938149388,0.0018482861750772183,0.0011661605096529026,0.0019586120292520715,0.4,-0.0001724102408299899,-0.00015537247483621286,-0.00012424862411442028,1.645322167154184e-05,3.791003225304124e-05,-0.00018376875149250793,5.22145726407075e-05
12,30,5,1.0,0.0021386214050012954,0.0023964683729854608,0.0026006397139062276,0.0027368871925035343,0.002892313627629761,0.001966723426345185,0.0029959312510472458,0.2,-0.00027540083931425484,-0.0002644859524443266,-0.00020201361152194508,-0.00017688319453834644,-2.4257595900190027e-05,-0.0002826774305608737,7.74928031919142e-05
12,45,5,1.0,0.0028752260548965845,0.0030964133997994914,0.003209726089202114,0.003540175863357753,0.0038155342124614132,0.0027277678249613135,0.003999106445197187,0.4,-0.00031905922472446057,-0.00031593183709799355,-0.0002237129646791569,6.0873048655540885e-05,0.00020682987398479294,-0.00032114414980877193,0.00030413442420429426
12,60,5,1.0,0.0033951780827101265,0.003652700219764271,0.003992563025562168,0.004215860821658035,0.004410119485551878,0.003223496658007363,0.004539625261481106,0.2,-0.0004889240832846476,-0.00046332823420114355,-0.00045822246873239436,-0.0001591437337786772,-3.7124085374440325e-05,-0.0005059879826736502,4.422234689505089e-05
12,90,5,1.0,0.004199696908786787,0.004638939680551624,0.0052723588907637176,0.005550044237889296,0.005967761902719193,0.003906868394276897,0.006246240345939125,0.2,-0.00030080285657052563,-0.00026595336313617324,-0.00017528535686706093,-1.662111528388799e-05,0.00019514488617322637,-0.00032403585219342723,0.0003363222204779692
12,120,5,1.0,0.005580647398396499,0.005791441156963284,0.005892808176857889,0.006330625534130663,0.006597582182516382,0.005440118226018642,0.006775553281440194,0.6,-0.0002243134268937741,-0.00013528824942388162,0.00023857712299157896,0.0003985356979829824,0.0006183602951308487,-0.00028366354520703574,0.0007649100265627595
15,15,5,1.0,0.0010545290467032676,0.0012172444448723674,0.0012651167757364856,0.0012655597836683796,0.0014211622002682667,0.0009460521145905343,0.0015248971446681914,0.2,-0.00010829274162635905,-0.00010480072984542232,-5.531181348250591e-05,-2.154209902160975e-05,8.344203142574007e-06,-0.00011062074948031686,2.826840458536317e-05
15,30,5,1.0,0.0017478587883071662,0.0019694441800486295,0.0020112830776861657,0.0020227062862483436,0.0022599431368173217,0.0016001351938128572,0.0024181010371966405,0.2,-0.00017569736288720607,-0.0001313112756577972,-8.080461770321179e-05,-7.91815626663972e-05,3.0798437155477046e-05,-0.00020528808770681195,0.00010411843703672652
15,45,5,1.0,0.0023435834786998287,0.002546667120289281,0.0026810542095048184,0.002705986200699506,0.0030170270067880534,0.0022081943843068608,0.003224387544180418,0.4,-0.0001980535872414979,-0.00015087090349319432,-9.432390341346242e-05,4.807000070927714e-05,0.0001019404406517488,-0.00022950870974036697,0.00013785406728006322
15,60,5,1.0,0.0027870102947909815,0.003011823480805309,0.0032194667465326177,0.0032588841764291665,0.0035872285723169916,0.0026371348374480963,0.0038061248362422084,0.8,-8.509157901537279e-05,5.103999566580253e-05,0.00014560958483156305,0.0003037663126663759,0.00033371920073541614,-0.00017584596213615633,0.000353687792781443
15,90,5,1.0,0.003469339817856865,0.0038212739439413834,0.004101657053508179,0.004109028391322989,0.004690988286536912,0.003234717067133852,0.0050789615500128615,0.4,-0.00030324055267543225,-0.00027904719201465866,-2.4794776266157115e-05,2.206783310998439e-05,0.0002265937025522469,-0.00031936945978261466,0.00036294428218042185
15,120,5,1.0,0.004549144292209118,0.0048046759241338055,0.004870585226697033,0.005118111304846629,0.005723369087876051,0.004378789870925992,0.006126874276562333,0.8,-1.4000022076876556e-05,0.00015295941436144211,0.00031425526914230506,0.0008156904593890069,0.0009055530754060737,-0.00012530631303575568,0.0009654614860841182
20,15,5,1.0,0.0007958217393799316,0.0008494394523523852,0.0009778038501175867,0.0010040014297421074,0.001044750304805797,0.0007600765973982959,0.0010719162215149236,0.0,-7.977273873178703e-05,-4.7311132708838244e-05,-3.261010089383731e-05,-3.877097844551258e-06,-3.667416788166733e-06,-0.00010141380941375289,-3.527629417243716e-06
20,30,5,1.0,0.0012599554739329832,0.001338465703515812,0.0015345502399954913,0.0016143090080931177,0.001660349215014545,0.001207615320877764,0.0016910426862954964,0.0,-0.00017039417896422827,-0.0001700711047563086,-0.00010308784500123735,-7.391105049103786e-05,-5.628449942269853e-05,-0.00017060956176950803,-4.453346537713898e-05
20,45,5,1.0,0.0017022464335334942,0.0017674082789007617,0.0020061548732042134,0.002007721415112629,0.0020836050640203664,0.0016588052032886491,0.0021341941632921912,0.0,-0.0002616569189310969,-0.00018700681767991334,-0.00014166386199243597,-9.056571523125001e-05,-8.316942068389288e-05,-0.0003114236530985526,-7.823855765232146e-05
20,60,5,1.0,0.002022938648831829,0.002075279507445904,0.002497883464556594,0.00260737989822335,0.002609456877100369,0.0019880447430891124,0.0026108415296850485,0.4,-0.0004016557452960701,-0.00019193511011250664,-5.9121852370891403e-05,7.498096354563444e-05,0.00011598602506350808,-0.0005414695020851124,0.0001433227327420905
20,90,5,1.0,0.002554365408813908,0.002704504187734713,0.0031040589270168173,0.0031693778294210606,0.0031841176498415445,0.002454272889533371,0.003193944196788534,0.4,-0.0003853951282948298,-0.0002519427753244763,-0.00011032095294272182,3.329918633232509e-05,4.881955566298224e-05,-0.0004743633636083988,5.9166468550087004e-05
20,120,5,1.0,0.0031707561458619083,0.00329567485724902,0.003787789319828372,0.003908334269064229,0.003959352890210788,0.003087477004937167,0.003993365304308494,0.6,-0.0005996526492634934,-9.624814825270889e-05,0.00017080407559255661,0.00036893407926807953,0.00040782064644013795,-0.0009352556499373499,0.00043374502455484354
