date,price,index_name,year,month,day,month_key,quarter_key,week_key,return_factor,investment_signal,cash_inflow,cash_balance,contribution,invested_wealth,wealth,total_contribution,wealth_return,all_time_high,all_time_high_flag,segment_reference_high,drawdown_from_reference_high,threshold_hit
2004-05-01,236.92999267578125,STOXX Europe 600,2004,5,1,200405,20042,200418,1.0,False,1.0,1.0,0.0,0.0,1.0,0.0,0.0,236.92999267578125,True,236.92999267578125,0.0,False
2004-06-01,240.86000061035156,STOXX Europe 600,2004,6,1,200406,20042,200423,1.016587211649258,False,1.0,2.0,0.0,0.0,2.0,0.0,0.0,240.86000061035156,True,240.86000061035156,0.0,False
2004-07-01,236.39999389648438,STOXX Europe 600,2004,7,1,200407,20043,200427,0.9814829913536274,False,1.0,3.0,0.0,0.0,3.0,0.0,0.0,240.86000061035156,False,240.86000061035156,-0.018517008646372624,False
2004-08-01,233.6300048828125,STOXX Europe 600,2004,8,1,200408,20043,200431,0.9882826180829565,False,1.0,4.0,0.0,0.0,4.0,0.0,0.0,240.86000061035156,False,240.86000061035156,-0.030017419701145465,False
2004-09-01,237.74000549316406,STOXX Europe 600,2004,9,1,200409,20043,200436,1.0175919210908424,False,1.0,5.0,0.0,0.0,5.0,0.0,0.0,240.86000061035156,False,240.86000061035156,-0.012953562689036247,False
2004-10-01,240.3000030517578,STOXX Europe 600,2004,10,1,200410,20044,200440,1.0107680554363718,False,1.0,6.0,0.0,0.0,6.0,0.0,0.0,240.86000061035156,False,240.86000061035156,-0.002324991933798426,False
2004-11-01,246.50999450683594,STOXX Europe 600,2004,11,1,200411,20044,200445,1.0258426607416253,False,1.0,7.0,0.0,0.0,7.0,0.0,0.0,246.50999450683594,True,246.50999450683594,0.0,False
2004-12-01,251.02000427246094,STOXX Europe 600,2004,12,1,200412,20044,200449,1.0182954438607963,False,1.0,8.0,0.0,0.0,8.0,0.0,0.0,251.02000427246094,True,251.02000427246094,0.0,False
2005-01-01,256.8500061035156,STOXX Europe 600,2005,1,1,200501,20051,200453,1.0232252479158064,False,1.0,9.0,0.0,0.0,9.0,0.0,0.0,256.8500061035156,True,256.8500061035156,0.0,False
2005-02-01,264.2900085449219,STOXX Europe 600,2005,2,1,200502,20051,200505,1.02896633157333,False,1.0,10.0,0.0,0.0,10.0,0.0,0.0,264.2900085449219,True,264.2900085449219,0.0,False
2005-03-01,262.19000244140625,STOXX Europe 600,2005,3,1,200503,20051,200509,0.9920541600680349,False,1.0,11.0,0.0,0.0,11.0,0.0,0.0,264.2900085449219,False,264.2900085449219,-0.00794583993196507,False
2005-04-01,256.05999755859375,STOXX Europe 600,2005,4,1,200504,20052,200513,0.9766199899853831,False,1.0,12.0,0.0,0.0,12.0,0.0,0.0,264.2900085449219,False,264.2900085449219,-0.031140076129398064,False
2005-05-01,267.2900085449219,STOXX Europe 600,2005,5,1,200505,20052,200517,1.0438569518605043,False,1.0,13.0,0.0,0.0,13.0,0.0,0.0,267.2900085449219,True,267.2900085449219,0.0,False
2005-06-01,275.9200134277344,STOXX Europe 600,2005,6,1,200506,20052,200522,1.0322870463052198,False,1.0,14.0,0.0,0.0,14.0,0.0,0.0,275.9200134277344,True,275.9200134277344,0.0,False
2005-07-01,285.0299987792969,STOXX Europe 600,2005,7,1,200507,20053,200526,1.0330167617723334,False,1.0,15.0,0.0,0.0,15.0,0.0,0.0,285.0299987792969,True,285.0299987792969,0.0,False
2005-08-01,284.82000732421875,STOXX Europe 600,2005,8,1,200508,20053,200531,0.9992632654247712,False,1.0,16.0,0.0,0.0,16.0,0.0,0.0,285.0299987792969,False,285.0299987792969,-0.0007367345752288257,False
2005-09-01,297.3999938964844,STOXX Europe 600,2005,9,1,200509,20053,200535,1.0441681983314657,False,1.0,17.0,0.0,0.0,17.0,0.0,0.0,297.3999938964844,True,297.3999938964844,0.0,False
2005-10-01,290.2900085449219,STOXX Europe 600,2005,10,1,200510,20054,200539,0.976092853068325,False,1.0,18.0,0.0,0.0,18.0,0.0,0.0,297.3999938964844,False,297.3999938964844,-0.02390714693167495,False
2005-11-01,299.4700012207031,STOXX Europe 600,2005,11,1,200511,20054,200544,1.031623522703368,False,1.0,19.0,0.0,0.0,19.0,0.0,0.0,299.4700012207031,True,299.4700012207031,0.0,False
2005-12-01,310.0299987792969,STOXX Europe 600,2005,12,1,200512,20054,200548,1.0352622884280527,False,1.0,20.0,0.0,0.0,20.0,0.0,0.0,310.0299987792969,True,310.0299987792969,0.0,False
2006-01-01,321.0400085449219,STOXX Europe 600,2006,1,1,200601,20061,200552,1.0355127239588926,False,1.0,21.0,0.0,0.0,21.0,0.0,0.0,321.0400085449219,True,321.0400085449219,0.0,False
2006-02-01,327.8800048828125,STOXX Europe 600,2006,2,1,200602,20061,200605,1.02130574431795,False,1.0,22.0,0.0,0.0,22.0,0.0,0.0,327.8800048828125,True,327.8800048828125,0.0,False
2006-03-01,334.44000244140625,STOXX Europe 600,2006,3,1,200603,20061,200609,1.0200073120071422,False,1.0,23.0,0.0,0.0,23.0,0.0,0.0,334.44000244140625,True,334.44000244140625,0.0,False
2006-04-01,336.4800109863281,STOXX Europe 600,2006,4,1,200604,20062,200613,1.0060997743392832,False,1.0,24.0,0.0,0.0,24.0,0.0,0.0,336.4800109863281,True,336.4800109863281,0.0,False
2006-05-01,318.8599853515625,STOXX Europe 600,2006,5,1,200605,20062,200618,0.9476342574314717,True,1.0,25.0,25.0,25.0,25.0,25.0,0.0,336.4800109863281,False,336.4800109863281,-0.05236574256852833,True
2006-06-01,320.6600036621094,STOXX Europe 600,2006,6,1,200606,20062,200622,1.0056451683912682,False,1.0,1.0,0.0,25.141129209781706,26.141129209781706,25.0,0.005428046530065567,336.4800109863281,False,336.4800109863281,-0.04701618761199322,False
2006-07-01,326.0400085449219,STOXX Europe 600,2006,7,1,200607,20063,200626,1.0167779106261148,False,1.0,2.0,0.0,25.562944828703028,27.562944828703028,25.0,0.020849808470482456,336.4800109863281,False,336.4800109863281,-0.031027110379613143,False
2006-08-01,334.7300109863281,STOXX Europe 600,2006,8,1,200608,20063,200631,1.0266531781795392,False,1.0,3.0,0.0,26.244278552016176,29.244278552016176,25.0,0.044438519714863345,336.4800109863281,False,336.4800109863281,-0.005200903301418092,False
2006-09-01,341.42999267578125,STOXX Europe 600,2006,9,1,200609,20063,200635,1.0200160770458278,False,1.0,4.0,0.0,26.769586053525497,30.769586053525497,25.0,0.06102020874225844,341.42999267578125,True,341.42999267578125,0.0,False
2006-10-01,353.3399963378906,STOXX Europe 600,2006,10,1,200610,20064,200639,1.0348827107096563,False,1.0,5.0,0.0,27.703381779647877,32.70338177964788,25.0,0.09011272598826259,353.3399963378906,True,353.3399963378906,0.0,False
2006-11-01,351.7799987792969,STOXX Europe 600,2006,11,1,200611,20064,200644,0.9955849958262241,False,1.0,6.0,0.0,27.581071233463025,33.58107123346302,25.0,0.08326036236977497,353.3399963378906,False,353.3399963378906,-0.004415004173775938,False
2006-12-01,365.260009765625,STOXX Europe 600,2006,12,1,200612,20064,200648,1.0383194355367127,False,1.0,7.0,0.0,28.637962314627188,35.63796231462719,25.0,0.11368632233209963,365.260009765625,True,365.260009765625,0.0,False
2007-01-01,372.7200012207031,STOXX Europe 600,2007,1,1,200701,20071,200701,1.0204237837584929,False,1.0,8.0,0.0,29.222857864225002,37.222857864225006,25.0,0.12796538982500016,372.7200012207031,True,372.7200012207031,0.0,False
2007-02-01,365.0299987792969,STOXX Europe 600,2007,2,1,200702,20071,200705,0.9793678836225034,False,1.0,9.0,0.0,28.619928459887266,37.61992845988726,25.0,0.1064684841143313,372.7200012207031,False,372.7200012207031,-0.020632116377496623,False
2007-03-01,374.2200012207031,STOXX Europe 600,2007,3,1,200703,20071,200709,1.02517601970287,False,1.0,10.0,0.0,29.340464342688122,39.34046434268812,25.0,0.12401326693394643,374.2200012207031,True,374.2200012207031,0.0,False
2007-04-01,386.92999267578125,STOXX Europe 600,2007,4,1,200704,20072,200713,1.0339639554636797,False,1.0,11.0,0.0,30.336982566906865,41.33698256690687,25.0,0.14824951574741307,386.92999267578125,True,386.92999267578125,0.0,False
2007-05-01,396.739990234375,STOXX Europe 600,2007,5,1,200705,20072,200718,1.0253534172700172,False,1.0,12.0,0.0,31.10612874463889,43.106128744638895,25.0,0.16503050661186203,396.739990234375,True,396.739990234375,0.0,False
2007-06-01,393.7099914550781,STOXX Europe 600,2007,6,1,200706,20072,200722,0.9923627593540372,False,1.0,13.0,0.0,30.86856375385178,43.86856375385178,25.0,0.15443588825925736,396.739990234375,False,396.739990234375,-0.007637240645962828,False
2007-07-01,380.07000732421875,STOXX Europe 600,2007,7,1,200707,20073,200726,0.9653552502428283,False,1.0,14.0,0.0,29.799130087236286,43.799130087236286,25.0,0.12305461762144332,396.739990234375,False,396.739990234375,-0.04201740011211985,False
2007-08-01,375.94000244140625,STOXX Europe 600,2007,8,1,200708,20073,200731,0.9891335680184588,True,1.0,15.0,15.0,44.47531986703423,44.47531986703423,40.0,0.11188299667585566,396.739990234375,False,396.739990234375,-0.05242725287330152,True
2007-09-01,377.8599853515625,STOXX Europe 600,2007,9,1,200709,20073,200735,1.0051071524649882,False,1.0,1.0,0.0,44.702462106524294,45.702462106524294,40.0,0.1146941977201048,396.739990234375,False,396.739990234375,-0.047587854382057926,False
2007-10-01,388.42999267578125,STOXX Europe 600,2007,10,1,200710,20074,200740,1.027973343920988,False,1.0,2.0,0.0,45.952939453145035,47.952939453145035,40.0,0.14173665364631027,396.739990234375,False,396.739990234375,-0.020945701878161027,False
2007-11-01,370.3599853515625,STOXX Europe 600,2007,11,1,200711,20074,200744,0.9534793716629869,False,1.0,3.0,0.0,43.81517983585201,46.81517983585201,40.0,0.08872511246167458,396.739990234375,False,396.739990234375,-0.06649192300284235,False
2007-12-01,364.6400146484375,STOXX Europe 600,2007,12,1,200712,20074,200748,0.9845556460488156,False,1.0,4.0,0.0,43.13848269003231,47.13848269003231,40.0,0.07132915204618895,396.739990234375,False,396.739990234375,-0.08090935216027595,False
2008-01-01,322.1600036621094,STOXX Europe 600,2008,1,1,200801,20081,200801,0.8835015103120687,False,1.0,5.0,0.0,38.11291460921458,43.11291460921458,40.0,-0.04193523090634277,396.739990234375,False,396.739990234375,-0.1879820245199062,False
2008-02-01,318.95001220703125,STOXX Europe 600,2008,2,1,200802,20081,200805,0.9900360335901757,False,1.0,6.0,0.0,37.733158808267866,43.733158808267866,40.0,-0.04927915634200286,396.739990234375,False,396.739990234375,-0.19607294435176337,False
2008-03-01,305.9599914550781,STOXX Europe 600,2008,3,1,200803,20081,200809,0.9592725497576677,False,1.0,7.0,0.0,36.19638346041811,43.19638346041811,40.0,-0.08092801148046569,396.739990234375,False,396.739990234375,-0.2288148435091416,False
2008-04-01,323.0899963378906,STOXX Europe 600,2008,4,1,200804,20082,200814,1.055987728334499,False,1.0,8.0,0.0,38.22293674429135,46.22293674429135,40.0,-0.03702215116059682,396.739990234375,False,396.739990234375,-0.18563793847193344,False
2008-05-01,322.1199951171875,STOXX Europe 600,2008,5,1,200805,20082,200818,0.9969977367554003,False,1.0,9.0,0.0,38.10818142620331,47.10818142620331,40.0,-0.03860854232238142,396.739990234375,False,396.739990234375,-0.18808286775705563,False
2008-06-01,289.3900146484375,STOXX Europe 600,2008,6,1,200806,20082,200822,0.8983919627316435,False,1.0,10.0,0.0,34.236083907620355,44.236083907620355,40.0,-0.1152783218475929,396.739990234375,False,396.739990234375,-0.27058017398881384,False
2008-07-01,283.760009765625,STOXX Europe 600,2008,7,1,200807,20083,200827,0.980545269021628,False,1.0,11.0,0.0,33.57003010544463,44.57003010544463,40.0,-0.1260778410697131,396.739990234375,False,396.739990234375,-0.28477084047415246,False
2008-08-01,288.17999267578125,STOXX Europe 600,2008,8,1,200808,20083,200831,1.0155764827954685,False,1.0,12.0,0.0,34.092933101825444,46.092933101825444,40.0,-0.11359744034951069,396.739990234375,False,396.739990234375,-0.2736300857759806,False
2008-09-01,256.04998779296875,STOXX Europe 600,2008,9,1,200809,20083,200836,0.8885071632333597,False,1.0,13.0,0.0,30.291815276607636,43.291815276607636,40.0,-0.18317329666778048,396.739990234375,False,396.739990234375,-0.3546151280547578,False
2008-10-01,222.07000732421875,STOXX Europe 600,2008,10,1,200810,20084,200840,0.8672916145724452,False,1.0,14.0,0.0,26.271837379579296,40.271837379579296,40.0,-0.2542252337114945,396.739990234375,False,396.739990234375,-0.44026311238998006,False
2008-11-01,206.25,STOXX Europe 600,2008,11,1,200811,20084,200844,0.9287611707909669,False,1.0,15.0,0.0,24.400262443487954,39.400262443487954,40.0,-0.2836315919365827,396.739990234375,False,396.739990234375,-0.4801381129284261,False
2008-12-01,196.89999389648438,STOXX Europe 600,2008,12,1,200812,20084,200849,0.9546666370738637,False,1.0,16.0,0.0,23.294116490644342,39.29411649064434,40.0,-0.298319348381351,396.739990234375,False,396.739990234375,-0.5037052005265079,False
2009-01-01,191.22999572753906,STOXX Europe 600,2009,1,1,200901,20091,200901,0.9712036650853012,False,1.0,17.0,0.0,22.62333131063774,39.62333131063774,40.0,-0.30485383665547827,396.739990234375,False,396.739990234375,-0.5179966717885698,False
2009-02-01,172.9199981689453,STOXX Europe 600,2009,2,1,200902,20091,200905,0.9042514356132628,False,1.0,18.0,0.0,20.457179815998654,38.45717981599866,40.0,-0.33694517558623005,396.739990234375,False,396.739990234375,-0.5641477984944435,False
2009-03-01,176.4600067138672,STOXX Europe 600,2009,3,1,200903,20091,200909,1.020471944149937,False,1.0,19.0,0.0,20.875978058656997,39.875978058657,40.0,-0.32413596510750853,396.739990234375,False,396.739990234375,-0.5552250565675947,False
2009-04-01,200.22999572753906,STOXX Europe 600,2009,4,1,200904,20092,200914,1.1347046815668285,False,1.0,20.0,0.0,23.688070035444483,43.68807003544448,40.0,-0.27186549940925864,396.739990234375,False,396.739990234375,-0.4953117894436284,False
2009-05-01,208.2100067138672,STOXX Europe 600,2009,5,1,200905,20092,200918,1.0398542234260788,False,1.0,21.0,0.0,24.63213967116969,45.63213967116969,40.0,-0.2519321365382018,396.739990234375,False,396.739990234375,-0.4751978327396069,False
2009-06-01,205.8300018310547,STOXX Europe 600,2009,6,1,200906,20092,200923,0.9885692099031377,False,1.0,22.0,0.0,24.350574852951954,46.35057485295195,40.0,-0.25241008301690404,396.739990234375,False,396.739990234375,-0.48119673615593883,False
2009-07-01,224.91000366210938,STOXX Europe 600,2009,7,1,200907,20093,200927,1.0926978655265016,False,1.0,23.0,0.0,26.607821166163905,49.6078211661639,40.0,-0.2125742672037476,396.739990234375,False,396.739990234375,-0.43310478096941196,False
2009-08-01,235.6199951171875,STOXX Europe 600,2009,8,1,200908,20093,200931,1.0476190088510609,False,1.0,24.0,0.0,27.87485923778291,51.874859237782914,40.0,-0.18945532440964197,396.739990234375,False,396.739990234375,-0.40610979251677026,False
2009-09-01,242.47000122070312,STOXX Europe 600,2009,9,1,200909,20093,200936,1.0290722614611238,False,1.0,25.0,0.0,28.685244433735754,53.685244433735754,40.0,-0.1740731625579115,396.739990234375,False,396.739990234375,-0.38884406112561665,False
2009-10-01,236.92999267578125,STOXX Europe 600,2009,10,1,200910,20094,200940,0.9771517774692499,False,1.0,26.0,0.0,28.0298375855648,54.0298375855648,40.0,-0.18136609718841212,396.739990234375,False,396.739990234375,-0.40280788801800804,False
2009-11-01,239.1699981689453,STOXX Europe 600,2009,11,1,200911,20094,200944,1.0094542926704486,False,1.0,27.0,0.0,28.294839873603866,55.29483987360386,40.0,-0.17470388248352442,396.739990234375,False,396.739990234375,-0.3971618590108471,False
2009-12-01,253.16000366210938,STOXX Europe 600,2009,12,1,200912,20094,200949,1.0584939816877943,False,1.0,28.0,0.0,29.94991771902952,57.94991771902952,40.0,-0.14779532766133052,396.739990234375,False,396.739990234375,-0.3618994558311237,False
2010-01-01,246.9600067138672,STOXX Europe 600,2010,1,1,201001,20101,200953,0.975509571580994,False,1.0,29.0,0.0,29.21643140297651,58.21643140297651,40.0,-0.15628360285541287,396.739990234375,False,396.739990234375,-0.37752681153222034,False
2010-02-01,245.8000030517578,STOXX Europe 600,2010,2,1,201002,20101,201005,0.9953028683569264,False,1.0,30.0,0.0,29.079197978535902,59.0791979785359,40.0,-0.15601145744948708,396.739990234375,False,396.739990234375,-0.38045065004273726,False
2010-03-01,263.57000732421875,STOXX Europe 600,2010,3,1,201003,20101,201009,1.0722945648976219,False,1.0,31.0,0.0,31.181465943965957,62.18146594396596,40.0,-0.12420470501456393,396.739990234375,False,396.739990234375,-0.3356605993549725,False
2010-04-01,259.9100036621094,STOXX Europe 600,2010,4,1,201004,20102,201013,0.9861137323655829,False,1.0,32.0,0.0,30.748471762634587,62.74847176263459,40.0,-0.12849344774118632,396.739990234375,False,396.739990234375,-0.3448857940724176,False
2010-05-01,244.97000122070312,STOXX Europe 600,2010,5,1,201005,20102,201017,0.9425185555349817,False,1.0,33.0,0.0,28.98100519062652,61.98100519062652,40.0,-0.15094513437497925,396.739990234375,False,396.739990234375,-0.38254270491868847,False
2010-06-01,243.32000732421875,STOXX Europe 600,2010,6,1,201006,20102,201022,0.9932645063139881,False,1.0,34.0,0.0,28.785803813150775,62.78580381315078,40.0,-0.15154319171417863,396.739990234375,False,396.739990234375,-0.3867015846310907,False
2010-07-01,255.35000610351562,STOXX Europe 600,2010,7,1,201007,20103,201026,1.0494410587587528,False,1.0,35.0,0.0,30.20900443089469,65.2090044308947,40.0,-0.1305466075880708,396.739990234375,False,396.739990234375,-0.3563794616401864,False
2010-08-01,251.30999755859375,STOXX Europe 600,2010,8,1,201008,20103,201030,0.9841785453363799,False,1.0,36.0,0.0,29.731054036858193,65.7310540368582,40.0,-0.13511771004133954,396.739990234375,False,396.739990234375,-0.36656247480842097,False
2010-09-01,259.7200012207031,STOXX Europe 600,2010,9,1,201009,20103,201035,1.0334646601560233,False,1.0,37.0,0.0,30.72599365628202,67.72599365628201,40.0,-0.1204416408275063,396.739990234375,False,396.739990234375,-0.3453647032978123,False
2010-10-01,265.9599914550781,STOXX Europe 600,2010,10,1,201010,20104,201039,1.024025836304661,False,1.0,38.0,0.0,31.464211350165904,69.4642113501659,40.0,-0.10943318781838596,396.739990234375,False,396.739990234375,-0.32963654281999233,False
2010-11-01,261.8299865722656,STOXX Europe 600,2010,11,1,201011,20104,201044,0.9844713302169358,False,1.0,39.0,0.0,30.975614002124637,69.97561400212464,40.0,-0.11423273415032098,396.739990234375,False,396.739990234375,-0.340046395581174,False
2010-12-01,275.80999755859375,STOXX Europe 600,2010,12,1,201012,20104,201048,1.053393467911551,False,1.0,40.0,0.0,32.62950945438767,72.62950945438767,40.0,-0.09213113182015409,396.739990234375,False,396.739990234375,-0.3048091839805249,False
2011-01-01,280.04998779296875,STOXX Europe 600,2011,1,1,201101,20111,201052,1.015372866364187,False,1.0,41.0,0.0,33.131118542758955,74.13111854275895,40.0,-0.08480100564495119,396.739990234375,False,396.739990234375,-0.2941221084682474,False
2011-02-01,286.4700012207031,STOXX Europe 600,2011,2,1,201102,20111,201105,1.0229245267187101,False,1.0,42.0,0.0,33.890633755013184,75.89063375501318,40.0,-0.07450446640227826,396.739990234375,False,396.739990234375,-0.2779401918836809,False
2011-03-01,275.8999938964844,STOXX Europe 600,2011,3,1,201103,20111,201109,0.9631025682299091,False,1.0,43.0,0.0,32.64015640839244,75.64015640839244,40.0,-0.08867281435671759,396.739990234375,False,396.739990234375,-0.3045823443875777,False
2011-04-01,283.7799987792969,STOXX Europe 600,2011,4,1,201104,20112,201113,1.0285610911820788,False,1.0,44.0,0.0,33.572394891769854,77.57239489176985,40.0,-0.07651910843131138,396.739990234375,False,396.739990234375,-0.2847204573160038,False
2011-05-01,279.04998779296875,STOXX Europe 600,2011,5,1,201105,20112,201117,0.983332119928555,False,1.0,45.0,0.0,33.01281424000264,78.01281424000264,40.0,-0.08220218541173363,396.739990234375,False,396.739990234375,-0.2966426509510186,False
2011-06-01,272.8599853515625,STOXX Europe 600,2011,6,1,201106,20112,201122,0.9778175856936475,False,1.0,46.0,0.0,32.280510317112245,78.28051031711225,40.0,-0.08976150794055526,396.739990234375,False,396.739990234375,-0.3122448150730409,False
2011-07-01,265.25,STOXX Europe 600,2011,7,1,201107,20113,201126,0.9721102918709112,False,1.0,47.0,0.0,31.380216306109947,78.38021630610994,40.0,-0.09907797349298919,396.739990234375,False,396.739990234375,-0.3314261064449213,False
2011-08-01,237.42999267578125,STOXX Europe 600,2011,8,1,201108,20113,201131,0.8951177857710886,False,1.0,48.0,0.0,28.088989736942946,76.08898973694295,40.0,-0.13535238935292104,396.739990234375,False,396.739990234375,-0.40154761677662243,False
2011-09-01,226.17999267578125,STOXX Europe 600,2011,9,1,201109,20113,201135,0.9526176121507856,False,1.0,49.0,0.0,26.75806633093451,75.75806633093451,40.0,-0.1487857715625336,396.739990234375,False,396.739990234375,-0.42990371970779917,False
2011-10-01,243.47999572753906,STOXX Europe 600,2011,10,1,201110,20114,201139,1.0764877690864398,False,1.0,50.0,0.0,28.80473112965467,78.80473112965467,40.0,-0.1243918763371703,396.739990234375,False,396.739990234375,-0.3862983270637711,False
2011-11-01,240.0800018310547,STOXX Europe 600,2011,11,1,201111,20114,201144,0.9860358388526954,False,1.0,51.0,0.0,28.40249722235539,79.4024972223554,40.0,-0.1274450854686221,396.739990234375,False,396.739990234375,-0.394868156121023,False
2011-12-01,244.5399932861328,STOXX Europe 600,2011,12,1,201112,20114,201148,1.0185771052193537,False,1.0,52.0,0.0,28.930133401747486,80.93013340174748,40.0,-0.12032463693752737,396.739990234375,False,396.739990234375,-0.3836265581857017,False
2012-01-01,254.41000366210938,STOXX Europe 600,2012,1,1,201201,20121,201152,1.0403615385906542,False,1.0,53.0,0.0,30.097798097474893,83.0977980974749,40.0,-0.10647528927446348,396.739990234375,False,396.739990234375,-0.35874877772765956,False
2012-02-01,264.32000732421875,STOXX Europe 600,2012,2,1,201202,20121,201205,1.0389528851832068,False,1.0,54.0,0.0,31.270194171033175,85.27019417103318,40.0,-0.09287027477624277,396.739990234375,False,396.739990234375,-0.3337701924928941,False
2012-03-01,263.32000732421875,STOXX Europe 600,2012,3,1,201203,20121,201209,0.9962167071266256,False,1.0,55.0,0.0,31.15188986827687,86.15188986827687,40.0,-0.09313800138655925,396.739990234375,False,396.739990234375,-0.3362907349756653,False
2012-04-01,257.2799987792969,STOXX Europe 600,2012,4,1,201204,20122,201213,0.9770620979153894,False,1.0,56.0,0.0,30.437330868727766,86.43733086872777,40.0,-0.09961113678408573,396.739990234375,False,396.739990234375,-0.3515148331094424,False
2012-05-01,239.72999572753906,STOXX Europe 600,2012,5,1,201205,20122,201218,0.9317863684117443,False,1.0,57.0,0.0,28.36108999431853,85.36108999431853,40.0,-0.1199887629451698,396.739990234375,False,396.739990234375,-0.3957503613741633,False
2012-06-01,251.1699981689453,STOXX Europe 600,2012,6,1,201206,20122,201222,1.0477203630971912,False,1.0,58.0,0.0,29.714491506679526,87.71449150667952,40.0,-0.10495416829918858,396.739990234375,False,396.739990234375,-0.36691534921759184,False
2012-07-01,261.3800048828125,STOXX Europe 600,2012,7,1,201207,20123,201226,1.040649786153996,False,1.0,59.0,0.0,30.922379232100777,89.92237923210078,40.0,-0.09169313906968912,396.739990234375,False,396.739990234375,-0.3411805935459098,False
2012-08-01,266.2300109863281,STOXX Europe 600,2012,8,1,201208,20123,201231,1.018555383016731,False,1.0,60.0,0.0,31.496155822541017,91.49615582254101,40.0,-0.08503844177458986,396.739990234375,False,396.739990234375,-0.32895594712029863,False
2012-09-01,268.4800109863281,STOXX Europe 600,2012,9,1,201209,20123,201235,1.008451338718968,False,1.0,61.0,0.0,31.762340503742706,92.7623405037427,40.0,-0.08156098511145837,396.739990234375,False,396.739990234375,-0.32328472653406337,False
2012-10-01,270.29998779296875,STOXX Europe 600,2012,10,1,201210,20124,201240,1.006778816791442,False,1.0,62.0,0.0,31.977651590884978,93.97765159088497,40.0,-0.07865047459916696,396.739990234375,False,396.739990234375,-0.3186973976752673,False
2012-11-01,275.7799987792969,STOXX Europe 600,2012,11,1,201211,20124,201244,1.0202738114458423,False,1.0,63.0,0.0,32.62596046971942,95.62596046971942,40.0,-0.07159261679884066,396.739990234375,False,396.739990234375,-0.30488479717817396,False
2012-12-01,279.67999267578125,STOXX Europe 600,2012,12,1,201212,20124,201248,1.0141416850886473,False,1.0,64.0,0.0,33.08734652839685,97.08734652839685,40.0,-0.06646782184233802,396.739990234375,False,396.739990234375,-0.29505469687953645,False
2013-01-01,287.2200012207031,STOXX Europe 600,2013,1,1,201301,20131,201301,1.0269594134095341,False,1.0,65.0,0.0,33.97936198208041,98.9793619820804,40.0,-0.057339409694472376,396.739990234375,False,396.739990234375,-0.2760497850216025,False
2013-02-01,289.94000244140625,STOXX Europe 600,2013,2,1,201302,20131,201305,1.0094700968217496,False,1.0,66.0,0.0,34.30114982999199,100.301149829992,40.0,-0.05376273745290572,396.739990234375,False,396.739990234375,-0.26919390639163054,False
2013-03-01,293.7799987792969,STOXX Europe 600,2013,3,1,201303,20131,201309,1.0132441067308973,False,1.0,67.0,0.0,34.755437919332905,101.7554379193329,40.0,-0.04901459888473925,396.739990234375,False,396.739990234375,-0.2595150324882911,False
2013-04-01,296.7200012207031,STOXX Europe 600,2013,4,1,201304,20132,201314,1.0100074969488135,False,1.0,68.0,0.0,35.10325285826531,103.10325285826531,40.0,-0.045340251312358304,396.739990234375,False,396.739990234375,-0.2521046314352754,False
2013-05-01,300.8800048828125,STOXX Europe 600,2013,5,1,201305,20132,201318,1.0140199637536909,False,1.0,69.0,0.0,35.59539919097483,104.59539919097483,40.0,-0.04040918173417585,396.739990234375,False,396.739990234375,-0.24161916547644469,False
2013-06-01,285.0199890136719,STOXX Europe 600,2013,6,1,201306,20132,201322,0.9472879034440397,False,1.0,70.0,0.0,33.719091071872214,103.71909107187221,40.0,-0.057099172073888926,396.739990234375,False,396.739990234375,-0.28159500925204006,False
2013-07-01,299.5799865722656,STOXX Europe 600,2013,7,1,201307,20133,201327,1.0510841278500482,False,1.0,71.0,0.0,35.44160143117515,106.44160143117514,40.0,-0.04106665377319685,396.739990234375,False,396.739990234375,-0.24489591685655865,False
2013-08-01,297.32000732421875,STOXX Europe 600,2013,8,1,201308,20133,201331,0.9924561741459932,False,1.0,72.0,0.0,35.17423616199125,107.17423616199125,40.0,-0.04308717712507815,396.739990234375,False,396.739990234375,-0.2505922905614423,False
2013-09-01,310.4599914550781,STOXX Europe 600,2013,9,1,201309,20133,201335,1.0441947524793735,False,1.0,73.0,0.0,36.728752822821484,109.72875282282149,40.0,-0.02894909006352664,396.739990234375,False,396.739990234375,-0.21747240233667087,False
2013-10-01,322.3699951171875,STOXX Europe 600,2013,10,1,201310,20134,201340,1.0383624427942841,False,1.0,74.0,0.0,38.13775750189238,112.13775750189238,40.0,-0.016335460509715904,396.739990234375,False,396.739990234375,-0.18745273213636282,False
2013-11-01,325.1600036621094,STOXX Europe 600,2013,11,1,201311,20134,201344,1.008654678125077,False,1.0,75.0,0.0,38.46782751748349,113.4678275174835,40.0,-0.013323238978404373,396.739990234375,False,396.739990234375,-0.1804203970715924,False
2013-12-01,328.260009765625,STOXX Europe 600,2013,12,1,201312,20134,201348,1.0095337866545757,False,1.0,76.0,0.0,38.834571578100196,114.8345715781002,40.0,-0.010046796740515562,396.739990234375,False,396.739990234375,-0.172606699990831,False
2014-01-01,322.5199890136719,STOXX Europe 600,2014,1,1,201401,20141,201401,0.9825137982660408,False,1.0,77.0,0.0,38.15550242523366,115.15550242523366,40.0,-0.01576493653646438,396.739990234375,False,396.739990234375,-0.18707466614811752,False
2014-02-01,338.0199890136719,STOXX Europe 600,2014,2,1,201402,20141,201405,1.0480590367356826,False,1.0,78.0,0.0,39.98921911795639,117.9892191179564,40.0,-9.13634071492142e-05,396.739990234375,False,396.739990234375,-0.14800625766516295,False
2014-03-01,334.30999755859375,STOXX Europe 600,2014,3,1,201403,20141,201409,0.9890243430102944,False,1.0,79.0,0.0,39.55031116563152,118.55031116563151,40.0,-0.0037788977678023805,396.739990234375,False,396.739990234375,-0.15735744873840574,False
2014-04-01,337.8900146484375,STOXX Europe 600,2014,4,1,201404,20142,201414,1.0107086749304177,False,1.0,80.0,0.0,39.97384259130114,119.97384259130115,40.0,-0.00021797840582371553,396.739990234375,False,396.739990234375,-0.14833386357440737,False
2014-05-01,344.239990234375,STOXX Europe 600,2014,5,1,201405,20142,201418,1.0187930252764186,False,1.0,81.0,0.0,40.72507202551504,121.72507202551503,40.0,0.005992330789380329,396.739990234375,False,396.739990234375,-0.1323284803454915,False
2014-06-01,341.8599853515625,STOXX Europe 600,2014,6,1,201406,20142,201422,0.9930862045365733,False,1.0,82.0,0.0,40.44350720729731,122.4435072072973,40.0,0.0036353049778468094,396.739990234375,False,396.739990234375,-0.13832738376182352,False
2014-07-01,335.989990234375,STOXX Europe 600,2014,7,1,201407,20143,201427,0.9828292418864089,False,1.0,83.0,0.0,39.74906152777553,122.74906152777552,40.0,-0.002040150180686817,396.739990234375,False,396.739990234375,-0.15312295582835456,False
2014-08-01,342.0,STOXX Europe 600,2014,8,1,201408,20143,201431,1.0178874667112334,False,1.0,84.0,0.0,40.46007154265638,124.46007154265638,40.0,0.0037102543762610463,396.739990234375,False,396.739990234375,-0.13797447089222648,False
2014-09-01,343.0799865722656,STOXX Europe 600,2014,9,1,201409,20143,201436,1.003157855474461,False,1.0,85.0,0.0,40.58783860107444,125.58783860107444,40.0,0.004702708808595579,396.739990234375,False,396.739990234375,-0.13525231885600852,False
2014-10-01,336.79998779296875,STOXX Europe 600,2014,10,1,201410,20144,201440,0.9816952342745471,False,1.0,86.0,0.0,39.84488772417928,125.84488772417927,40.0,-0.001231049808100959,396.739990234375,False,396.739990234375,-0.15108132257097795,False
2014-11-01,347.25,STOXX Europe 600,2014,11,1,201411,20144,201444,1.031027353283204,False,1.0,87.0,0.0,41.08116913212699,128.081169132127,40.0,0.00851314277265347,396.739990234375,False,396.739990234375,-0.12474162285767731,False
2014-12-01,342.5400085449219,STOXX Europe 600,2014,12,1,201412,20144,201449,0.9864363097045986,False,1.0,88.0,0.0,40.52395687704581,128.5239568770458,40.0,0.004093413101920351,396.739990234375,False,396.739990234375,-0.13661335641369143,False
2015-01-01,367.04998779296875,STOXX Europe 600,2015,1,1,201501,20151,201501,1.071553624793095,False,1.0,89.0,0.0,43.42359288255751,132.4235928825575,40.0,0.026539479709748015,396.739990234375,False,396.739990234375,-0.07483491246714713,False
2015-02-01,392.2099914550781,STOXX Europe 600,2015,2,1,201502,20151,201505,1.068546531804547,False,1.0,90.0,0.0,46.40012957314944,136.40012957314946,40.0,0.04923176594730361,396.739990234375,False,396.739990234375,-0.011418054370119779,False
2015-03-01,397.29998779296875,STOXX Europe 600,2015,3,1,201503,20151,201509,1.0129777324616516,False,1.0,91.0,0.0,47.00229804093574,138.00229804093573,40.0,0.05345265680103606,397.29998779296875,True,397.29998779296875,0.0,False
2015-04-01,395.7900085449219,STOXX Europe 600,2015,4,1,201504,20152,201514,0.9961993976983615,False,1.0,92.0,0.0,46.823660998819065,138.82366099881907,40.0,0.05169440150620508,397.29998779296875,False,397.29998779296875,-0.0038006023016384782,False
2015-05-01,399.8699951171875,STOXX Europe 600,2015,5,1,201505,20152,201518,1.010308462781224,False,1.0,93.0,0.0,47.30634096550604,140.30634096550602,40.0,0.054934894477489005,399.8699951171875,True,399.8699951171875,0.0,False
2015-06-01,381.30999755859375,STOXX Europe 600,2015,6,1,201506,20152,201523,0.9535849206361321,False,1.0,94.0,0.0,45.110613395177886,139.1106133951779,40.0,0.03813890593416347,399.8699951171875,False,399.8699951171875,-0.046415079363867906,False
2015-07-01,396.3699951171875,STOXX Europe 600,2015,7,1,201507,20153,201527,1.0394954175212245,False,1.0,95.0,0.0,46.89227590585898,141.89227590585898,40.0,0.05105389559895546,399.8699951171875,False,399.8699951171875,-0.00875284478140026,False
2015-08-01,362.7900085449219,STOXX Europe 600,2015,8,1,201508,20153,201531,0.9152812095114877,True,1.0,96.0,96.0,138.919619007861,138.919619007861,136.0,0.021467786822507273,399.8699951171875,False,399.8699951171875,-0.09273010484669852,True
2015-09-01,347.7699890136719,STOXX Europe 600,2015,9,1,201509,20153,201536,0.9585985854696156,False,1.0,1.0,0.0,133.16815027491347,134.16815027491347,136.0,-0.02067043594953666,399.8699951171875,False,399.8699951171875,-0.13029236186687876,False
2015-10-01,375.4700012207031,STOXX Europe 600,2015,10,1,201510,20154,201540,1.0796503812350016,False,1.0,2.0,0.0,143.7750442126703,145.7750442126703,136.0,0.056340900091813806,399.8699951171875,False,399.8699951171875,-0.06101981692658287,False
2015-11-01,385.42999267578125,STOXX Europe 600,2015,11,1,201511,20154,201544,1.0265267302918926,False,1.0,3.0,0.0,147.58892603320476,150.58892603320476,136.0,0.08337356858420697,399.8699951171875,False,399.8699951171875,-0.036111742860762575,False
2015-12-01,365.80999755859375,STOXX Europe 600,2015,12,1,201512,20154,201549,0.9490958267648579,False,1.0,4.0,0.0,140.07603377482192,144.07603377482192,136.0,0.029114526963013754,399.8699951171875,False,399.8699951171875,-0.08517767768149742,False
2016-01-01,342.2699890136719,STOXX Europe 600,2016,1,1,201601,20161,201553,0.935649630403687,False,1.0,5.0,0.0,131.0620892298265,136.0620892298265,136.0,-0.035020643760095616,399.8699951171875,False,399.8699951171875,-0.14404683223765047,False
2016-02-01,333.9200134277344,STOXX Europe 600,2016,2,1,201602,20161,201605,0.9756041258247624,False,1.0,6.0,0.0,127.8647149918319,133.8647149918319,136.0,-0.05729073949414154,399.8699951171875,False,399.8699951171875,-0.16492855801827677,False
2016-03-01,337.5400085449219,STOXX Europe 600,2016,3,1,201603,20161,201609,1.0108409049221931,False,1.0,7.0,0.0,129.25088420996167,136.25088420996167,136.0,-0.04719661391635199,399.8699951171875,False,399.8699951171875,-0.1558756279125143,False
2016-04-01,341.4800109863281,STOXX Europe 600,2016,4,1,201604,20162,201613,1.0116726975815131,False,1.0,8.0,0.0,130.75959069348772,138.75959069348772,136.0,-0.036391731295224106,399.8699951171875,False,399.8699951171875,-0.1460224193959524,False
2016-05-01,347.45001220703125,STOXX Europe 600,2016,5,1,201605,20162,201617,1.017482725280052,False,1.0,9.0,0.0,133.04562469531402,142.04562469531402,136.0,-0.020375002101282624,399.8699951171875,False,399.8699951171875,-0.13109256395892832,False
2016-06-01,329.8800048828125,STOXX Europe 600,2016,6,1,201606,20162,201622,0.9494315535848953,False,1.0,10.0,0.0,126.3177141521449,136.3177141521449,136.0,-0.06631702635517189,399.8699951171875,False,399.8699951171875,-0.1750318630780573,False
2016-07-01,341.8900146484375,STOXX Europe 600,2016,7,1,201607,20163,201626,1.0364072074325676,False,1.0,11.0,0.0,130.91658937368985,141.91658937368985,136.0,-0.03458102466877655,399.8699951171875,False,399.8699951171875,-0.14499707699188125,False
2016-08-01,343.5299987792969,STOXX Europe 600,2016,8,1,201608,20163,201631,1.0047968178671312,False,1.0,12.0,0.0,131.5445724087014,143.5445724087014,136.0,-0.030104240481747202,399.8699951171875,False,399.8699951171875,-0.1408957836943464,False
2016-09-01,342.9200134277344,STOXX Europe 600,2016,9,1,201609,20163,201635,0.9982243607436613,False,1.0,13.0,0.0,131.31099670197423,144.31099670197423,136.0,-0.03146982079211924,399.8699951171875,False,399.8699951171875,-0.1424212428661049,False
2016-10-01,338.9700012207031,STOXX Europe 600,2016,10,1,201610,20164,201639,0.988481243286013,False,1.0,14.0,0.0,129.79845727709304,143.79845727709304,136.0,-0.041343618152713146,399.8699951171875,False,399.8699951171875,-0.1522994839326136,False
2016-11-01,341.989990234375,STOXX Europe 600,2016,11,1,201611,20164,201644,1.0089093105667057,False,1.0,15.0,0.0,130.95487204405393,145.95487204405393,136.0,-0.03341144341686142,399.8699951171875,False,399.8699951171875,-0.1447470567674125,False
2016-12-01,361.4200134277344,STOXX Europe 600,2016,12,1,201612,20164,201648,1.0568145961817288,False,1.0,16.0,0.0,138.39502021726682,154.39502021726682,136.0,0.015756711955702718,399.8699951171875,False,399.8699951171875,-0.09615620616441811,False
2017-01-01,360.1199951171875,STOXX Europe 600,2017,1,1,201701,20171,201652,0.9964030262236521,False,1.0,17.0,0.0,137.89721695876818,154.89721695876818,136.0,0.01240011084162207,399.8699951171875,False,399.8699951171875,-0.09940730858875946,False
2017-02-01,370.239990234375,STOXX Europe 600,2017,2,1,201702,20171,201705,1.0281017306853355,False,1.0,18.0,0.0,141.77236741200076,159.77236741200076,136.0,0.037482905272732125,399.8699951171875,False,399.8699951171875,-0.07409909531753944,False
2017-03-01,381.1400146484375,STOXX Europe 600,2017,3,1,201703,20171,201709,1.0294404297254935,False,1.0,19.0,0.0,145.9462068318106,164.9462068318106,136.0,0.06416907633426194,399.8699951171875,False,399.8699951171875,-0.04684017480046465,False
2017-04-01,387.0899963378906,STOXX Europe 600,2017,4,1,201704,20172,201713,1.015611012910679,False,1.0,20.0,0.0,148.22457495092664,168.22457495092664,136.0,0.07836265994183744,399.8699951171875,False,399.8699951171875,-0.03196038446333416,False
2017-05-01,389.989990234375,STOXX Europe 600,2017,5,1,201705,20172,201718,1.0074917820763132,False,1.0,21.0,0.0,149.33504116481313,170.33504116481313,136.0,0.08493656792874615,399.8699951171875,False,399.8699951171875,-0.024708042622495374,False
2017-06-01,379.3699951171875,STOXX Europe 600,2017,6,1,201706,20172,201722,0.9727685443649332,False,1.0,22.0,0.0,145.26843061657266,167.26843061657266,136.0,0.058660953269447313,399.8699951171875,False,399.8699951171875,-0.05126666229105836,False
2017-07-01,377.8500061035156,STOXX Europe 600,2017,7,1,201707,20173,201726,0.9959933863161679,False,1.0,23.0,0.0,144.68639613463546,167.68639613463546,136.0,0.05463142223041162,399.8699951171875,False,399.8699951171875,-0.05506787026423077,False
2017-08-01,373.8800048828125,STOXX Europe 600,2017,8,1,201708,20173,201731,0.9894931820654371,False,1.0,24.0,0.0,143.1662025128408,167.1662025128408,136.0,0.04478876570525503,399.8699951171875,False,399.8699951171875,-0.06499610011188328,False
2017-09-01,388.1600036621094,STOXX Europe 600,2017,9,1,201709,20173,201735,1.0381940692008196,False,1.0,25.0,0.0,148.63430235883482,173.63430235883482,136.0,0.07847392769462624,399.8699951171875,False,399.8699951171875,-0.029284496456520426,False
2017-10-01,395.2200012207031,STOXX Europe 600,2017,10,1,201710,20174,201739,1.0181883694661633,False,1.0,26.0,0.0,151.33771796548274,177.33771796548274,136.0,0.09467727139186866,399.8699951171875,False,399.8699951171875,-0.011628764231538913,False
2017-11-01,386.69000244140625,STOXX Europe 600,2017,11,1,201711,20174,201744,0.97841708731099,False,1.0,27.0,0.0,148.0714092120797,175.0714092120797,136.0,0.07405772522748277,399.8699951171875,False,399.8699951171875,-0.032960694317458517,False
2017-12-01,389.17999267578125,STOXX Europe 600,2017,12,1,201712,20174,201748,1.0064392413009238,False,1.0,28.0,0.0,149.0248767457641,177.0248767457641,136.0,0.07941998015709806,399.8699951171875,False,399.8699951171875,-0.026733694880690884,False
2018-01-01,395.4599914550781,STOXX Europe 600,2018,1,1,201801,20181,201801,1.016136489278699,False,1.0,29.0,0.0,151.42961507163156,180.42961507163156,136.0,0.09351281861594885,399.8699951171875,False,399.8699951171875,-0.011028593582814272,False
2018-02-01,379.6300048828125,STOXX Europe 600,2018,2,1,201802,20181,201805,0.9599707001610457,False,1.0,30.0,0.0,145.3679936054318,175.3679936054318,136.0,0.0564336964182639,399.8699951171875,False,399.8699951171875,-0.05061642654244014,False
2018-03-01,370.8699951171875,STOXX Europe 600,2018,3,1,201803,20181,201809,0.9769248751338053,False,1.0,31.0,0.0,142.01360900143825,173.01360900143825,136.0,0.0360096347391512,399.8699951171875,False,399.8699951171875,-0.07252357104588736,False
2018-04-01,385.32000732421875,STOXX Europe 600,2018,4,1,201804,20182,201813,1.0389624730964426,False,1.0,32.0,0.0,147.54681042148553,179.54681042148553,136.0,0.06873101441360441,399.8699951171875,False,399.8699951171875,-0.036386795635178104,False
2018-05-01,383.05999755859375,STOXX Europe 600,2018,5,1,201805,20182,201818,0.9941347199141846,False,1.0,33.0,0.0,146.6814070525948,179.6814070525948,136.0,0.06320359202718828,399.8699951171875,False,399.8699951171875,-0.04203865697316789,False
2018-06-01,379.92999267578125,STOXX Europe 600,2018,6,1,201806,20182,201822,0.9918289435003358,False,1.0,34.0,0.0,145.4828649881178,179.4828649881178,136.0,0.05578155875363411,399.8699951171875,False,399.8699951171875,-0.049866213231534284,False
2018-07-01,391.6099853515625,STOXX Europe 600,2018,7,1,201807,20183,201826,1.030742486513163,False,1.0,35.0,0.0,149.9553700029113,184.9553700029113,136.0,0.08161035089421809,399.8699951171875,False,399.8699951171875,-0.020656738106104466,False
2018-08-01,382.260009765625,STOXX Europe 600,2018,8,1,201808,20183,201831,0.9761242666538656,False,1.0,36.0,0.0,146.37507557490088,182.37507557490088,136.0,0.06032020683081907,399.8699951171875,False,399.8699951171875,-0.044039276681416495,False
2018-09-01,383.17999267578125,STOXX Europe 600,2018,9,1,201809,20183,201835,1.002406694099967,False,1.0,37.0,0.0,146.7273556056692,183.7273556056692,136.0,0.06200783587092018,399.8699951171875,False,399.8699951171875,-0.04173857164880557,False
2018-10-01,361.6099853515625,STOXX Europe 600,2018,10,1,201810,20184,201840,0.9437078977595009,False,1.0,38.0,0.0,138.4677643024368,176.4677643024368,136.0,0.014182553462280367,399.8699951171875,False,399.8699951171875,-0.09568112194667766,False
2018-11-01,357.489990234375,STOXX Europe 600,2018,11,1,201811,20184,201844,0.9886065228171673,False,1.0,39.0,0.0,136.89013498929913,175.89013498929913,136.0,0.005086485653137851,399.8699951171875,False,399.8699951171875,-0.10598445844978299,False
2018-12-01,337.6499938964844,STOXX Europe 600,2018,12,1,201812,20184,201848,0.9445019528382228,False,1.0,40.0,0.0,129.29299982168095,169.29299982168095,136.0,-0.038107955558631,399.8699951171875,False,399.8699951171875,-0.15560057513809877,False
2019-01-01,358.6700134277344,STOXX Europe 600,2019,1,1,201901,20191,201901,1.0622538720900858,False,1.0,41.0,0.0,137.34198969472337,178.34198969472337,136.0,0.007581862682052964,399.8699951171875,False,399.8699951171875,-0.10303344134980397,False
2019-02-01,372.79998779296875,STOXX Europe 600,2019,2,1,201902,20191,201905,1.0393954717044704,False,1.0,42.0,0.0,142.75264216357752,184.75264216357752,136.0,0.037936191930210805,399.8699951171875,False,399.8699951171875,-0.0676970206686438,False
2019-03-01,379.0899963378906,STOXX Europe 600,2019,3,1,201903,20191,201909,1.0168723410699654,False,1.0,43.0,0.0,145.16121343080013,188.16121343080013,136.0,0.051179963300559406,399.8699951171875,False,399.8699951171875,-0.0519668868208204,False
2019-04-01,391.3500061035156,STOXX Europe 600,2019,4,1,201904,20192,201914,1.032340631206468,False,1.0,44.0,0.0,149.855818699849,193.855818699849,136.0,0.07697677055471663,399.8699951171875,False,399.8699951171875,-0.021306897535972813,False
2019-05-01,369.05999755859375,STOXX Europe 600,2019,5,1,201905,20192,201918,0.9430432906674697,False,1.0,45.0,0.0,141.32052439237336,186.32052439237336,136.0,0.02939516238880313,399.8699951171875,False,399.8699951171875,-0.0770500360987687,False
2019-06-01,384.8699951171875,STOXX Europe 600,2019,6,1,201906,20192,201922,1.0428385565034957,False,1.0,46.0,0.0,147.37449166165968,193.37449166165968,136.0,0.06249720693219607,399.8699951171875,False,399.8699951171875,-0.03751219192028654,False
2019-07-01,385.7699890136719,STOXX Europe 600,2019,7,1,201907,20193,201927,1.0023384361158378,False,1.0,47.0,0.0,147.71911749551455,194.71911749551455,136.0,0.06403889341811242,399.8699951171875,False,399.8699951171875,-0.03526147566881932,False
2019-08-01,379.4800109863281,STOXX Europe 600,2019,8,1,201908,20193,201931,0.9836950042603734,False,1.0,48.0,0.0,145.3105579140888,193.3105579140888,136.0,0.050600858228743606,399.8699951171875,False,399.8699951171875,-0.05099153319789296,False
2019-09-01,393.1499938964844,STOXX Europe 600,2019,9,1,201909,20193,201935,1.0360229327353128,False,1.0,49.0,0.0,150.54507036755876,199.54507036755876,136.0,0.07862200198680402,399.8699951171875,False,399.8699951171875,-0.01680546503303837,False
2019-10-01,396.75,STOXX Europe 600,2019,10,1,201910,20194,201940,1.0091568260445236,False,1.0,50.0,0.0,151.92358538877508,201.92358538877508,136.0,0.08561067413319945,399.8699951171875,False,399.8699951171875,-0.007802523708419606,False
2019-11-01,407.42999267578125,STOXX Europe 600,2019,11,1,201911,20194,201944,1.0269186960952268,False,1.0,51.0,0.0,156.01317021355274,207.01317021355274,136.0,0.10702230060723394,407.42999267578125,True,407.42999267578125,0.0,False
2019-12-01,415.8399963378906,STOXX Europe 600,2019,12,1,201912,20194,201948,1.0206415919625282,False,1.0,52.0,0.0,159.23353041388137,211.23353041388137,136.0,0.12358260858447534,415.8399963378906,True,415.8399963378906,0.0,False
2020-01-01,410.7099914550781,STOXX Europe 600,2020,1,1,202001,20201,202001,0.9876635125817861,False,1.0,53.0,0.0,157.26914796937274,210.26914796937274,136.0,0.1125351744411256,415.8399963378906,False,415.8399963378906,-0.012336487418213915,False
2020-02-01,375.6499938964844,STOXX Europe 600,2020,2,1,202002,20201,202005,0.9146356351488262,True,1.0,54.0,54.0,197.84396704228197,197.84396704228197,190.0,0.0412840370646419,415.8399963378906,False,415.8399963378906,-0.09664775585643737,True
2020-03-01,320.05999755859375,STOXX Europe 600,2020,3,1,202003,20201,202009,0.8520165120694525,False,1.0,1.0,0.0,168.5663267333488,169.5663267333488,190.0,-0.11221818464215283,415.8399963378906,False,415.8399963378906,-0.23032897177468925,False
2020-04-01,340.0299987792969,STOXX Europe 600,2020,4,1,202004,20202,202014,1.062394555311609,False,1.0,2.0,0.0,179.08394773038748,181.08394773038748,190.0,-0.05685443890423192,415.8399963378906,False,415.8399963378906,-0.1823056902323421,False
2020-05-01,350.3599853515625,STOXX Europe 600,2020,5,1,202005,20202,202018,1.030379633001059,False,1.0,3.0,0.0,184.52445233881747,187.52445233881747,190.0,-0.02837071327037577,415.8399963378906,False,415.8399963378906,-0.15746443719454628,False
2020-06-01,360.3399963378906,STOXX Europe 600,2020,6,1,202006,20202,202023,1.0284850194188524,False,1.0,4.0,0.0,189.7806349469418,193.7806349469418,190.0,-0.0011307476961762708,415.8399963378906,False,415.8399963378906,-0.1334647953269591,False
2020-07-01,356.3299865722656,STOXX Europe 600,2020,7,1,202007,20203,202027,0.9888715940323627,False,1.0,5.0,0.0,187.66867899645624,192.66867899645624,190.0,-0.011955492325865458,415.8399963378906,False,415.8399963378906,-0.14310795086981043,False
2020-08-01,366.510009765625,STOXX Europe 600,2020,8,1,202008,20203,202031,1.0285690892626989,False,1.0,6.0,0.0,193.0302022385188,199.0302022385188,190.0,0.015460215502646868,415.8399963378906,False,415.8399963378906,-0.118627325429713,False
2020-09-01,361.0899963378906,STOXX Europe 600,2020,9,1,202009,20203,202036,0.9852118270079435,False,1.0,7.0,0.0,190.1756382151239,197.1756382151239,190.0,0.0008915645437761466,415.8399963378906,False,415.8399963378906,-0.13166121701172995,False
2020-10-01,342.3599853515625,STOXX Europe 600,2020,10,1,202010,20204,202040,0.9481292442984173,False,1.0,8.0,0.0,180.31108414487466,188.31108414487466,190.0,-0.04893391846022899,415.8399963378906,False,415.8399963378906,-0.17670260589032416,False
2020-11-01,389.3599853515625,STOXX Europe 600,2020,11,1,202011,20204,202044,1.1372823986767515,False,1.0,9.0,0.0,205.06462228428862,214.06462228428862,190.0,0.07570161951903831,415.8399963378906,False,415.8399963378906,-0.063678364802629,False
2020-12-01,399.0299987792969,STOXX Europe 600,2020,12,1,202012,20204,202049,1.024835663117778,False,1.0,10.0,0.0,210.15753816071557,220.15753816071557,190.0,0.10078769080357786,415.8399963378906,False,415.8399963378906,-0.040424196100980136,False
2021-01-01,395.8500061035156,STOXX Europe 600,2021,1,1,202101,20211,202053,0.9920306927160629,False,1.0,11.0,0.0,208.48272816107712,219.48272816107712,190.0,0.09195387144814493,415.8399963378906,False,415.8399963378906,-0.048071350544482305,False
2021-02-01,404.989990234375,STOXX Europe 600,2021,2,1,202102,20211,202105,1.0230895136792526,False,1.0,12.0,0.0,213.2964929648402,225.2964929648402,190.0,0.1153291730932684,415.8399963378906,False,415.8399963378906,-0.02609178097120668,False
2021-03-01,429.6000061035156,STOXX Europe 600,2021,3,1,202103,20211,202109,1.0607669731661722,False,1.0,13.0,0.0,226.2578752292733,239.2578752292733,190.0,0.17861022280430205,429.6000061035156,True,429.6000061035156,0.0,False
2021-04-01,437.3900146484375,STOXX Europe 600,2021,4,1,202104,20212,202113,1.0181331667463822,False,1.0,14.0,0.0,230.36064700848786,244.36064700848786,190.0,0.19784630886513654,437.3900146484375,True,437.3900146484375,0.0,False
2021-05-01,446.760009765625,STOXX Europe 600,2021,5,1,202105,20212,202117,1.021422517212056,False,1.0,15.0,0.0,235.29555193400753,250.29555193400753,190.0,0.22095391187320756,446.760009765625,True,446.760009765625,0.0,False
2021-06-01,452.8399963378906,STOXX Europe 600,2021,6,1,202106,20212,202122,1.01360906625339,False,1.0,16.0,0.0,238.49770468940542,254.49770468940542,190.0,0.23542575091944373,452.8399963378906,True,452.8399963378906,0.0,False
2021-07-01,461.739990234375,STOXX Europe 600,2021,7,1,202107,20213,202126,1.0196537275162496,False,1.0,17.0,0.0,243.18507359062195,260.185073590622,190.0,0.25693272266000955,461.739990234375,True,461.739990234375,0.0,False
2021-08-01,470.8800048828125,STOXX Europe 600,2021,8,1,202108,20213,202130,1.0197947217952643,False,1.0,18.0,0.0,247.9988544671092,265.9988544671092,190.0,0.27884064647648654,470.8800048828125,True,470.8800048828125,0.0,False
2021-09-01,454.80999755859375,STOXX Europe 600,2021,9,1,202109,20213,202135,0.9658723939059207,False,1.0,19.0,0.0,239.53524725007279,258.53524725007276,190.0,0.23701075239269254,470.8800048828125,False,470.8800048828125,-0.03412760609407928,False
2021-10-01,475.510009765625,STOXX Europe 600,2021,10,1,202110,20214,202139,1.0455135382206817,False,1.0,20.0,0.0,250.4373438809894,270.4373438809894,190.0,0.287796875623759,475.510009765625,True,475.510009765625,0.0,False
2021-11-01,462.9599914550781,STOXX Europe 600,2021,11,1,202111,20214,202144,0.9736072468448504,False,1.0,21.0,0.0,243.82761288310715,264.8276128831071,190.0,0.255107170062119,475.510009765625,False,475.510009765625,-0.02639275315514955,False
2021-12-01,487.79998779296875,STOXX Europe 600,2021,12,1,202112,20214,202148,1.0536547364704643,False,1.0,22.0,0.0,256.9101191965726,278.9101191965726,190.0,0.315613769795154,487.79998779296875,True,487.79998779296875,0.0,False
2022-01-01,468.8800048828125,STOXX Europe 600,2022,1,1,202201,20221,202152,0.9612136462000359,False,1.0,23.0,0.0,246.94551241862342,269.9455124186234,190.0,0.2673498235616123,487.79998779296875,False,487.79998779296875,-0.03878635379996409,False
2022-02-01,453.1099853515625,STOXX Europe 600,2022,2,1,202202,20221,202205,0.9663666196744913,True,1.0,24.0,24.0,262.63990007977026,262.63990007977026,214.0,0.22728925270920675,487.79998779296875,False,487.79998779296875,-0.07111521793667885,True
2022-03-01,455.8599853515625,STOXX Europe 600,2022,3,1,202203,20221,202209,1.0060691666237862,False,1.0,1.0,0.0,264.2339053954089,265.2339053954089,214.0,0.23364607160655293,487.79998779296875,False,487.79998779296875,-0.06547766142003708,False
2022-04-01,450.3900146484375,STOXX Europe 600,2022,4,1,202204,20222,202213,0.9880007658515881,False,1.0,2.0,0.0,261.0633008946201,263.0633008946201,214.0,0.21788565228990797,487.79998779296875,False,487.79998779296875,-0.07669121377757948,False
2022-05-01,443.3500061035156,STOXX Europe 600,2022,5,1,202205,20222,202217,0.9843690838696388,False,1.0,3.0,0.0,256.9826423336211,259.9826423336211,214.0,0.19807669278166395,487.79998779296875,False,487.79998779296875,-0.0911233759774478,False
2022-06-01,407.20001220703125,STOXX Europe 600,2022,6,1,202206,20222,202222,0.9184617268550485,False,1.0,4.0,0.0,236.02872144951084,240.02872144951084,214.0,0.10104918096105897,487.79998779296875,False,487.79998779296875,-0.16523160640206003,False
2022-07-01,438.2900085449219,STOXX Europe 600,2022,7,1,202207,20223,202226,1.0763506763405588,False,1.0,5.0,0.0,254.04967396797838,259.0496739679784,214.0,0.18287522359807484,487.79998779296875,False,487.79998779296875,-0.10149647496313552,False
2022-08-01,415.1199951171875,STOXX Europe 600,2022,8,1,202208,20223,202231,0.9471354286522377,False,1.0,6.0,0.0,240.61944685262242,246.61944685262242,214.0,0.12099748569373836,487.79998779296875,False,487.79998779296875,-0.1489954786686628,False
2022-09-01,387.8500061035156,STOXX Europe 600,2022,9,1,202209,20223,202235,0.9343081775524361,False,1.0,7.0,0.0,224.8127168725489,231.8127168725489,214.0,0.04892632069026637,487.79998779296875,False,487.79998779296875,-0.2048995165860351,False
2022-10-01,412.20001220703125,STOXX Europe 600,2022,10,1,202210,20224,202239,1.0627820181006178,False,1.0,8.0,0.0,238.92691293249032,246.92691293249032,214.0,0.11228339158779432,487.79998779296875,False,487.79998779296875,-0.15498150364452967,False
2022-11-01,440.0400085449219,STOXX Europe 600,2022,11,1,202211,20224,202244,1.0675400182276262,False,1.0,9.0,0.0,255.0640409870212,264.0640409870212,214.0,0.1841436815561488,487.79998779296875,False,487.79998779296875,-0.0979089389979999,False
2022-12-01,424.8900146484375,STOXX Europe 600,2022,12,1,202212,20224,202248,0.9655713262378556,False,1.0,10.0,0.0,246.2825243314248,256.28252433142484,214.0,0.1441184121938608,487.79998779296875,False,487.79998779296875,-0.12896673784098456,False
2023-01-01,453.2099914550781,STOXX Europe 600,2023,1,1,202301,20231,202252,1.066652488480044,False,1.0,11.0,0.0,262.6978674472612,273.6978674472612,214.0,0.216434966432272,487.79998779296875,False,487.79998779296875,-0.07091020336919573,False
2023-02-01,461.1099853515625,STOXX Europe 600,2023,2,1,202302,20231,202305,1.0174311997648608,False,1.0,12.0,0.0,267.27700645253736,279.27700645253736,214.0,0.23573896660414762,487.79998779296875,False,487.79998779296875,-0.05471505352463024,False
2023-03-01,457.8399963378906,STOXX Europe 600,2023,3,1,202303,20231,202309,0.9929084402473333,False,1.0,13.0,0.0,265.38159559076536,278.38159559076536,214.0,0.2263506413690104,487.79998779296875,False,487.79998779296875,-0.0614185982058566,False
2023-04-01,466.6400146484375,STOXX Europe 600,2023,4,1,202304,20232,202313,1.0192207285971853,False,1.0,14.0,0.0,270.4824232143034,284.4824232143034,214.0,0.24772992637852376,487.79998779296875,False,487.79998779296875,-0.04337837981560577,False
2023-05-01,451.760009765625,STOXX Europe 600,2023,5,1,202305,20232,202318,0.9681124541065709,False,1.0,15.0,0.0,261.8574025306914,276.8574025306914,214.0,0.2089842905270367,487.79998779296875,False,487.79998779296875,-0.07388269563188221,False
2023-06-01,461.92999267578125,STOXX Europe 600,2023,6,1,202306,20232,202322,1.0225119149334012,False,1.0,16.0,0.0,267.7523141011437,283.7523141011437,214.0,0.23370571348323366,487.79998779296875,False,487.79998779296875,-0.0530340216575963,False
2023-07-01,471.3500061035156,STOXX Europe 600,2023,7,1,202307,20233,202326,1.0203927295847752,False,1.0,17.0,0.0,273.2125146383062,290.2125146383062,214.0,0.2563312322004596,487.79998779296875,False,487.79998779296875,-0.03372280053527754,False
2023-08-01,458.19000244140625,STOXX Europe 600,2023,8,1,202308,20233,202331,0.972080187776174,False,1.0,18.0,0.0,265.58447253240536,283.58447253240536,214.0,0.22234686436381623,487.79998779296875,False,487.79998779296875,-0.06070107850049711,False
2023-09-01,450.2200012207031,STOXX Europe 600,2023,9,1,202309,20233,202335,0.9826054667752766,False,1.0,19.0,0.0,260.9647546009698,279.9647546009698,214.0,0.20156547039042838,487.79998779296875,False,487.79998779296875,-0.07703974479846698,False
2023-10-01,433.6600036621094,STOXX Europe 600,2023,10,1,202310,20234,202339,0.9632179878421797,False,1.0,20.0,0.0,251.36594582447432,271.36594582447435,214.0,0.1596835291644203,487.79998779296875,False,487.79998779296875,-0.11098808012647465,False
2023-11-01,461.6099853515625,STOXX Europe 600,2023,11,1,202311,20234,202344,1.0644513707822376,False,1.0,21.0,0.0,267.56682560083533,288.56682560083533,214.0,0.22794393872695884,487.79998779296875,False,487.79998779296875,-0.05369004324887716,False
2023-12-01,479.0199890136719,STOXX Europe 600,2023,12,1,202312,20234,202348,1.0377158298446467,False,1.0,22.0,0.0,277.6583304672687,299.6583304672687,214.0,0.2697386884206301,487.79998779296875,False,487.79998779296875,-0.017999177939756916,False
2024-01-01,485.6700134277344,STOXX Europe 600,2024,1,1,202401,20241,202401,1.013882561409922,False,1.0,23.0,0.0,281.512939290957,304.512939290957,214.0,0.28486472274665386,487.79998779296875,False,487.79998779296875,-0.0043664912229115505,False
2024-02-01,494.6099853515625,STOXX Europe 600,2024,2,1,202402,20241,202405,1.0184075023712749,False,1.0,24.0,0.0,286.69488938849986,310.69488938849986,214.0,0.305440711716386,494.6099853515625,True,494.6099853515625,0.0,False
2024-03-01,512.6699829101562,STOXX Europe 600,2024,3,1,202403,20241,202409,1.0365136129343546,False,1.0,25.0,0.0,297.16315560988915,322.16315560988915,214.0,0.34796299418363663,512.6699829101562,True,512.6699829101562,0.0,False
2024-04-01,504.8900146484375,STOXX Europe 600,2024,4,1,202404,20242,202414,0.9848246074061993,False,1.0,26.0,0.0,292.65358805909636,318.65358805909636,214.0,0.32772328357956826,512.6699829101562,False,512.6699829101562,-0.01517539259380074,False
2024-05-01,518.1699829101562,STOXX Europe 600,2024,5,1,202405,20242,202418,1.0263026953919179,False,1.0,27.0,0.0,300.3511662411666,327.3511662411666,214.0,0.358303594361687,518.1699829101562,True,518.1699829101562,0.0,False
2024-06-01,511.4200134277344,STOXX Europe 600,2024,6,1,202406,20242,202422,0.9869734455776219,False,1.0,28.0,0.0,296.4386254283013,324.4386254283013,214.0,0.3406554769764516,518.1699829101562,False,518.1699829101562,-0.0130265544223781,False
2024-07-01,518.1799926757812,STOXX Europe 600,2024,7,1,202407,20243,202427,1.013218057703176,False,1.0,29.0,0.0,300.35696828466274,329.35696828466274,214.0,0.355378470307254,518.1799926757812,True,518.1799926757812,0.0,False
2024-08-01,525.0499877929688,STOXX Europe 600,2024,8,1,202408,20243,202431,1.013257932020324,False,1.0,30.0,0.0,304.33908055201147,334.33908055201147,214.0,0.3702421334098831,525.0499877929688,True,525.0499877929688,0.0,False
2024-09-01,522.8900146484375,STOXX Europe 600,2024,9,1,202409,20243,202435,0.9958861571378934,False,1.0,31.0,0.0,303.0870773978225,334.0870773978225,214.0,0.3636207240727449,525.0499877929688,False,525.0499877929688,-0.004113842862106587,False
2024-10-01,505.3900146484375,STOXX Europe 600,2024,10,1,202410,20244,202440,0.9665321587528,False,1.0,32.0,0.0,292.94340720739433,324.94340720739433,214.0,0.32090815937965167,525.0499877929688,False,525.0499877929688,-0.03744400266948167,False
2024-11-01,510.25,STOXX Europe 600,2024,11,1,202411,20244,202444,1.0096163066358628,False,1.0,33.0,0.0,295.760440838055,328.760440838055,214.0,0.3310139305184412,525.0499877929688,False,525.0499877929688,-0.028187769044962785,False
2024-12-01,507.6199951171875,STOXX Europe 600,2024,12,1,202412,20244,202448,0.9948456543207986,False,1.0,34.0,0.0,294.23598928774265,328.23598928774265,214.0,0.32353221486993,525.0499877929688,False,525.0499877929688,-0.033196825218580917,False
2025-01-01,539.530029296875,STOXX Europe 600,2025,1,1,202501,20251,202501,1.0628620513112783,False,1.0,35.0,0.0,312.7322671439735,347.7322671439735,214.0,0.39651512909226305,539.530029296875,True,539.530029296875,0.0,False
2025-02-01,557.1900024414062,STOXX Europe 600,2025,2,1,202502,20251,202505,1.032732141281452,False,1.0,36.0,0.0,322.96866389539883,358.96866389539883,214.0,0.4358746555815953,557.1900024414062,True,557.1900024414062,0.0,False
2025-03-01,533.9199829101562,STOXX Europe 600,2025,3,1,202503,20251,202509,0.9582368322667507,False,1.0,37.0,0.0,309.4804694125519,346.4804694125519,214.0,0.3804002765440313,557.1900024414062,False,557.1900024414062,-0.041763167733249285,False
2025-04-01,527.47998046875,STOXX Europe 600,2025,4,1,202504,20252,202514,0.9879382629466222,True,1.0,38.0,38.0,343.74759736734177,343.74759736734177,252.0,0.3640777673307214,557.1900024414062,False,557.1900024414062,-0.053321168438912436,True
2025-05-01,548.6699829101562,STOXX Europe 600,2025,5,1,202505,20252,202518,1.0401721453439343,False,1.0,1.0,0.0,357.5566758104108,358.5566758104108,252.0,0.41722006249174237,557.1900024414062,False,557.1900024414062,-0.015291048823414477,False
2025-06-01,541.3699951171875,STOXX Europe 600,2025,6,1,202506,20252,202522,0.9866951208917071,False,1.0,2.0,0.0,352.79942746439025,354.79942746439025,252.0,0.3968481396235837,557.1900024414062,False,557.1900024414062,-0.028392482375672823,False
2025-07-01,546.1099853515625,STOXX Europe 600,2025,7,1,202507,20253,202527,1.0087555466263862,False,1.0,3.0,0.0,355.88837930131706,358.88837930131706,252.0,0.40740540902477274,557.1900024414062,False,557.1900024414062,-0.019885527452565777,False
2025-08-01,550.1400146484375,STOXX Europe 600,2025,8,1,202508,20253,202531,1.0073795195198283,False,1.0,4.0,0.0,358.5146645432512,362.5146645432512,252.0,0.4160729083720749,557.1900024414062,False,557.1900024414062,-0.012652753570735698,False
2025-09-01,558.1799926757812,STOXX Europe 600,2025,9,1,202509,20253,202536,1.0146144214441148,False,1.0,5.0,0.0,363.75414894478166,368.75414894478166,252.0,0.4348410464777497,558.1799926757812,True,558.1799926757812,0.0,False
2025-10-01,571.8900146484375,STOXX Europe 600,2025,10,1,202510,20254,202540,1.0245620089443437,False,1.0,6.0,0.0,372.6886816047055,378.6886816047055,252.0,0.46778558761513755,571.8900146484375,True,571.8900146484375,0.0,False
2025-11-01,576.4299926757812,STOXX Europe 600,2025,11,1,202511,20254,202544,1.007938550964445,False,1.0,7.0,0.0,375.6472896974963,382.6472896974963,252.0,0.47740266292469613,576.4299926757812,True,576.4299926757812,0.0,False
2025-12-01,592.1900024414062,STOXX Europe 600,2025,12,1,202512,20254,202549,1.0273407178076686,False,1.0,8.0,0.0,385.9177562403311,393.9177562403311,252.0,0.5150682932320425,592.1900024414062,True,592.1900024414062,0.0,False
2026-01-01,611.0,STOXX Europe 600,2026,1,1,202601,20261,202601,1.0317634500431385,False,1.0,9.0,0.0,398.17583561143095,407.17583561143095,252.0,0.5600606728407316,611.0,True,611.0,0.0,False
2026-02-01,633.8499755859375,STOXX Europe 600,2026,2,1,202602,20261,202605,1.0373976687167554,False,1.0,10.0,0.0,413.06668360264445,423.06668360264445,252.0,0.6147583343612384,633.8499755859375,True,633.8499755859375,0.0,False
2026-03-01,573.280029296875,STOXX Europe 600,2026,3,1,202603,20261,202609,0.9044411948851603,True,0.5,10.5,10.5,384.09452488482617,384.09452488482617,262.5,0.4632172376564807,633.8499755859375,False,633.8499755859375,-0.09555880511483972,True
2026-03-20,573.280029296875,STOXX Europe 600,2026,3,20,202603,20261,202612,1.0,False,0.5,0.5,0.0,384.09452488482617,384.59452488482617,262.5,0.4623365965202515,633.8499755859375,False,633.8499755859375,-0.09555880511483972,False
