date,price,index_name,year,month,day,month_key,quarter_key,week_key,return_factor,investment_signal,cash_inflow,cash_balance,contribution,invested_wealth,wealth,total_contribution,wealth_return,all_time_high,all_time_high_flag
2004-05-01,236.92999267578125,STOXX Europe 600,2004,5,1,200405,20042,200418,1.0,False,1.0,1.0,0.0,0.0,1.0,0.0,0.0,236.92999267578125,True
2004-06-01,240.86000061035156,STOXX Europe 600,2004,6,1,200406,20042,200423,1.016587211649258,False,1.0,2.0,0.0,0.0,2.0,0.0,0.0,240.86000061035156,True
2004-07-01,236.39999389648438,STOXX Europe 600,2004,7,1,200407,20043,200427,0.9814829913536274,False,1.0,3.0,0.0,0.0,3.0,0.0,0.0,240.86000061035156,False
2004-08-01,233.6300048828125,STOXX Europe 600,2004,8,1,200408,20043,200431,0.9882826180829565,True,1.0,4.0,4.0,4.0,4.0,4.0,0.0,240.86000061035156,False
2004-09-01,237.74000549316406,STOXX Europe 600,2004,9,1,200409,20043,200436,1.0175919210908424,False,1.0,1.0,0.0,4.07036768436337,5.07036768436337,4.0,0.014073536872673875,240.86000061035156,False
2004-10-01,240.3000030517578,STOXX Europe 600,2004,10,1,200410,20044,200440,1.0107680554363718,False,1.0,2.0,0.0,4.11419762923501,6.11419762923501,4.0,0.01903293820583496,240.86000061035156,False
2004-11-01,246.50999450683594,STOXX Europe 600,2004,11,1,200411,20044,200445,1.0258426607416253,False,1.0,3.0,0.0,4.220519442791329,7.220519442791329,4.0,0.031502777541618565,246.50999450683594,True
2004-12-01,251.02000427246094,STOXX Europe 600,2004,12,1,200412,20044,200449,1.0182954438607963,False,1.0,4.0,0.0,4.297735719320317,8.297735719320318,4.0,0.037216964915039785,251.02000427246094,True
2005-01-01,256.8500061035156,STOXX Europe 600,2005,1,1,200501,20051,200453,1.0232252479158064,False,1.0,5.0,0.0,4.397551696878148,9.397551696878148,4.0,0.04417241076423872,256.8500061035156,True
2005-02-01,264.2900085449219,STOXX Europe 600,2005,2,1,200502,20051,200505,1.02896633157333,False,1.0,6.0,0.0,4.524932637440781,10.52493263744078,4.0,0.052493263744078034,264.2900085449219,True
2005-03-01,262.19000244140625,STOXX Europe 600,2005,3,1,200503,20051,200509,0.9920541600680349,False,1.0,7.0,0.0,4.488978247000752,11.488978247000752,4.0,0.04445256790915919,264.2900085449219,False
2005-04-01,256.05999755859375,STOXX Europe 600,2005,4,1,200504,20052,200513,0.9766199899853831,True,1.0,8.0,8.0,12.384025890630477,12.384025890630477,12.0,0.03200215755253977,264.2900085449219,False
2005-05-01,267.2900085449219,STOXX Europe 600,2005,5,1,200505,20052,200517,1.0438569518605043,False,1.0,1.0,0.0,12.927151517955096,13.927151517955096,12.0,0.07131934753500735,267.2900085449219,True
2005-06-01,275.9200134277344,STOXX Europe 600,2005,6,1,200506,20052,200522,1.0322870463052198,False,1.0,2.0,0.0,13.344531057609906,15.344531057609906,12.0,0.0960379326864218,275.9200134277344,True
2005-07-01,285.0299987792969,STOXX Europe 600,2005,7,1,200507,20053,200526,1.0330167617723334,False,1.0,3.0,0.0,13.785124260502515,16.785124260502513,12.0,0.11900828403350094,285.0299987792969,True
2005-08-01,284.82000732421875,STOXX Europe 600,2005,8,1,200508,20053,200531,0.9992632654247712,True,1.0,4.0,4.0,17.774968282835978,17.774968282835978,16.0,0.11093551767724863,285.0299987792969,False
2005-09-01,297.3999938964844,STOXX Europe 600,2005,9,1,200509,20053,200535,1.0441681983314657,False,1.0,1.0,0.0,18.56005660728779,19.56005660728779,16.0,0.15059156513457594,297.3999938964844,True
2005-10-01,290.2900085449219,STOXX Europe 600,2005,10,1,200510,20054,200539,0.976092853068325,True,1.0,2.0,2.0,20.116338606917154,20.116338606917154,18.0,0.11757436705095303,297.3999938964844,False
2005-11-01,299.4700012207031,STOXX Europe 600,2005,11,1,200511,20054,200544,1.031623522703368,False,1.0,1.0,0.0,20.752488097561642,21.752488097561642,18.0,0.14486779460850752,299.4700012207031,True
2005-12-01,310.0299987792969,STOXX Europe 600,2005,12,1,200512,20054,200548,1.0352622884280527,False,1.0,2.0,0.0,21.48426831845759,23.48426831845759,18.0,0.17421341592287964,310.0299987792969,True
2006-01-01,321.0400085449219,STOXX Europe 600,2006,1,1,200601,20061,200552,1.0355127239588926,False,1.0,3.0,0.0,22.24723320870976,25.24723320870976,18.0,0.20224920041475047,321.0400085449219,True
2006-02-01,327.8800048828125,STOXX Europe 600,2006,2,1,200602,20061,200605,1.02130574431795,False,1.0,4.0,0.0,22.721227071236335,26.721227071236335,18.0,0.21460123051074254,327.8800048828125,True
2006-03-01,334.44000244140625,STOXX Europe 600,2006,3,1,200603,20061,200609,1.0200073120071422,False,1.0,5.0,0.0,23.175817750435687,28.175817750435687,18.0,0.22503555436676903,334.44000244140625,True
2006-04-01,336.4800109863281,STOXX Europe 600,2006,4,1,200604,20062,200613,1.0060997743392832,False,1.0,6.0,0.0,23.3171850088417,29.3171850088417,18.0,0.22154937536840413,336.4800109863281,True
2006-05-01,318.8599853515625,STOXX Europe 600,2006,5,1,200605,20062,200618,0.9476342574314717,True,1.0,7.0,7.0,29.096163301245944,29.096163301245944,25.0,0.16384653204983768,336.4800109863281,False
2006-06-01,320.6600036621094,STOXX Europe 600,2006,6,1,200606,20062,200622,1.0056451683912682,False,1.0,1.0,0.0,29.260416042621316,30.260416042621316,25.0,0.16386215548543515,336.4800109863281,False
2006-07-01,326.0400085449219,STOXX Europe 600,2006,7,1,200607,20063,200626,1.0167779106261148,False,1.0,2.0,0.0,29.751344687867352,31.751344687867352,25.0,0.17597572918027238,336.4800109863281,False
2006-08-01,334.7300109863281,STOXX Europe 600,2006,8,1,200608,20063,200631,1.0266531781795392,False,1.0,3.0,0.0,30.544312578913964,33.54431257891396,25.0,0.19801116353264137,336.4800109863281,False
2006-09-01,341.42999267578125,STOXX Europe 600,2006,9,1,200609,20063,200635,1.0200160770458278,False,1.0,4.0,0.0,31.155689892805352,35.155689892805356,25.0,0.21226516871742596,341.42999267578125,True
2006-10-01,353.3399963378906,STOXX Europe 600,2006,10,1,200610,20064,200639,1.0348827107096563,False,1.0,5.0,0.0,32.24248481029584,37.24248481029584,25.0,0.2414161603431948,353.3399963378906,True
2006-11-01,351.7799987792969,STOXX Europe 600,2006,11,1,200611,20064,200644,0.9955849958262241,True,1.0,6.0,6.0,38.10013410528548,38.10013410528548,31.0,0.22903658404146698,353.3399963378906,False
2006-12-01,365.260009765625,STOXX Europe 600,2006,12,1,200612,20064,200648,1.0383194355367127,False,1.0,1.0,0.0,39.56010973807307,40.56010973807307,31.0,0.26750342931478355,365.260009765625,True
2007-01-01,372.7200012207031,STOXX Europe 600,2007,1,1,200701,20071,200701,1.0204237837584929,False,1.0,2.0,0.0,40.36807686482572,42.36807686482572,31.0,0.2838811171159308,372.7200012207031,True
2007-02-01,365.0299987792969,STOXX Europe 600,2007,2,1,200702,20071,200705,0.9793678836225034,True,1.0,3.0,3.0,42.535198005014905,42.535198005014905,34.0,0.25103523544161477,372.7200012207031,False
2007-03-01,374.2200012207031,STOXX Europe 600,2007,3,1,200703,20071,200709,1.02517601970287,False,1.0,1.0,0.0,43.60606498805464,44.60606498805464,34.0,0.27445899965870413,374.2200012207031,True
2007-04-01,386.92999267578125,STOXX Europe 600,2007,4,1,200704,20072,200713,1.0339639554636797,False,1.0,2.0,0.0,45.087099437255254,47.087099437255254,34.0,0.3079749843682016,386.92999267578125,True
2007-05-01,396.739990234375,STOXX Europe 600,2007,5,1,200705,20072,200718,1.0253534172700172,False,1.0,3.0,0.0,46.230211482782735,49.230211482782735,34.0,0.3305462562914252,396.739990234375,True
2007-06-01,393.7099914550781,STOXX Europe 600,2007,6,1,200706,20072,200722,0.9923627593540372,False,1.0,4.0,0.0,45.87714023257497,49.87714023257497,34.0,0.3125563219098677,396.739990234375,False
2007-07-01,380.07000732421875,STOXX Europe 600,2007,7,1,200707,20073,200726,0.9653552502428283,False,1.0,5.0,0.0,44.28773818964274,49.28773818964274,34.0,0.26378815870878825,396.739990234375,False
2007-08-01,375.94000244140625,STOXX Europe 600,2007,8,1,200708,20073,200731,0.9891335680184588,False,1.0,6.0,0.0,43.80648849498868,49.80648849498868,34.0,0.24516221237471703,396.739990234375,False
2007-09-01,377.8599853515625,STOXX Europe 600,2007,9,1,200709,20073,200735,1.0051071524649882,False,1.0,7.0,0.0,44.030214910688336,51.030214910688336,34.0,0.24463938806556929,396.739990234375,False
2007-10-01,388.42999267578125,STOXX Europe 600,2007,10,1,200710,20074,200740,1.027973343920988,False,1.0,8.0,0.0,45.26188725530004,53.26188725530004,34.0,0.26814017274523905,396.739990234375,False
2007-11-01,370.3599853515625,STOXX Europe 600,2007,11,1,200711,20074,200744,0.9534793716629869,False,1.0,9.0,0.0,43.15627582046443,52.15627582046443,34.0,0.2129366469875449,396.739990234375,False
2007-12-01,364.6400146484375,STOXX Europe 600,2007,12,1,200712,20074,200748,0.9845556460488156,False,1.0,10.0,0.0,42.48975502147824,52.48975502147824,34.0,0.19294897776086906,396.739990234375,False
2008-01-01,322.1600036621094,STOXX Europe 600,2008,1,1,200801,20081,200801,0.8835015103120687,False,1.0,11.0,0.0,37.53976273426583,48.53976273426583,34.0,0.07866139409479622,396.739990234375,False
2008-02-01,318.95001220703125,STOXX Europe 600,2008,2,1,200802,20081,200805,0.9900360335901757,False,1.0,12.0,0.0,37.16571779934883,49.16571779934883,34.0,0.06881995215975723,396.739990234375,False
2008-03-01,305.9599914550781,STOXX Europe 600,2008,3,1,200803,20081,200809,0.9592725497576677,False,1.0,13.0,0.0,35.65205287695529,48.65205287695529,34.0,0.03515006121181474,396.739990234375,False
2008-04-01,323.0899963378906,STOXX Europe 600,2008,4,1,200804,20082,200814,1.055987728334499,False,1.0,14.0,0.0,37.64813032799746,51.64813032799746,34.0,0.07600271516661361,396.739990234375,False
2008-05-01,322.1199951171875,STOXX Europe 600,2008,5,1,200805,20082,200818,0.9969977367554003,False,1.0,15.0,0.0,37.53510073008581,52.53510073008581,34.0,0.07214491285889402,396.739990234375,False
2008-06-01,289.3900146484375,STOXX Europe 600,2008,6,1,200806,20082,200822,0.8983919627316435,False,1.0,16.0,0.0,33.72123281623173,49.72123281623173,34.0,-0.005575343675365385,396.739990234375,False
2008-07-01,283.760009765625,STOXX Europe 600,2008,7,1,200807,20083,200827,0.980545269021628,False,1.0,17.0,0.0,33.065195303532896,50.065195303532896,34.0,-0.018329503852296147,396.739990234375,False
2008-08-01,288.17999267578125,STOXX Europe 600,2008,8,1,200808,20083,200831,1.0155764827954685,False,1.0,18.0,0.0,33.58023474930719,51.58023474930719,34.0,-0.008072408667169517,396.739990234375,False
2008-09-01,256.04998779296875,STOXX Europe 600,2008,9,1,200809,20083,200836,0.8885071632333597,False,1.0,19.0,0.0,29.836279117817217,48.83627911781721,34.0,-0.0785607713619394,396.739990234375,False
2008-10-01,222.07000732421875,STOXX Europe 600,2008,10,1,200810,20084,200840,0.8672916145724452,False,1.0,20.0,0.0,25.876754688925825,45.87675468892583,34.0,-0.15043046872359578,396.739990234375,False
2008-11-01,206.25,STOXX Europe 600,2008,11,1,200811,20084,200844,0.9287611707909669,False,1.0,21.0,0.0,24.033324981157392,45.03332498115739,34.0,-0.18121227306986565,396.739990234375,False
2008-12-01,196.89999389648438,STOXX Europe 600,2008,12,1,200812,20084,200849,0.9546666370738637,False,1.0,22.0,0.0,22.943813537464806,44.943813537464806,34.0,-0.19743190111669995,396.739990234375,False
2009-01-01,191.22999572753906,STOXX Europe 600,2009,1,1,200901,20091,200901,0.9712036650853012,False,1.0,23.0,0.0,22.28311579861957,45.28311579861957,34.0,-0.2055593719540426,396.739990234375,False
2009-02-01,172.9199981689453,STOXX Europe 600,2009,2,1,200902,20091,200905,0.9042514356132628,True,1.0,24.0,24.0,44.14953945083832,44.14953945083832,58.0,-0.2388010439510635,396.739990234375,False
2009-03-01,176.4600067138672,STOXX Europe 600,2009,3,1,200903,20091,200909,1.020471944149937,False,1.0,1.0,0.0,45.05336635672132,46.05336635672132,58.0,-0.21943446853014714,396.739990234375,False
2009-04-01,200.22999572753906,STOXX Europe 600,2009,4,1,200904,20092,200914,1.1347046815668285,False,1.0,2.0,0.0,51.12226572531713,53.12226572531713,58.0,-0.11462890457804786,396.739990234375,False
2009-05-01,208.2100067138672,STOXX Europe 600,2009,5,1,200905,20092,200918,1.0398542234260788,False,1.0,3.0,0.0,53.15970392558129,56.15970392558129,58.0,-0.07934911597407723,396.739990234375,False
2009-06-01,205.8300018310547,STOXX Europe 600,2009,6,1,200906,20092,200923,0.9885692099031377,False,1.0,4.0,0.0,52.55204650839662,56.55204650839662,58.0,-0.08787021760650615,396.739990234375,False
2009-07-01,224.91000366210938,STOXX Europe 600,2009,7,1,200907,20093,200927,1.0926978655265016,False,1.0,5.0,0.0,57.42350904877443,62.42350904877443,58.0,-0.009150650019453588,396.739990234375,False
2009-08-01,235.6199951171875,STOXX Europe 600,2009,8,1,200908,20093,200931,1.0476190088510609,False,1.0,6.0,0.0,60.15795963442699,66.15795963442699,58.0,0.03371811928792168,396.739990234375,False
2009-09-01,242.47000122070312,STOXX Europe 600,2009,9,1,200909,20093,200936,1.0290722614611238,False,1.0,7.0,0.0,61.906887565886784,68.90688756588679,58.0,0.06010596255210454,396.739990234375,False
2009-10-01,236.92999267578125,STOXX Europe 600,2009,10,1,200910,20094,200940,0.9771517774692499,False,1.0,8.0,0.0,60.49242522259527,68.49242522259527,58.0,0.03776401852417077,396.739990234375,False
2009-11-01,239.1699981689453,STOXX Europe 600,2009,11,1,200911,20094,200944,1.0094542926704486,False,1.0,9.0,0.0,61.06433831499491,70.06433831499491,58.0,0.04573639276111807,396.739990234375,False
2009-12-01,253.16000366210938,STOXX Europe 600,2009,12,1,200912,20094,200949,1.0584939816877943,False,1.0,10.0,0.0,64.6362346021695,74.6362346021695,58.0,0.09759168532602192,396.739990234375,False
2010-01-01,246.9600067138672,STOXX Europe 600,2010,1,1,201001,20101,200953,0.975509571580994,False,1.0,11.0,0.0,63.05326552537098,74.05326552537099,58.0,0.0732357322517534,396.739990234375,False
2010-02-01,245.8000030517578,STOXX Europe 600,2010,2,1,201002,20101,201005,0.9953028683569264,False,1.0,12.0,0.0,62.75709603667264,74.75709603667264,58.0,0.06795851480960913,396.739990234375,False
2010-03-01,263.57000732421875,STOXX Europe 600,2010,3,1,201003,20101,201009,1.0722945648976219,False,1.0,13.0,0.0,67.29409298888216,80.29409298888216,58.0,0.13090271815326981,396.739990234375,False
2010-04-01,259.9100036621094,STOXX Europe 600,2010,4,1,201004,20102,201013,0.9861137323655829,False,1.0,14.0,0.0,66.3596292034232,80.3596292034232,58.0,0.11610596115865546,396.739990234375,False
2010-05-01,244.97000122070312,STOXX Europe 600,2010,5,1,201005,20102,201017,0.9425185555349817,False,1.0,15.0,0.0,62.54518186264741,77.54518186264741,58.0,0.062262765241745344,396.739990234375,False
2010-06-01,243.32000732421875,STOXX Europe 600,2010,6,1,201006,20102,201022,0.9932645063139881,False,1.0,16.0,0.0,62.12390918512108,78.12390918512108,58.0,0.0557285025016363,396.739990234375,False
2010-07-01,255.35000610351562,STOXX Europe 600,2010,7,1,201007,20103,201026,1.0494410587587528,False,1.0,17.0,0.0,65.19538102946606,82.19538102946606,58.0,0.09593841372621426,396.739990234375,False
2010-08-01,251.30999755859375,STOXX Europe 600,2010,8,1,201008,20103,201030,0.9841785453363799,False,1.0,18.0,0.0,64.16389526423094,82.16389526423094,58.0,0.08110388505567023,396.739990234375,False
2010-09-01,259.7200012207031,STOXX Europe 600,2010,9,1,201009,20103,201035,1.0334646601560233,False,1.0,19.0,0.0,66.31111821353511,85.31111821353511,58.0,0.10793660017578066,396.739990234375,False
2010-10-01,265.9599914550781,STOXX Europe 600,2010,10,1,201010,20104,201039,1.024025836304661,False,1.0,20.0,0.0,67.90429828491253,87.90429828491253,58.0,0.12697818313990417,396.739990234375,False
2010-11-01,261.8299865722656,STOXX Europe 600,2010,11,1,201011,20104,201044,0.9844713302169358,False,1.0,21.0,0.0,66.84983485999543,87.84983485999543,58.0,0.11202322607589155,396.739990234375,False
2010-12-01,275.80999755859375,STOXX Europe 600,2010,12,1,201012,20104,201048,1.053393467911551,False,1.0,22.0,0.0,70.41917937248508,92.41917937248508,58.0,0.1552397421560634,396.739990234375,False
2011-01-01,280.04998779296875,STOXX Europe 600,2011,1,1,201101,20111,201052,1.015372866364187,False,1.0,23.0,0.0,71.50172400645401,94.50172400645401,58.0,0.16668795069696318,396.739990234375,False
2011-02-01,286.4700012207031,STOXX Europe 600,2011,2,1,201102,20111,201105,1.0229245267187101,False,1.0,24.0,0.0,73.1408671888738,97.1408671888738,58.0,0.18464472181553404,396.739990234375,False
2011-03-01,275.8999938964844,STOXX Europe 600,2011,3,1,201103,20111,201109,0.9631025682299091,False,1.0,25.0,0.0,70.44215703216706,95.44215703216706,58.0,0.14990550641165123,396.739990234375,False
2011-04-01,283.7799987792969,STOXX Europe 600,2011,4,1,201104,20112,201113,1.0285610911820788,False,1.0,26.0,0.0,72.45406190222509,98.45406190222509,58.0,0.17207216550267956,396.739990234375,False
2011-05-01,279.04998779296875,STOXX Europe 600,2011,5,1,201105,20112,201117,0.983332119928555,False,1.0,27.0,0.0,71.24640628774974,98.24640628774974,58.0,0.1558400739735264,396.739990234375,False
2011-06-01,272.8599853515625,STOXX Europe 600,2011,6,1,201106,20112,201122,0.9778175856936475,False,1.0,28.0,0.0,69.66598898563616,97.66598898563616,58.0,0.13565103471669948,396.739990234375,False
2011-07-01,265.25,STOXX Europe 600,2011,7,1,201107,20113,201126,0.9721102918709112,False,1.0,29.0,0.0,67.72302488630245,96.72302488630245,58.0,0.11175890673910871,396.739990234375,False
2011-08-01,237.42999267578125,STOXX Europe 600,2011,8,1,201108,20113,201131,0.8951177857710886,False,1.0,30.0,0.0,60.62008408194738,90.62008408194738,58.0,0.029773682749402175,396.739990234375,False
2011-09-01,226.17999267578125,STOXX Europe 600,2011,9,1,201109,20113,201135,0.9526176121507856,False,1.0,31.0,0.0,57.747759746524565,88.74775974652457,58.0,-0.0028341601514093595,396.739990234375,False
2011-10-01,243.47999572753906,STOXX Europe 600,2011,10,1,201110,20114,201139,1.0764877690864398,False,1.0,32.0,0.0,62.164757059275935,94.16475705927593,58.0,0.04627507843639922,396.739990234375,False
2011-11-01,240.0800018310547,STOXX Europe 600,2011,11,1,201111,20114,201144,0.9860358388526954,False,1.0,33.0,0.0,61.29667837401717,94.29667837401718,58.0,0.03622723487930957,396.739990234375,False
2011-12-01,244.5399932861328,STOXX Europe 600,2011,12,1,201112,20114,201148,1.0185771052193537,False,1.0,34.0,0.0,62.435393217768166,96.43539321776817,58.0,0.04821079584530619,396.739990234375,False
2012-01-01,254.41000366210938,STOXX Europe 600,2012,1,1,201201,20121,201152,1.0403615385906542,False,1.0,35.0,0.0,64.95538175054978,99.95538175054978,58.0,0.07478905108118039,396.739990234375,False
2012-02-01,264.32000732421875,STOXX Europe 600,2012,2,1,201202,20121,201205,1.0389528851832068,False,1.0,36.0,0.0,67.48558127791031,103.48558127791031,58.0,0.1009104391267055,396.739990234375,False
2012-03-01,263.32000732421875,STOXX Europe 600,2012,3,1,201203,20121,201209,0.9962167071266256,False,1.0,37.0,0.0,67.23026355920608,104.23026355920608,58.0,0.09716066904427456,396.739990234375,False
2012-04-01,257.2799987792969,STOXX Europe 600,2012,4,1,201204,20122,201213,0.9770620979153894,False,1.0,38.0,0.0,65.68814235656245,103.68814235656245,58.0,0.08008481621419228,396.739990234375,False
2012-05-01,239.72999572753906,STOXX Europe 600,2012,5,1,201205,20122,201218,0.9317863684117443,False,1.0,39.0,0.0,61.20731561413501,100.20731561413501,58.0,0.03306510942407237,396.739990234375,False
2012-06-01,251.1699981689453,STOXX Europe 600,2012,6,1,201206,20122,201222,1.0477203630971912,False,1.0,40.0,0.0,64.12815093944592,104.12815093944592,58.0,0.06253215244332577,396.739990234375,False
2012-07-01,261.3800048828125,STOXX Europe 600,2012,7,1,201207,20123,201226,1.040649786153996,False,1.0,41.0,0.0,66.73494656158556,107.73494656158556,58.0,0.0882317834503592,396.739990234375,False
2012-08-01,266.2300109863281,STOXX Europe 600,2012,8,1,201208,20123,201231,1.018555383016731,False,1.0,42.0,0.0,67.97323905563685,109.97323905563685,58.0,0.09973239055636851,396.739990234375,False
2012-09-01,268.4800109863281,STOXX Europe 600,2012,9,1,201209,20123,201235,1.008451338718968,False,1.0,43.0,0.0,68.54770392272142,111.54770392272142,58.0,0.10443271210615279,396.739990234375,False
2012-10-01,270.29998779296875,STOXX Europe 600,2012,10,1,201210,20124,201240,1.006778816791442,False,1.0,44.0,0.0,69.01237624908757,113.01237624908757,58.0,0.10796447303027024,396.739990234375,False
2012-11-01,275.7799987792969,STOXX Europe 600,2012,11,1,201211,20124,201244,1.0202738114458423,False,1.0,45.0,0.0,70.4115201525911,115.4115201525911,58.0,0.12050019565622416,396.739990234375,False
2012-12-01,279.67999267578125,STOXX Europe 600,2012,12,1,201212,20124,201248,1.0141416850886473,False,1.0,46.0,0.0,71.40725769720198,117.40725769720198,58.0,0.12891593939617296,396.739990234375,False
2013-01-01,287.2200012207031,STOXX Europe 600,2013,1,1,201301,20131,201301,1.0269594134095341,False,1.0,47.0,0.0,73.33235547790198,120.33235547790198,58.0,0.1460224331228761,396.739990234375,False
2013-02-01,289.94000244140625,STOXX Europe 600,2013,2,1,201302,20131,201305,1.0094700968217496,False,1.0,48.0,0.0,74.02681998444469,122.02681998444469,58.0,0.15119641494759128,396.739990234375,False
2013-03-01,293.7799987792969,STOXX Europe 600,2013,3,1,201303,20131,201309,1.0132441067308973,False,1.0,49.0,0.0,75.00723908926759,124.00723908926759,58.0,0.15894615971278125,396.739990234375,False
2013-04-01,296.7200012207031,STOXX Europe 600,2013,4,1,201304,20132,201314,1.0100074969488135,False,1.0,50.0,0.0,75.75787380559235,125.75787380559235,58.0,0.1644247574591884,396.739990234375,False
2013-05-01,300.8800048828125,STOXX Europe 600,2013,5,1,201305,20132,201318,1.0140199637536909,False,1.0,51.0,0.0,76.81999645040345,127.81999645040345,58.0,0.1726605178936096,396.739990234375,False
2013-06-01,285.0199890136719,STOXX Europe 600,2013,6,1,201306,20132,201322,0.9472879034440397,False,1.0,52.0,0.0,72.77065338008126,124.77065338008126,58.0,0.13427866709164782,396.739990234375,False
2013-07-01,299.5799865722656,STOXX Europe 600,2013,7,1,201307,20133,201327,1.0510841278500482,False,1.0,53.0,0.0,76.48807874108087,129.48807874108087,58.0,0.1665592679376655,396.739990234375,False
2013-08-01,297.32000732421875,STOXX Europe 600,2013,8,1,201308,20133,201331,0.9924561741459932,False,1.0,54.0,0.0,75.9110659951506,129.91106599515058,58.0,0.15992023209955875,396.739990234375,False
2013-09-01,310.4599914550781,STOXX Europe 600,2013,9,1,201309,20133,201335,1.0441947524793735,False,1.0,55.0,0.0,79.26593676725167,134.26593676725167,58.0,0.1881941306836432,396.739990234375,False
2013-10-01,322.3699951171875,STOXX Europe 600,2013,10,1,201310,20134,201340,1.0383624427942841,False,1.0,56.0,0.0,82.3067717320207,138.3067717320207,58.0,0.21321729589491856,396.739990234375,False
2013-11-01,325.1600036621094,STOXX Europe 600,2013,11,1,201311,20134,201344,1.008654678125077,False,1.0,57.0,0.0,83.01911034887553,140.01911034887553,58.0,0.21755748129456975,396.739990234375,False
2013-12-01,328.260009765625,STOXX Europe 600,2013,12,1,201312,20134,201348,1.0095337866545757,False,1.0,58.0,0.0,83.81059683519439,141.8105968351944,58.0,0.22250514513098607,396.739990234375,False
2014-01-01,322.5199890136719,STOXX Europe 600,2014,1,1,201401,20141,201401,0.9825137982660408,False,1.0,59.0,0.0,82.34506783149065,141.34506783149067,58.0,0.20807750283325355,396.739990234375,False
2014-02-01,338.0199890136719,STOXX Europe 600,2014,2,1,201402,20141,201405,1.0480590367356826,False,1.0,60.0,0.0,86.30249247140654,146.30249247140654,58.0,0.23985163111361474,396.739990234375,False
2014-03-01,334.30999755859375,STOXX Europe 600,2014,3,1,201403,20141,201409,0.9890243430102944,False,1.0,61.0,0.0,85.35526591668372,146.35526591668372,58.0,0.22987618417381284,396.739990234375,False
2014-04-01,337.8900146484375,STOXX Europe 600,2014,4,1,201404,20142,201414,1.0107086749304177,False,1.0,62.0,0.0,86.26930771298485,148.26930771298487,58.0,0.23557756427487386,396.739990234375,False
2014-05-01,344.239990234375,STOXX Europe 600,2014,5,1,201405,20142,201418,1.0187930252764186,False,1.0,63.0,0.0,87.89056899341412,150.89056899341412,58.0,0.24702949581333988,396.739990234375,False
2014-06-01,341.8599853515625,STOXX Europe 600,2014,6,1,201406,20142,201422,0.9930862045365733,False,1.0,64.0,0.0,87.28291157622945,151.28291157622945,58.0,0.24002386537892995,396.739990234375,False
2014-07-01,335.989990234375,STOXX Europe 600,2014,7,1,201407,20143,201427,0.9828292418864089,False,1.0,65.0,0.0,85.78419781410406,150.78419781410406,58.0,0.225887787106537,396.739990234375,False
2014-08-01,342.0,STOXX Europe 600,2014,8,1,201408,20143,201431,1.0178874667112334,False,1.0,66.0,0.0,87.31865979685371,153.3186597968537,58.0,0.23644080481333618,396.739990234375,False
2014-09-01,343.0799865722656,STOXX Europe 600,2014,9,1,201409,20143,201436,1.003157855474461,False,1.0,67.0,0.0,87.5943995047158,154.5943995047158,58.0,0.23675519603772632,396.739990234375,False
2014-10-01,336.79998779296875,STOXX Europe 600,2014,10,1,201410,20144,201440,0.9816952342745471,False,1.0,68.0,0.0,85.99100454292025,153.99100454292025,58.0,0.2221508297057162,396.739990234375,False
2014-11-01,347.25,STOXX Europe 600,2014,11,1,201411,20144,201444,1.031027353283204,False,1.0,69.0,0.0,88.65907782005102,157.65907782005104,58.0,0.24141006157520506,396.739990234375,False
2014-12-01,342.5400085449219,STOXX Europe 600,2014,12,1,201412,20144,201449,0.9864363097045986,False,1.0,70.0,0.0,87.45653354662397,157.45653354662397,58.0,0.2301291683329998,396.739990234375,False
2015-01-01,367.04998779296875,STOXX Europe 600,2015,1,1,201501,20151,201501,1.071553624793095,False,1.0,71.0,0.0,93.71436553372382,164.71436553372382,58.0,0.2768555467730529,396.739990234375,False
2015-02-01,392.2099914550781,STOXX Europe 600,2015,2,1,201502,20151,201505,1.068546531804547,False,1.0,72.0,0.0,100.13816027132417,172.13816027132418,58.0,0.3241396943948014,396.739990234375,False
2015-03-01,397.29998779296875,STOXX Europe 600,2015,3,1,201503,20151,201509,1.0129777324616516,False,1.0,73.0,0.0,101.4377265245274,174.43772652452742,58.0,0.33158569866051457,397.29998779296875,True
2015-04-01,395.7900085449219,STOXX Europe 600,2015,4,1,201504,20152,201514,0.9961993976983615,True,1.0,74.0,74.0,175.0522020676253,175.0522020676253,132.0,0.32615304596685846,397.29998779296875,False
2015-05-01,399.8699951171875,STOXX Europe 600,2015,5,1,201505,20152,201518,1.010308462781224,False,1.0,1.0,0.0,176.85672117741072,177.85672117741072,132.0,0.3372685802812836,399.8699951171875,True
2015-06-01,381.30999755859375,STOXX Europe 600,2015,6,1,201506,20152,201523,0.9535849206361321,False,1.0,2.0,0.0,168.64790242792776,170.64790242792776,132.0,0.27349180916364,399.8699951171875,False
2015-07-01,396.3699951171875,STOXX Europe 600,2015,7,1,201507,20153,201527,1.0394954175212245,False,1.0,3.0,0.0,175.30872174839752,178.30872174839752,132.0,0.32080534628442603,399.8699951171875,False
2015-08-01,362.7900085449219,STOXX Europe 600,2015,8,1,201508,20153,201531,0.9152812095114877,False,1.0,4.0,0.0,160.45677887978613,164.45677887978613,132.0,0.20924102117489807,399.8699951171875,False
2015-09-01,347.7699890136719,STOXX Europe 600,2015,9,1,201509,20153,201536,0.9585985854696156,False,1.0,5.0,0.0,153.81364126317388,158.81364126317388,132.0,0.15922365885528378,399.8699951171875,False
2015-10-01,375.4700012207031,STOXX Europe 600,2015,10,1,201510,20154,201540,1.0796503812350016,False,1.0,6.0,0.0,166.06495642892943,172.06495642892943,132.0,0.2468475103545611,399.8699951171875,False
2015-11-01,385.42999267578125,STOXX Europe 600,2015,11,1,201511,20154,201544,1.0265267302918926,False,1.0,7.0,0.0,170.47011673905453,177.47011673905453,132.0,0.2767634297773707,399.8699951171875,False
2015-12-01,365.80999755859375,STOXX Europe 600,2015,12,1,201512,20154,201549,0.9490958267648579,False,1.0,8.0,0.0,161.7924763851548,169.7924763851548,132.0,0.21280340275110565,399.8699951171875,False
2016-01-01,342.2699890136719,STOXX Europe 600,2016,1,1,201601,20161,201553,0.935649630403687,False,1.0,9.0,0.0,151.38107073186734,160.38107073186734,132.0,0.13745440235366901,399.8699951171875,False
2016-02-01,333.9200134277344,STOXX Europe 600,2016,2,1,201602,20161,201605,0.9756041258247624,False,1.0,10.0,0.0,147.68799717777998,157.68799717777998,132.0,0.11047885336464769,399.8699951171875,False
2016-03-01,337.5400085449219,STOXX Europe 600,2016,3,1,201603,20161,201609,1.0108409049221931,False,1.0,11.0,0.0,149.28906871333342,160.28906871333342,132.0,0.12090257841491914,399.8699951171875,False
2016-04-01,341.4800109863281,STOXX Europe 600,2016,4,1,201604,20162,201613,1.0116726975815131,False,1.0,12.0,0.0,151.0316748646499,163.0316748646499,132.0,0.13216440878229085,399.8699951171875,False
2016-05-01,347.45001220703125,STOXX Europe 600,2016,5,1,201605,20162,201617,1.017482725280052,False,1.0,13.0,0.0,153.6721201448947,166.6721201448947,132.0,0.14946289755099795,399.8699951171875,False
2016-06-01,329.8800048828125,STOXX Europe 600,2016,6,1,201606,20162,201622,0.9494315535848953,True,1.0,14.0,14.0,159.90115977185206,159.90115977185206,146.0,0.09521342309487713,399.8699951171875,False
2016-07-01,341.8900146484375,STOXX Europe 600,2016,7,1,201607,20163,201626,1.0364072074325676,False,1.0,1.0,0.0,165.72271446437404,166.72271446437404,146.0,0.13416812560798674,399.8699951171875,False
2016-08-01,343.5299987792969,STOXX Europe 600,2016,8,1,201608,20163,201631,1.0047968178671312,False,1.0,2.0,0.0,166.5176561421062,168.5176561421062,146.0,0.13863281177098785,399.8699951171875,False
2016-09-01,342.9200134277344,STOXX Europe 600,2016,9,1,201609,20163,201635,0.9982243607436613,False,1.0,3.0,0.0,166.22198085498675,169.22198085498675,146.0,0.1357179923153473,399.8699951171875,False
2016-10-01,338.9700012207031,STOXX Europe 600,2016,10,1,201610,20164,201639,0.988481243286013,False,1.0,4.0,0.0,164.30731029700115,168.30731029700115,146.0,0.12204873531334104,399.8699951171875,False
2016-11-01,341.989990234375,STOXX Europe 600,2016,11,1,201611,20164,201644,1.0089093105667057,False,1.0,5.0,0.0,165.77117515281722,170.77117515281722,146.0,0.1309349347868689,399.8699951171875,False
2016-12-01,361.4200134277344,STOXX Europe 600,2016,12,1,201612,20164,201648,1.0568145961817288,False,1.0,6.0,0.0,175.18939752769515,181.18939752769515,146.0,0.1920355100506259,399.8699951171875,False
2017-01-01,360.1199951171875,STOXX Europe 600,2017,1,1,201701,20171,201652,0.9964030262236521,False,1.0,7.0,0.0,174.55924585889386,181.55924585889386,146.0,0.18666173763982918,399.8699951171875,False
2017-02-01,370.239990234375,STOXX Europe 600,2017,2,1,201702,20171,201705,1.0281017306853355,False,1.0,8.0,0.0,179.46466277465575,187.46466277465575,146.0,0.21730300503023203,399.8699951171875,False
2017-03-01,381.1400146484375,STOXX Europe 600,2017,3,1,201703,20171,201709,1.0294404297254935,False,1.0,9.0,0.0,184.7481795672824,193.7481795672824,146.0,0.24998825527278967,399.8699951171875,False
2017-04-01,387.0899963378906,STOXX Europe 600,2017,4,1,201704,20172,201713,1.015611012910679,False,1.0,10.0,0.0,187.6322857837317,197.6322857837317,146.0,0.266873626818793,399.8699951171875,False
2017-05-01,389.989990234375,STOXX Europe 600,2017,5,1,201705,20172,201718,1.0074917820763132,False,1.0,11.0,0.0,189.03798597930393,200.03798597930393,146.0,0.27412729923123513,399.8699951171875,False
2017-06-01,379.3699951171875,STOXX Europe 600,2017,6,1,201706,20172,201722,0.9727685443649332,False,1.0,12.0,0.0,183.89020645076613,195.89020645076613,146.0,0.23981143323269705,399.8699951171875,False
2017-07-01,377.8500061035156,STOXX Europe 600,2017,7,1,201707,20173,201726,0.9959933863161679,False,1.0,13.0,0.0,183.15342943327778,196.15342943327778,146.0,0.23366936750489176,399.8699951171875,False
2017-08-01,373.8800048828125,STOXX Europe 600,2017,8,1,201708,20173,201731,0.9894931820654371,False,1.0,14.0,0.0,181.22906969613152,195.22906969613152,146.0,0.22018168560082207,399.8699951171875,False
2017-09-01,388.1600036621094,STOXX Europe 600,2017,9,1,201709,20173,201735,1.0381940692008196,False,1.0,15.0,0.0,188.1509453253057,203.1509453253057,146.0,0.2618071138217746,399.8699951171875,False
2017-10-01,395.2200012207031,STOXX Europe 600,2017,10,1,201710,20174,201739,1.0181883694661633,False,1.0,16.0,0.0,191.57310423429027,207.57310423429027,146.0,0.28131545823635973,399.8699951171875,False
2017-11-01,386.69000244140625,STOXX Europe 600,2017,11,1,201711,20174,201744,0.97841708731099,False,1.0,17.0,0.0,187.43839865203898,204.43839865203898,146.0,0.2542233046137361,399.8699951171875,False
2017-12-01,389.17999267578125,STOXX Europe 600,2017,12,1,201712,20174,201748,1.0064392413009238,False,1.0,18.0,0.0,188.6453597300182,206.6453597300182,146.0,0.26003268128059887,399.8699951171875,False
2018-01-01,395.4599914550781,STOXX Europe 600,2018,1,1,201801,20181,201801,1.016136489278699,False,1.0,19.0,0.0,191.68943355477796,210.68943355477796,146.0,0.27690565790774513,399.8699951171875,False
2018-02-01,379.6300048828125,STOXX Europe 600,2018,2,1,201802,20181,201805,0.9599707001610457,False,1.0,20.0,0.0,184.01623974305446,204.01623974305446,146.0,0.22901349242803892,399.8699951171875,False
2018-03-01,370.8699951171875,STOXX Europe 600,2018,3,1,201803,20181,201809,0.9769248751338053,False,1.0,21.0,0.0,179.77004203357583,200.77004203357583,146.0,0.20221582056033438,399.8699951171875,False
2018-04-01,385.32000732421875,STOXX Europe 600,2018,4,1,201804,20182,201813,1.0389624730964426,False,1.0,22.0,0.0,186.7743274598554,208.7743274598554,146.0,0.24270433011818704,399.8699951171875,False
2018-05-01,383.05999755859375,STOXX Europe 600,2018,5,1,201805,20182,201818,0.9941347199141846,False,1.0,23.0,0.0,185.67884371646355,208.67884371646355,146.0,0.23478605749386716,399.8699951171875,False
2018-06-01,379.92999267578125,STOXX Europe 600,2018,6,1,201806,20182,201822,0.9918289435003358,False,1.0,24.0,0.0,184.161651393664,208.161651393664,146.0,0.2244803023156705,399.8699951171875,False
2018-07-01,391.6099853515625,STOXX Europe 600,2018,7,1,201807,20183,201826,1.030742486513163,False,1.0,25.0,0.0,189.8232384778755,214.8232384778755,146.0,0.2562762484086285,399.8699951171875,False
2018-08-01,382.260009765625,STOXX Europe 600,2018,8,1,201808,20183,201831,0.9761242666538656,False,1.0,26.0,0.0,185.29106945307808,211.29106945307808,146.0,0.2284364503085934,399.8699951171875,False
2018-09-01,383.17999267578125,STOXX Europe 600,2018,9,1,201809,20183,201835,1.002406694099967,False,1.0,27.0,0.0,185.73700837670737,212.73700837670737,146.0,0.22969369003877094,399.8699951171875,False
2018-10-01,361.6099853515625,STOXX Europe 600,2018,10,1,201810,20184,201840,0.9437078977595009,False,1.0,28.0,0.0,175.2814817113213,203.2814817113213,146.0,0.1682843776512719,399.8699951171875,False
2018-11-01,357.489990234375,STOXX Europe 600,2018,11,1,201811,20184,201844,0.9886065228171673,False,1.0,29.0,0.0,173.28441614887026,202.28441614887026,146.0,0.1559109494221158,399.8699951171875,False
2018-12-01,337.6499938964844,STOXX Europe 600,2018,12,1,201812,20184,201848,0.9445019528382228,False,1.0,30.0,0.0,163.66746944903923,193.66746944903923,146.0,0.10038334914226832,399.8699951171875,False
2019-01-01,358.6700134277344,STOXX Europe 600,2019,1,1,201901,20191,201901,1.0622538720900858,False,1.0,31.0,0.0,173.85640315742776,204.85640315742776,146.0,0.15738080879902694,399.8699951171875,False
2019-02-01,372.79998779296875,STOXX Europe 600,2019,2,1,201902,20191,201905,1.0393954717044704,False,1.0,32.0,0.0,180.7055581686572,212.7055581686572,146.0,0.19497504589133263,399.8699951171875,False
2019-03-01,379.0899963378906,STOXX Europe 600,2019,3,1,201903,20191,201909,1.0168723410699654,False,1.0,33.0,0.0,183.75448397931726,216.75448397931726,146.0,0.21091890491238696,399.8699951171875,False
2019-04-01,391.3500061035156,STOXX Europe 600,2019,4,1,201904,20192,201914,1.032340631206468,False,1.0,34.0,0.0,189.6972199782272,223.6972199782272,146.0,0.2427623332123734,399.8699951171875,False
2019-05-01,369.05999755859375,STOXX Europe 600,2019,5,1,201905,20192,201918,0.9430432906674697,False,1.0,35.0,0.0,178.89269055873825,213.89269055873825,146.0,0.18172757214772517,399.8699951171875,False
2019-06-01,384.8699951171875,STOXX Europe 600,2019,6,1,201906,20192,201922,1.0428385565034957,False,1.0,36.0,0.0,186.55619519130113,222.55619519130113,146.0,0.22283623731484137,399.8699951171875,False
2019-07-01,385.7699890136719,STOXX Europe 600,2019,7,1,201907,20193,201927,1.0023384361158378,False,1.0,37.0,0.0,186.99244493576978,223.99244493576978,146.0,0.22400243134300424,399.8699951171875,False
2019-08-01,379.4800109863281,STOXX Europe 600,2019,8,1,201908,20193,201931,0.9836950042603734,False,1.0,38.0,0.0,183.94353391774968,221.94353391774968,146.0,0.2062148582486396,399.8699951171875,False
2019-09-01,393.1499938964844,STOXX Europe 600,2019,9,1,201909,20193,201935,1.0360229327353128,False,1.0,39.0,0.0,190.56971946716448,229.56971946716448,146.0,0.24091740252521343,399.8699951171875,False
2019-10-01,396.75,STOXX Europe 600,2019,10,1,201910,20194,201940,1.0091568260445236,False,1.0,40.0,0.0,192.31473323767898,232.31473323767898,146.0,0.249003942138059,399.8699951171875,False
2019-11-01,407.42999267578125,STOXX Europe 600,2019,11,1,201911,20194,201944,1.0269186960952268,False,1.0,41.0,0.0,197.49159509633867,238.49159509633867,146.0,0.2753561235098325,407.42999267578125,True
2019-12-01,415.8399963378906,STOXX Europe 600,2019,12,1,201912,20194,201948,1.0206415919625282,False,1.0,42.0,0.0,201.56813601834614,243.56813601834614,146.0,0.29557519158694756,415.8399963378906,True
2020-01-01,410.7099914550781,STOXX Europe 600,2020,1,1,202001,20201,202001,0.9876635125817861,False,1.0,43.0,0.0,199.08149324444298,242.08149324444298,146.0,0.2808544616108095,415.8399963378906,False
2020-02-01,375.6499938964844,STOXX Europe 600,2020,2,1,202002,20201,202005,0.9146356351488262,False,1.0,44.0,0.0,182.08702802000784,226.08702802000784,146.0,0.1899317264210938,415.8399963378906,False
2020-03-01,320.05999755859375,STOXX Europe 600,2020,3,1,202003,20201,202009,0.8520165120694525,True,1.0,45.0,45.0,200.14115450669976,200.14115450669976,191.0,0.047859447679056366,415.8399963378906,False
2020-04-01,340.0299987792969,STOXX Europe 600,2020,4,1,202004,20202,202014,1.062394555311609,False,1.0,1.0,0.0,212.6288728416973,213.6288728416973,191.0,0.11265037938384004,415.8399963378906,False
2020-05-01,350.3599853515625,STOXX Europe 600,2020,5,1,202005,20202,202018,1.030379633001059,False,1.0,2.0,0.0,219.0884599640569,221.0884599640569,191.0,0.1455360619899322,415.8399963378906,False
2020-06-01,360.3399963378906,STOXX Europe 600,2020,6,1,202006,20202,202023,1.0284850194188524,False,1.0,3.0,0.0,225.32919900057954,228.32919900057954,191.0,0.1769546340236059,415.8399963378906,False
2020-07-01,356.3299865722656,STOXX Europe 600,2020,7,1,202007,20203,202027,0.9888715940323627,False,1.0,4.0,0.0,222.82164419773855,226.82164419773855,191.0,0.16318791896276186,415.8399963378906,False
2020-08-01,366.510009765625,STOXX Europe 600,2020,8,1,202008,20203,202031,1.0285690892626989,False,1.0,5.0,0.0,229.18745564048507,234.18745564048507,191.0,0.19483395734941356,415.8399963378906,False
2020-09-01,361.0899963378906,STOXX Europe 600,2020,9,1,202009,20203,202036,0.9852118270079435,False,1.0,6.0,0.0,225.7981918988643,231.7981918988643,191.0,0.17664056801453953,415.8399963378906,False
2020-10-01,342.3599853515625,STOXX Europe 600,2020,10,1,202010,20204,202040,0.9481292442984173,False,1.0,7.0,0.0,214.08586904901924,221.08586904901924,191.0,0.11659529822736991,415.8399963378906,False
2020-11-01,389.3599853515625,STOXX Europe 600,2020,11,1,202011,20204,202044,1.1372823986767515,False,1.0,8.0,0.0,243.4760906748655,251.4760906748655,191.0,0.26369894811490213,415.8399963378906,False
2020-12-01,399.0299987792969,STOXX Europe 600,2020,12,1,202012,20204,202049,1.024835663117778,False,1.0,9.0,0.0,249.52298084010002,258.5229808401,191.0,0.29261490420049996,415.8399963378906,False
2021-01-01,395.8500061035156,STOXX Europe 600,2021,1,1,202101,20211,202053,0.9920306927160629,False,1.0,10.0,0.0,247.5344555313813,257.5344555313813,191.0,0.28126594791731985,415.8399963378906,False
2021-02-01,404.989990234375,STOXX Europe 600,2021,2,1,202102,20211,202105,1.0230895136792526,False,1.0,11.0,0.0,253.24990572845948,264.24990572845945,191.0,0.30816785014088843,415.8399963378906,False
2021-03-01,429.6000061035156,STOXX Europe 600,2021,3,1,202103,20211,202109,1.0607669731661722,False,1.0,12.0,0.0,268.63913595419643,280.63913595419643,191.0,0.38245879780392333,429.6000061035156,True
2021-04-01,437.3900146484375,STOXX Europe 600,2021,4,1,202104,20212,202113,1.0181331667463822,False,1.0,13.0,0.0,273.5104142010579,286.5104142010579,191.0,0.40446281471106826,437.3900146484375,True
2021-05-01,446.760009765625,STOXX Europe 600,2021,5,1,202105,20212,202117,1.021422517212056,False,1.0,14.0,0.0,279.3696957569566,293.3696957569566,191.0,0.4310716866193005,446.760009765625,True
2021-06-01,452.8399963378906,STOXX Europe 600,2021,6,1,202106,20212,202122,1.01360906625339,False,1.0,15.0,0.0,283.1716564557025,298.1716564557025,191.0,0.4474352255131189,452.8399963378906,True
2021-07-01,461.739990234375,STOXX Europe 600,2021,7,1,202107,20213,202126,1.0196537275162496,False,1.0,16.0,0.0,288.7370350320079,304.7370350320079,191.0,0.4721595895266082,461.739990234375,True
2021-08-01,470.8800048828125,STOXX Europe 600,2021,8,1,202108,20213,202130,1.0197947217952643,False,1.0,17.0,0.0,294.45250431245597,311.45250431245597,191.0,0.49736780919449997,470.8800048828125,True
2021-09-01,454.80999755859375,STOXX Europe 600,2021,9,1,202109,20213,202135,0.9658723939059207,True,1.0,18.0,18.0,302.4035452318653,302.4035452318653,209.0,0.44690691498500135,470.8800048828125,False
2021-10-01,475.510009765625,STOXX Europe 600,2021,10,1,202110,20214,202139,1.0455135382206817,False,1.0,1.0,0.0,316.1670005458454,317.1670005458454,209.0,0.5103190502183113,475.510009765625,True
2021-11-01,462.9599914550781,STOXX Europe 600,2021,11,1,202111,20214,202144,0.9736072468448504,True,1.0,2.0,2.0,309.8224829446348,309.8224829446348,211.0,0.4683529997376059,475.510009765625,False
2021-12-01,487.79998779296875,STOXX Europe 600,2021,12,1,202112,20214,202148,1.0536547364704643,False,1.0,1.0,0.0,326.44592661965413,327.44592661965413,211.0,0.5445562576398779,487.79998779296875,True
2022-01-01,468.8800048828125,STOXX Europe 600,2022,1,1,202201,20221,202152,0.9612136462000359,False,1.0,2.0,0.0,313.7842794132271,315.7842794132271,211.0,0.48255530240951705,487.79998779296875,False
2022-02-01,453.1099853515625,STOXX Europe 600,2022,2,1,202202,20221,202205,0.9663666196744913,False,1.0,3.0,0.0,303.2306534035564,306.2306534035564,211.0,0.4309843616988618,487.79998779296875,False
2022-03-01,455.8599853515625,STOXX Europe 600,2022,3,1,202203,20221,202209,1.0060691666237862,False,1.0,4.0,0.0,305.0710107645021,309.0710107645021,211.0,0.4375395849511725,487.79998779296875,False
2022-04-01,450.3900146484375,STOXX Europe 600,2022,4,1,202204,20222,202213,0.9880007658515881,False,1.0,5.0,0.0,301.41039227444617,306.41039227444617,211.0,0.41856663090021384,487.79998779296875,False
2022-05-01,443.3500061035156,STOXX Europe 600,2022,5,1,202205,20222,202217,0.9843690838696388,False,1.0,6.0,0.0,296.699071711985,302.699071711985,211.0,0.3949265977510832,487.79998779296875,False
2022-06-01,407.20001220703125,STOXX Europe 600,2022,6,1,202206,20222,202222,0.9184617268550485,False,1.0,7.0,0.0,272.5067417608796,279.5067417608796,211.0,0.28214101725174134,487.79998779296875,False
2022-07-01,438.2900085449219,STOXX Europe 600,2022,7,1,202207,20223,202226,1.0763506763405588,False,1.0,8.0,0.0,293.3128158016848,301.3128158016848,211.0,0.3758576064003871,487.79998779296875,False
2022-08-01,415.1199951171875,STOXX Europe 600,2022,8,1,202208,20223,202231,0.9471354286522377,False,1.0,9.0,0.0,277.8069595235235,286.8069595235235,211.0,0.30366799783419784,487.79998779296875,False
2022-09-01,387.8500061035156,STOXX Europe 600,2022,9,1,202209,20223,202235,0.9343081775524361,True,1.0,10.0,10.0,269.55731406380664,269.55731406380664,221.0,0.21971635322989425,487.79998779296875,False
2022-10-01,412.20001220703125,STOXX Europe 600,2022,10,1,202210,20224,202239,1.0627820181006178,False,1.0,1.0,0.0,286.4806662345145,287.4806662345145,221.0,0.2949579560113267,487.79998779296875,False
2022-11-01,440.0400085449219,STOXX Europe 600,2022,11,1,202211,20224,202244,1.0675400182276262,False,1.0,2.0,0.0,305.8295756538561,307.8295756538561,221.0,0.38040168454643997,487.79998779296875,False
2022-12-01,424.8900146484375,STOXX Europe 600,2022,12,1,202212,20224,202248,0.9655713262378556,False,1.0,3.0,0.0,295.30026896685445,298.30026896685445,221.0,0.3316976293163145,487.79998779296875,False
2023-01-01,453.2099914550781,STOXX Europe 600,2023,1,1,202301,20231,202252,1.066652488480044,False,1.0,4.0,0.0,314.9827667423216,318.9827667423216,221.0,0.4177011855214292,487.79998779296875,False
2023-02-01,461.1099853515625,STOXX Europe 600,2023,2,1,202302,20231,202305,1.0174311997648608,False,1.0,5.0,0.0,320.47329427189555,325.47329427189555,221.0,0.4401473197871484,487.79998779296875,False
2023-03-01,457.8399963378906,STOXX Europe 600,2023,3,1,202303,20231,202309,0.9929084402473333,False,1.0,6.0,0.0,318.20063875643245,324.20063875643245,221.0,0.4281966465041078,487.79998779296875,False
2023-04-01,466.6400146484375,STOXX Europe 600,2023,4,1,202304,20232,202313,1.0192207285971853,False,1.0,7.0,0.0,324.31668687342085,331.31668687342085,221.0,0.453143363479916,487.79998779296875,False
2023-05-01,451.760009765625,STOXX Europe 600,2023,5,1,202305,20232,202318,0.9681124541065709,False,1.0,8.0,0.0,313.97502363673976,321.97502363673976,221.0,0.4060044700294312,487.79998779296875,False
2023-06-01,461.92999267578125,STOXX Europe 600,2023,6,1,202306,20232,202322,1.0225119149334012,False,1.0,9.0,0.0,321.04320266006266,330.04320266006266,221.0,0.43497044634809856,487.79998779296875,False
2023-07-01,471.3500061035156,STOXX Europe 600,2023,7,1,202307,20233,202326,1.0203927295847752,False,1.0,10.0,0.0,327.59014987693956,337.59014987693956,221.0,0.4614292202464916,487.79998779296875,False
2023-08-01,458.19000244140625,STOXX Europe 600,2023,8,1,202308,20233,202331,0.972080187776174,False,1.0,11.0,0.0,318.44389440600037,329.44389440600037,221.0,0.4200167862327602,487.79998779296875,False
2023-09-01,450.2200012207031,STOXX Europe 600,2023,9,1,202309,20233,202335,0.9826054667752766,False,1.0,12.0,0.0,312.9047115045449,324.9047115045449,221.0,0.39444082190791785,487.79998779296875,False
2023-10-01,433.6600036621094,STOXX Europe 600,2023,10,1,202310,20234,202339,0.9632179878421797,False,1.0,13.0,0.0,301.39544660174545,314.39544660174545,221.0,0.3435702846228439,487.79998779296875,False
2023-11-01,461.6099853515625,STOXX Europe 600,2023,11,1,202311,20234,202344,1.0644513707822376,False,1.0,14.0,0.0,320.8207962827526,334.8207962827526,221.0,0.4247693458840536,487.79998779296875,False
2023-12-01,479.0199890136719,STOXX Europe 600,2023,12,1,202312,20234,202348,1.0377158298446467,False,1.0,15.0,0.0,332.92081884597695,347.92081884597695,221.0,0.4742407578219363,487.79998779296875,False
2024-01-01,485.6700134277344,STOXX Europe 600,2024,1,1,202401,20241,202401,1.013882561409922,False,1.0,16.0,0.0,337.5426125582478,353.5426125582478,221.0,0.4917409812584297,487.79998779296875,False
2024-02-01,494.6099853515625,STOXX Europe 600,2024,2,1,202402,20241,202405,1.0184075023712749,False,1.0,17.0,0.0,343.7559289993201,360.7559289993201,221.0,0.5157812142828575,494.6099853515625,True
2024-03-01,512.6699829101562,STOXX Europe 600,2024,3,1,202403,20241,202409,1.0365136129343546,False,1.0,18.0,0.0,356.30769993469073,374.30769993469073,221.0,0.5661410039108399,512.6699829101562,True
2024-04-01,504.8900146484375,STOXX Europe 600,2024,4,1,202404,20242,202414,0.9848246074061993,True,1.0,19.0,19.0,369.90059070398763,369.90059070398763,240.0,0.5412524612666152,512.6699829101562,False
2024-05-01,518.1699829101562,STOXX Europe 600,2024,5,1,202405,20242,202418,1.0263026953919179,False,1.0,1.0,0.0,379.6299732665651,380.6299732665651,240.0,0.5793774824338802,518.1699829101562,True
2024-06-01,511.4200134277344,STOXX Europe 600,2024,6,1,202406,20242,202422,0.9869734455776219,True,1.0,2.0,2.0,376.68470275944225,376.68470275944225,242.0,0.5565483585100919,518.1699829101562,False
2024-07-01,518.1799926757812,STOXX Europe 600,2024,7,1,202407,20243,202427,1.013218057703176,False,1.0,1.0,0.0,381.6637428964202,382.6637428964202,242.0,0.5747479131539928,518.1799926757812,True
2024-08-01,525.0499877929688,STOXX Europe 600,2024,8,1,202408,20243,202431,1.013257932020324,False,1.0,2.0,0.0,386.7238148543634,388.7238148543634,242.0,0.5931303887473911,525.0499877929688,True
2024-09-01,522.8900146484375,STOXX Europe 600,2024,9,1,202409,20243,202435,0.9958861571378934,False,1.0,3.0,0.0,385.1328938490182,388.1328938490182,242.0,0.5842158932612989,525.0499877929688,False
2024-10-01,505.3900146484375,STOXX Europe 600,2024,10,1,202410,20244,202440,0.9665321587528,True,1.0,4.0,4.0,376.24332729860447,376.24332729860447,246.0,0.5294444199130264,525.0499877929688,False
2024-11-01,510.25,STOXX Europe 600,2024,11,1,202411,20244,202444,1.0096163066358628,False,1.0,1.0,0.0,379.86139850360513,380.86139850360513,246.0,0.5419489817959722,525.0499877929688,False
2024-12-01,507.6199951171875,STOXX Europe 600,2024,12,1,202412,20244,202448,0.9948456543207986,False,1.0,2.0,0.0,377.90346154553265,379.90346154553265,246.0,0.5318687965545672,525.0499877929688,False
2025-01-01,539.530029296875,STOXX Europe 600,2025,1,1,202501,20251,202501,1.0628620513112783,False,1.0,3.0,0.0,401.6592483359176,404.6592483359176,246.0,0.6251375435177413,539.530029296875,True
2025-02-01,557.1900024414062,STOXX Europe 600,2025,2,1,202502,20251,202505,1.032732141281452,False,1.0,4.0,0.0,414.80641559945076,418.80641559945076,246.0,0.675225662397803,557.1900024414062,True
2025-03-01,533.9199829101562,STOXX Europe 600,2025,3,1,202503,20251,202509,0.9582368322667507,False,1.0,5.0,0.0,397.48278568794296,402.48278568794296,246.0,0.603517074453956,557.1900024414062,False
2025-04-01,527.47998046875,STOXX Europe 600,2025,4,1,202504,20252,202514,0.9879382629466222,True,1.0,6.0,6.0,398.68845284373094,398.68845284373094,252.0,0.5820970350941703,557.1900024414062,False
2025-05-01,548.6699829101562,STOXX Europe 600,2025,5,1,202505,20252,202518,1.0401721453439343,False,1.0,1.0,0.0,414.70462331831754,415.70462331831754,252.0,0.6431012779380141,557.1900024414062,False
2025-06-01,541.3699951171875,STOXX Europe 600,2025,6,1,202506,20252,202522,0.9866951208917071,False,1.0,2.0,0.0,409.1870284394172,411.1870284394172,252.0,0.6188465686591227,557.1900024414062,False
2025-07-01,546.1099853515625,STOXX Europe 600,2025,7,1,202507,20253,202527,1.0087555466263862,False,1.0,3.0,0.0,412.76968454583096,415.76968454583096,252.0,0.6304693511601214,557.1900024414062,False
2025-08-01,550.1400146484375,STOXX Europe 600,2025,8,1,202508,20253,202531,1.0073795195198283,False,1.0,4.0,0.0,415.81572649013026,419.81572649013026,252.0,0.6399051816020713,557.1900024414062,False
2025-09-01,558.1799926757812,STOXX Europe 600,2025,9,1,202509,20253,202536,1.0146144214441148,False,1.0,5.0,0.0,421.89263276014776,426.89263276014776,252.0,0.661060827860497,558.1799926757812,True
2025-10-01,571.8900146484375,STOXX Europe 600,2025,10,1,202510,20254,202540,1.0245620089443437,False,1.0,6.0,0.0,432.2551633795552,438.2551633795552,252.0,0.6986634239517644,571.8900146484375,True
2025-11-01,576.4299926757812,STOXX Europe 600,2025,11,1,202511,20254,202544,1.007938550964445,False,1.0,7.0,0.0,435.6866430236883,442.6866430236883,252.0,0.7092148379292984,576.4299926757812,True
2025-12-01,592.1900024414062,STOXX Europe 600,2025,12,1,202512,20254,202549,1.0273407178076686,False,1.0,8.0,0.0,447.59862858316944,455.59862858316944,252.0,0.7523024176275748,592.1900024414062,True
2026-01-01,611.0,STOXX Europe 600,2026,1,1,202601,20261,202601,1.0317634500431385,False,1.0,9.0,0.0,461.8159052615482,470.8159052615482,252.0,0.8038923573239396,611.0,True
2026-02-01,633.8499755859375,STOXX Europe 600,2026,2,1,202602,20261,202605,1.0373976687167554,False,1.0,10.0,0.0,479.0867434946481,489.0867434946481,252.0,0.8667432957810997,633.8499755859375,True
2026-03-01,573.280029296875,STOXX Europe 600,2026,3,1,202603,20261,202609,0.9044411948851603,True,0.5,10.5,10.5,443.8057867399398,443.8057867399398,262.5,0.6906887113902467,633.8499755859375,False
2026-03-20,573.280029296875,STOXX Europe 600,2026,3,20,202603,20261,202612,1.0,False,0.5,0.5,0.0,443.8057867399398,444.3057867399398,262.5,0.6893756149807595,633.8499755859375,False
