date,price,index_name,year,month,day,month_key,quarter_key,week_key,return_factor,investment_signal,cash_inflow,cash_balance,contribution,invested_wealth,wealth,total_contribution,wealth_return,dip_window,running_window_peak,drawdown_from_window_peak,threshold_hit,fallback_execution
2004-05-01,236.92999267578125,STOXX Europe 600,2004,5,1,200405,20042,200418,1.0,False,0.0,0.0,0.0,0.0,0.0,0.0,0.0,0,236.92999267578125,0.0,False,False
2004-06-01,240.86000061035156,STOXX Europe 600,2004,6,1,200406,20042,200423,1.016587211649258,True,1.0,1.0,1.0,1.0,1.0,1.0,0.0,0,240.86000061035156,0.0,False,True
2004-07-01,236.39999389648438,STOXX Europe 600,2004,7,1,200407,20043,200427,0.9814829913536274,True,1.0,1.0,1.0,1.9814829913536274,1.9814829913536274,2.0,-0.009258504323186312,1,236.39999389648438,0.0,False,True
2004-08-01,233.6300048828125,STOXX Europe 600,2004,8,1,200408,20043,200431,0.9882826180829565,True,1.0,1.0,1.0,2.958265198381811,2.958265198381811,3.0,-0.01391160053939633,2,233.6300048828125,0.0,False,True
2004-09-01,237.74000549316406,STOXX Europe 600,2004,9,1,200409,20043,200436,1.0175919210908424,True,1.0,1.0,1.0,4.0103067663175285,4.0103067663175285,4.0,0.0025766915793821177,3,237.74000549316406,0.0,False,True
2004-10-01,240.3000030517578,STOXX Europe 600,2004,10,1,200410,20044,200440,1.0107680554363718,True,1.0,1.0,1.0,5.053489971894092,5.053489971894092,5.0,0.010697994378818354,4,240.3000030517578,0.0,False,True
2004-11-01,246.50999450683594,STOXX Europe 600,2004,11,1,200411,20044,200445,1.0258426607416253,True,1.0,1.0,1.0,6.184085598798957,6.184085598798957,6.0,0.03068093313315945,5,246.50999450683594,0.0,False,True
2004-12-01,251.02000427246094,STOXX Europe 600,2004,12,1,200412,20044,200449,1.0182954438607963,True,1.0,1.0,1.0,7.297226189702141,7.297226189702141,7.0,0.04246088424316308,6,251.02000427246094,0.0,False,True
2005-01-01,256.8500061035156,STOXX Europe 600,2005,1,1,200501,20051,200453,1.0232252479158064,True,1.0,1.0,1.0,8.46670607705569,8.46670607705569,8.0,0.058338259631961265,7,256.8500061035156,0.0,False,True
2005-02-01,264.2900085449219,STOXX Europe 600,2005,2,1,200502,20051,200505,1.02896633157333,True,1.0,1.0,1.0,9.711955492617612,9.711955492617612,9.0,0.0791061658464014,8,264.2900085449219,0.0,False,True
2005-03-01,262.19000244140625,STOXX Europe 600,2005,3,1,200503,20051,200509,0.9920541600680349,True,1.0,1.0,1.0,10.634785848846905,10.634785848846905,10.0,0.06347858488469038,9,262.19000244140625,0.0,False,True
2005-04-01,256.05999755859375,STOXX Europe 600,2005,4,1,200504,20052,200513,0.9766199899853831,True,1.0,1.0,1.0,11.386144449197557,11.386144449197557,11.0,0.0351040408361416,10,256.05999755859375,0.0,False,True
2005-05-01,267.2900085449219,STOXX Europe 600,2005,5,1,200505,20052,200517,1.0438569518605043,True,1.0,1.0,1.0,12.885506038182763,12.885506038182763,12.0,0.07379216984856352,11,267.2900085449219,0.0,False,True
2005-06-01,275.9200134277344,STOXX Europe 600,2005,6,1,200506,20052,200522,1.0322870463052198,True,1.0,1.0,1.0,14.30154096830376,14.30154096830376,13.0,0.10011853602336607,12,275.9200134277344,0.0,False,True
2005-07-01,285.0299987792969,STOXX Europe 600,2005,7,1,200507,20053,200526,1.0330167617723334,True,1.0,1.0,1.0,15.77373153943151,15.77373153943151,14.0,0.1266951099593936,13,285.0299987792969,0.0,False,True
2005-08-01,284.82000732421875,STOXX Europe 600,2005,8,1,200508,20053,200531,0.9992632654247712,True,1.0,1.0,1.0,16.762110486026035,16.762110486026035,15.0,0.1174740324017356,14,284.82000732421875,0.0,False,True
2005-09-01,297.3999938964844,STOXX Europe 600,2005,9,1,200509,20053,200535,1.0441681983314657,True,1.0,1.0,1.0,18.502462706426776,18.502462706426776,16.0,0.1564039191516735,15,297.3999938964844,0.0,False,True
2005-10-01,290.2900085449219,STOXX Europe 600,2005,10,1,200510,20054,200539,0.976092853068325,True,1.0,1.0,1.0,19.060121611906393,19.060121611906393,17.0,0.1211836242297879,16,290.2900085449219,0.0,False,True
2005-11-01,299.4700012207031,STOXX Europe 600,2005,11,1,200511,20054,200544,1.031623522703368,True,1.0,1.0,1.0,20.662869800429476,20.662869800429476,18.0,0.14793721113497083,17,299.4700012207031,0.0,False,True
2005-12-01,310.0299987792969,STOXX Europe 600,2005,12,1,200512,20054,200548,1.0352622884280527,True,1.0,1.0,1.0,22.39148987508352,22.39148987508352,19.0,0.17849946710965892,18,310.0299987792969,0.0,False,True
2006-01-01,321.0400085449219,STOXX Europe 600,2006,1,1,200601,20061,200552,1.0355127239588926,True,1.0,1.0,1.0,24.1866726740457,24.1866726740457,20.0,0.20933363370228486,19,321.0400085449219,0.0,False,True
2006-02-01,327.8800048828125,STOXX Europe 600,2006,2,1,200602,20061,200605,1.02130574431795,True,1.0,1.0,1.0,25.701987737940865,25.701987737940865,21.0,0.22390417799718398,20,327.8800048828125,0.0,False,True
2006-03-01,334.44000244140625,STOXX Europe 600,2006,3,1,200603,20061,200609,1.0200073120071422,True,1.0,1.0,1.0,27.216215425817595,27.216215425817595,22.0,0.2371007011735271,21,334.44000244140625,0.0,False,True
2006-04-01,336.4800109863281,STOXX Europe 600,2006,4,1,200604,20062,200613,1.0060997743392832,True,1.0,1.0,1.0,28.382228198284402,28.382228198284402,23.0,0.23400992166453927,22,336.4800109863281,0.0,False,True
2006-05-01,318.8599853515625,STOXX Europe 600,2006,5,1,200605,20062,200618,0.9476342574314717,True,1.0,1.0,1.0,27.895971742931813,27.895971742931813,24.0,0.16233215595549222,23,318.8599853515625,0.0,False,True
2006-06-01,320.6600036621094,STOXX Europe 600,2006,6,1,200606,20062,200622,1.0056451683912682,True,1.0,1.0,1.0,29.05344920085872,29.05344920085872,25.0,0.16213796803434866,24,320.6600036621094,0.0,False,True
2006-07-01,326.0400085449219,STOXX Europe 600,2006,7,1,200607,20063,200626,1.0167779106261148,True,1.0,1.0,1.0,30.540905374931096,30.540905374931096,26.0,0.17465020672811904,25,326.0400085449219,0.0,False,True
2006-08-01,334.7300109863281,STOXX Europe 600,2006,8,1,200608,20063,200631,1.0266531781795392,True,1.0,1.0,1.0,32.35491756765358,32.35491756765358,27.0,0.1983302802834659,26,334.7300109863281,0.0,False,True
2006-09-01,341.42999267578125,STOXX Europe 600,2006,9,1,200609,20063,200635,1.0200160770458278,True,1.0,1.0,1.0,34.002536090499135,34.002536090499135,28.0,0.2143762889463976,27,341.42999267578125,0.0,False,True
2006-10-01,353.3399963378906,STOXX Europe 600,2006,10,1,200610,20064,200639,1.0348827107096563,True,1.0,1.0,1.0,36.188636720338664,36.188636720338664,29.0,0.2478840248392642,28,353.3399963378906,0.0,False,True
2006-11-01,351.7799987792969,STOXX Europe 600,2006,11,1,200611,20064,200644,0.9955849958262241,True,1.0,1.0,1.0,37.028863738175104,37.028863738175104,30.0,0.23429545793917006,29,351.7799987792969,0.0,False,True
2006-12-01,365.260009765625,STOXX Europe 600,2006,12,1,200612,20064,200648,1.0383194355367127,True,1.0,1.0,1.0,39.44778889518782,39.44778889518782,31.0,0.2725093191996071,30,365.260009765625,0.0,False,True
2007-01-01,372.7200012207031,STOXX Europe 600,2007,1,1,200701,20071,200701,1.0204237837584929,True,1.0,1.0,1.0,41.253462005333816,41.253462005333816,32.0,0.28917068766668175,31,372.7200012207031,0.0,False,True
2007-02-01,365.0299987792969,STOXX Europe 600,2007,2,1,200702,20071,200705,0.9793678836225034,True,1.0,1.0,1.0,41.402315776265134,41.402315776265134,33.0,0.254615629583792,32,365.0299987792969,0.0,False,True
2007-03-01,374.2200012207031,STOXX Europe 600,2007,3,1,200703,20071,200709,1.02517601970287,True,1.0,1.0,1.0,43.44466129399283,43.44466129399283,34.0,0.2777841557056715,33,374.2200012207031,0.0,False,True
2007-04-01,386.92999267578125,STOXX Europe 600,2007,4,1,200704,20072,200713,1.0339639554636797,True,1.0,1.0,1.0,45.92021383531666,45.92021383531666,35.0,0.31200610958047603,34,386.92999267578125,0.0,False,True
2007-05-01,396.739990234375,STOXX Europe 600,2007,5,1,200705,20072,200718,1.0253534172700172,True,1.0,1.0,1.0,48.08444817781185,48.08444817781185,36.0,0.3356791160503292,35,396.739990234375,0.0,False,True
2007-06-01,393.7099914550781,STOXX Europe 600,2007,6,1,200706,20072,200722,0.9923627593540372,True,1.0,1.0,1.0,48.71721567574958,48.71721567574958,37.0,0.3166815047499887,36,393.7099914550781,0.0,False,True
2007-07-01,380.07000732421875,STOXX Europe 600,2007,7,1,200707,20073,200726,0.9653552502428283,True,1.0,1.0,1.0,48.02941992979707,48.02941992979707,38.0,0.2639321034157125,37,380.07000732421875,0.0,False,True
2007-08-01,375.94000244140625,STOXX Europe 600,2007,8,1,200708,20073,200731,0.9891335680184588,True,1.0,1.0,1.0,48.50751150501706,48.50751150501706,39.0,0.24378234628248863,38,375.94000244140625,0.0,False,True
2007-09-01,377.8599853515625,STOXX Europe 600,2007,9,1,200709,20073,200735,1.0051071524649882,True,1.0,1.0,1.0,49.75524676197034,49.75524676197034,40.0,0.2438811690492586,39,377.8599853515625,0.0,False,True
2007-10-01,388.42999267578125,STOXX Europe 600,2007,10,1,200710,20074,200740,1.027973343920988,True,1.0,1.0,1.0,52.147067391516565,52.147067391516565,41.0,0.27187969247601385,40,388.42999267578125,0.0,False,True
2007-11-01,370.3599853515625,STOXX Europe 600,2007,11,1,200711,20074,200744,0.9534793716629869,True,1.0,1.0,1.0,50.721153050530646,50.721153050530646,42.0,0.20764650120311057,41,370.3599853515625,0.0,False,True
2007-12-01,364.6400146484375,STOXX Europe 600,2007,12,1,200712,20074,200748,0.9845556460488156,True,1.0,1.0,1.0,50.93779761000606,50.93779761000606,43.0,0.1845999444187456,42,364.6400146484375,0.0,False,True
2008-01-01,322.1600036621094,STOXX Europe 600,2008,1,1,200801,20081,200801,0.8835015103120687,True,1.0,1.0,1.0,46.003621120410834,46.003621120410834,44.0,0.045536843645700875,43,322.1600036621094,0.0,False,True
2008-02-01,318.95001220703125,STOXX Europe 600,2008,2,1,200802,20081,200805,0.9900360335901757,True,1.0,1.0,1.0,46.54524258483678,46.54524258483678,45.0,0.03433872410748395,44,318.95001220703125,0.0,False,True
2008-03-01,305.9599914550781,STOXX Europe 600,2008,3,1,200803,20081,200809,0.9592725497576677,True,1.0,1.0,1.0,45.64957353344555,45.64957353344555,46.0,-0.007617966664227205,45,305.9599914550781,0.0,False,True
2008-04-01,323.0899963378906,STOXX Europe 600,2008,4,1,200804,20082,200814,1.055987728334499,True,1.0,1.0,1.0,49.20538945502184,49.20538945502184,47.0,0.04692317989408168,46,323.0899963378906,0.0,False,True
2008-05-01,322.1199951171875,STOXX Europe 600,2008,5,1,200805,20082,200818,0.9969977367554003,True,1.0,1.0,1.0,50.05766192282481,50.05766192282481,48.0,0.04286795672551702,47,322.1199951171875,0.0,False,True
2008-06-01,289.3900146484375,STOXX Europe 600,2008,6,1,200806,20082,200822,0.8983919627316435,True,1.0,1.0,1.0,45.97140114460364,45.97140114460364,49.0,-0.061808139906048165,48,289.3900146484375,0.0,False,True
2008-07-01,283.760009765625,STOXX Europe 600,2008,7,1,200807,20083,200827,0.980545269021628,True,1.0,1.0,1.0,46.07703990263655,46.07703990263655,50.0,-0.07845920194726896,49,283.760009765625,0.0,False,True
2008-08-01,288.17999267578125,STOXX Europe 600,2008,8,1,200808,20083,200831,1.0155764827954685,True,1.0,1.0,1.0,47.794758121946096,47.794758121946096,51.0,-0.06284787996184127,50,288.17999267578125,0.0,False,True
2008-09-01,256.04998779296875,STOXX Europe 600,2008,9,1,200809,20083,200836,0.8885071632333597,True,1.0,1.0,1.0,43.4659849563549,43.4659849563549,52.0,-0.16411567391625193,51,256.04998779296875,0.0,False,True
2008-10-01,222.07000732421875,STOXX Europe 600,2008,10,1,200810,20084,200840,0.8672916145724452,True,1.0,1.0,1.0,38.697684271778655,38.697684271778655,53.0,-0.2698550137400254,52,222.07000732421875,0.0,False,True
2008-11-01,206.25,STOXX Europe 600,2008,11,1,200811,20084,200844,0.9287611707909669,True,1.0,1.0,1.0,36.94090655115633,36.94090655115633,54.0,-0.3159091379415494,53,206.25,0.0,False,True
2008-12-01,196.89999389648438,STOXX Europe 600,2008,12,1,200812,20084,200849,0.9546666370738637,True,1.0,1.0,1.0,36.266251027652274,36.266251027652274,55.0,-0.3406136176790495,54,196.89999389648438,0.0,False,True
2009-01-01,191.22999572753906,STOXX Europe 600,2009,1,1,200901,20091,200901,0.9712036650853012,True,1.0,1.0,1.0,36.22191591695946,36.22191591695946,56.0,-0.35318007291143816,55,191.22999572753906,0.0,False,True
2009-02-01,172.9199981689453,STOXX Europe 600,2009,2,1,200902,20091,200905,0.9042514356132628,True,1.0,1.0,1.0,33.753719468573486,33.753719468573486,57.0,-0.4078294830074827,56,172.9199981689453,0.0,False,True
2009-03-01,176.4600067138672,STOXX Europe 600,2009,3,1,200903,20091,200909,1.020471944149937,True,1.0,1.0,1.0,35.44472372838676,35.44472372838676,58.0,-0.3888840736485041,57,176.4600067138672,0.0,False,True
2009-04-01,200.22999572753906,STOXX Europe 600,2009,4,1,200904,20092,200914,1.1347046815668285,True,1.0,1.0,1.0,41.219293951443305,41.219293951443305,59.0,-0.3013678991280796,58,200.22999572753906,0.0,False,True
2009-05-01,208.2100067138672,STOXX Europe 600,2009,5,1,200905,20092,200918,1.0398542234260788,True,1.0,1.0,1.0,43.862056902049346,43.862056902049346,60.0,-0.2689657182991776,59,208.2100067138672,0.0,False,True
2009-06-01,205.8300018310547,STOXX Europe 600,2009,6,1,200906,20092,200923,0.9885692099031377,True,1.0,1.0,1.0,44.36067893638538,44.36067893638538,61.0,-0.2727757551412232,60,205.8300018310547,0.0,False,True
2009-07-01,224.91000366210938,STOXX Europe 600,2009,7,1,200907,20093,200927,1.0926978655265016,True,1.0,1.0,1.0,49.47281918709476,49.47281918709476,62.0,-0.2020513034339555,61,224.91000366210938,0.0,False,True
2009-08-01,235.6199951171875,STOXX Europe 600,2009,8,1,200908,20093,200931,1.0476190088510609,True,1.0,1.0,1.0,52.828665801851955,52.828665801851955,63.0,-0.1614497491769531,62,235.6199951171875,0.0,False,True
2009-09-01,242.47000122070312,STOXX Europe 600,2009,9,1,200909,20093,200936,1.0290722614611238,True,1.0,1.0,1.0,55.36451458668572,55.36451458668572,64.0,-0.1349294595830356,63,242.47000122070312,0.0,False,True
2009-10-01,236.92999267578125,STOXX Europe 600,2009,10,1,200910,20094,200940,0.9771517774692499,True,1.0,1.0,1.0,55.099533837102165,55.099533837102165,65.0,-0.15231486404458205,64,236.92999267578125,0.0,False,True
2009-11-01,239.1699981689453,STOXX Europe 600,2009,11,1,200911,20094,200944,1.0094542926704486,True,1.0,1.0,1.0,56.62046095600341,56.62046095600341,66.0,-0.14211422793934225,65,239.1699981689453,0.0,False,True
2009-12-01,253.16000366210938,STOXX Europe 600,2009,12,1,200912,20094,200949,1.0584939816877943,True,1.0,1.0,1.0,60.93241716231835,60.93241716231835,67.0,-0.09056093787584552,66,253.16000366210938,0.0,False,True
2010-01-01,246.9600067138672,STOXX Europe 600,2010,1,1,201001,20101,200953,0.975509571580994,True,1.0,1.0,1.0,60.44015616140757,60.44015616140757,68.0,-0.11117417409694752,67,246.9600067138672,0.0,False,True
2010-02-01,245.8000030517578,STOXX Europe 600,2010,2,1,201002,20101,201005,0.9953028683569264,True,1.0,1.0,1.0,61.15626079138952,61.15626079138952,69.0,-0.11367737983493453,68,245.8000030517578,0.0,False,True
2010-03-01,263.57000732421875,STOXX Europe 600,2010,3,1,201003,20101,201009,1.0722945648976219,True,1.0,1.0,1.0,66.57752605606852,66.57752605606852,70.0,-0.04889248491330689,69,263.57000732421875,0.0,False,True
2010-04-01,259.9100036621094,STOXX Europe 600,2010,4,1,201004,20102,201013,0.9861137323655829,True,1.0,1.0,1.0,66.65301271081658,66.65301271081658,71.0,-0.06122517308709041,70,259.9100036621094,0.0,False,True
2010-05-01,244.97000122070312,STOXX Europe 600,2010,5,1,201005,20102,201017,0.9425185555349817,True,1.0,1.0,1.0,63.821701262253605,63.821701262253605,72.0,-0.11358748246869999,71,244.97000122070312,0.0,False,True
2010-06-01,243.32000732421875,STOXX Europe 600,2010,6,1,201006,20102,201022,0.9932645063139881,True,1.0,1.0,1.0,64.39183059637116,64.39183059637116,73.0,-0.11792012881683334,72,243.32000732421875,0.0,False,True
2010-07-01,255.35000610351562,STOXX Europe 600,2010,7,1,201007,20103,201026,1.0494410587587528,True,1.0,1.0,1.0,68.57543087647,68.57543087647,74.0,-0.07330498815581088,73,255.35000610351562,0.0,False,True
2010-08-01,251.30999755859375,STOXX Europe 600,2010,8,1,201008,20103,201030,0.9841785453363799,True,1.0,1.0,1.0,68.49046780581972,68.49046780581972,75.0,-0.08679376258907046,74,251.30999755859375,0.0,False,True
2010-09-01,259.7200012207031,STOXX Europe 600,2010,9,1,201009,20103,201035,1.0334646601560233,True,1.0,1.0,1.0,71.78247803486853,71.78247803486853,76.0,-0.05549371006751935,75,259.7200012207031,0.0,False,True
2010-10-01,265.9599914550781,STOXX Europe 600,2010,10,1,201010,20104,201039,1.024025836304661,True,1.0,1.0,1.0,74.50711210167722,74.50711210167722,77.0,-0.032375167510685476,76,265.9599914550781,0.0,False,True
2010-11-01,261.8299865722656,STOXX Europe 600,2010,11,1,201011,20104,201044,0.9844713302169358,True,1.0,1.0,1.0,74.35011576136053,74.35011576136053,78.0,-0.04679338767486507,77,261.8299865722656,0.0,False,True
2010-12-01,275.80999755859375,STOXX Europe 600,2010,12,1,201012,20104,201048,1.053393467911551,True,1.0,1.0,1.0,79.31992628148484,79.31992628148484,79.0,0.004049699765630965,78,275.80999755859375,0.0,False,True
2011-01-01,280.04998779296875,STOXX Europe 600,2011,1,1,201101,20111,201052,1.015372866364187,True,1.0,1.0,1.0,81.53930090822728,81.53930090822728,80.0,0.019241261352840988,79,280.04998779296875,0.0,False,True
2011-02-01,286.4700012207031,STOXX Europe 600,2011,2,1,201102,20111,201105,1.0229245267187101,True,1.0,1.0,1.0,84.40855079052287,84.40855079052287,81.0,0.042080873957072384,80,286.4700012207031,0.0,False,True
2011-03-01,275.8999938964844,STOXX Europe 600,2011,3,1,201103,20111,201109,0.9631025682299091,True,1.0,1.0,1.0,82.29409204691731,82.29409204691731,82.0,0.003586488377040453,81,275.8999938964844,0.0,False,True
2011-04-01,283.7799987792969,STOXX Europe 600,2011,4,1,201104,20112,201113,1.0285610911820788,True,1.0,1.0,1.0,85.64450111361569,85.64450111361569,83.0,0.031861459200189124,82,283.7799987792969,0.0,False,True
2011-05-01,279.04998779296875,STOXX Europe 600,2011,5,1,201105,20112,201117,0.983332119928555,True,1.0,1.0,1.0,85.2169888402752,85.2169888402752,84.0,0.01448796238422867,83,279.04998779296875,0.0,False,True
2011-06-01,272.8599853515625,STOXX Europe 600,2011,6,1,201106,20112,201122,0.9778175856936475,True,1.0,1.0,1.0,84.32667028788039,84.32667028788039,85.0,-0.007921526024936565,84,272.8599853515625,0.0,False,True
2011-07-01,265.25,STOXX Europe 600,2011,7,1,201107,20113,201126,0.9721102918709112,True,1.0,1.0,1.0,82.9748240660535,82.9748240660535,86.0,-0.035176464348215086,85,265.25,0.0,False,True
2011-08-01,237.42999267578125,STOXX Europe 600,2011,8,1,201108,20113,201131,0.8951177857710886,True,1.0,1.0,1.0,75.27224079275145,75.27224079275145,87.0,-0.1348018299683742,86,237.42999267578125,0.0,False,True
2011-09-01,226.17999267578125,STOXX Europe 600,2011,9,1,201109,20113,201135,0.9526176121507856,True,1.0,1.0,1.0,72.70566228522983,72.70566228522983,88.0,-0.17379929221329737,87,226.17999267578125,0.0,False,True
2011-10-01,243.47999572753906,STOXX Europe 600,2011,10,1,201110,20114,201139,1.0764877690864398,True,1.0,1.0,1.0,79.26675619337918,79.26675619337918,89.0,-0.10936228996203168,88,243.47999572753906,0.0,False,True
2011-11-01,240.0800018310547,STOXX Europe 600,2011,11,1,201111,20114,201144,0.9860358388526954,True,1.0,1.0,1.0,79.15986243627073,79.15986243627073,90.0,-0.12044597293032522,89,240.0800018310547,0.0,False,True
2011-12-01,244.5399932861328,STOXX Europe 600,2011,12,1,201112,20114,201148,1.0185771052193537,True,1.0,1.0,1.0,81.63042352989889,81.63042352989889,91.0,-0.10296237879231984,90,244.5399932861328,0.0,False,True
2012-01-01,254.41000366210938,STOXX Europe 600,2012,1,1,201201,20121,201152,1.0403615385906542,True,1.0,1.0,1.0,85.92515301937235,85.92515301937235,92.0,-0.06603094544160493,91,254.41000366210938,0.0,False,True
2012-02-01,264.32000732421875,STOXX Europe 600,2012,2,1,201202,20121,201205,1.0389528851832068,True,1.0,1.0,1.0,90.27218563928544,90.27218563928544,93.0,-0.029331337211984554,92,264.32000732421875,0.0,False,True
2012-03-01,263.32000732421875,STOXX Europe 600,2012,3,1,201203,20121,201209,0.9962167071266256,True,1.0,1.0,1.0,90.93065952269241,90.93065952269241,94.0,-0.03265255826922975,93,263.32000732421875,0.0,False,True
2012-04-01,257.2799987792969,STOXX Europe 600,2012,4,1,201204,20122,201213,0.9770620979153894,True,1.0,1.0,1.0,89.84490095807183,89.84490095807183,95.0,-0.054264200441349164,94,257.2799987792969,0.0,False,True
2012-05-01,239.72999572753906,STOXX Europe 600,2012,5,1,201205,20122,201218,0.9317863684117443,True,1.0,1.0,1.0,84.71625398403462,84.71625398403462,96.0,-0.11753902099963931,95,239.72999572753906,0.0,False,True
2012-06-01,251.1699981689453,STOXX Europe 600,2012,6,1,201206,20122,201222,1.0477203630971912,True,1.0,1.0,1.0,89.75894438438661,89.75894438438661,97.0,-0.07465005789292156,96,251.1699981689453,0.0,False,True
2012-07-01,261.3800048828125,STOXX Europe 600,2012,7,1,201207,20123,201226,1.040649786153996,True,1.0,1.0,1.0,94.40762627902035,94.40762627902035,98.0,-0.03665687470387402,97,261.3800048828125,0.0,False,True
2012-08-01,266.2300109863281,STOXX Europe 600,2012,8,1,201208,20123,201231,1.018555383016731,True,1.0,1.0,1.0,97.15939594432798,97.15939594432798,99.0,-0.018591960158303222,98,266.2300109863281,0.0,False,True
2012-09-01,268.4800109863281,STOXX Europe 600,2012,9,1,201209,20123,201235,1.008451338718968,True,1.0,1.0,1.0,98.98052290918382,98.98052290918382,100.0,-0.010194770908161788,99,268.4800109863281,0.0,False,True
2012-10-01,270.29998779296875,STOXX Europe 600,2012,10,1,201210,20124,201240,1.006778816791442,True,1.0,1.0,1.0,100.65149373990631,100.65149373990631,101.0,-0.0034505570306305744,100,270.29998779296875,0.0,False,True
2012-11-01,275.7799987792969,STOXX Europe 600,2012,11,1,201211,20124,201244,1.0202738114458423,True,1.0,1.0,1.0,103.69208314573156,103.69208314573156,102.0,0.016589050448348575,101,275.7799987792969,0.0,False,True
2012-12-01,279.67999267578125,STOXX Europe 600,2012,12,1,201212,20124,201248,1.0141416850886473,True,1.0,1.0,1.0,106.15846393176433,106.15846393176433,103.0,0.030664698366644094,102,279.67999267578125,0.0,False,True
2013-01-01,287.2200012207031,STOXX Europe 600,2013,1,1,201301,20131,201301,1.0269594134095341,True,1.0,1.0,1.0,110.02043384782186,110.02043384782186,104.0,0.057888786998287145,103,287.2200012207031,0.0,False,True
2013-02-01,289.94000244140625,STOXX Europe 600,2013,2,1,201302,20131,201305,1.0094700968217496,True,1.0,1.0,1.0,112.06233800873163,112.06233800873163,105.0,0.06726036198792018,104,289.94000244140625,0.0,False,True
2013-03-01,293.7799987792969,STOXX Europe 600,2013,3,1,201303,20131,201309,1.0132441067308973,True,1.0,1.0,1.0,114.54650357383315,114.54650357383315,106.0,0.08062739220597304,105,293.7799987792969,0.0,False,True
2013-04-01,296.7200012207031,STOXX Europe 600,2013,4,1,201304,20132,201314,1.0100074969488135,True,1.0,1.0,1.0,116.69282735884555,116.69282735884555,107.0,0.09058717157799578,106,296.7200012207031,0.0,False,True
2013-05-01,300.8800048828125,STOXX Europe 600,2013,5,1,201305,20132,201318,1.0140199637536909,True,1.0,1.0,1.0,119.32885656873228,119.32885656873228,108.0,0.10489682008085444,107,300.8800048828125,0.0,False,True
2013-06-01,285.0199890136719,STOXX Europe 600,2013,6,1,201306,20132,201322,0.9472879034440397,True,1.0,1.0,1.0,114.03878235936892,114.03878235936892,109.0,0.04622736109512782,108,285.0199890136719,0.0,False,True
2013-07-01,299.5799865722656,STOXX Europe 600,2013,7,1,201307,20133,201327,1.0510841278500482,True,1.0,1.0,1.0,120.86435409727873,120.86435409727873,110.0,0.09876685542980668,109,299.5799865722656,0.0,False,True
2013-08-01,297.32000732421875,STOXX Europe 600,2013,8,1,201308,20133,201331,0.9924561741459932,True,1.0,1.0,1.0,120.95257445801184,120.95257445801184,111.0,0.0896628329550615,110,297.32000732421875,0.0,False,True
2013-09-01,310.4599914550781,STOXX Europe 600,2013,9,1,201309,20133,201335,1.0441947524793735,True,1.0,1.0,1.0,127.29804354792667,127.29804354792667,112.0,0.13658967453505944,111,310.4599914550781,0.0,False,True
2013-10-01,322.3699951171875,STOXX Europe 600,2013,10,1,201310,20134,201340,1.0383624427942841,True,1.0,1.0,1.0,133.1815074613583,133.1815074613583,113.0,0.17859741116246286,112,322.3699951171875,0.0,False,True
2013-11-01,325.1600036621094,STOXX Europe 600,2013,11,1,201311,20134,201344,1.008654678125077,True,1.0,1.0,1.0,135.3341505406489,135.3341505406489,114.0,0.1871416714092009,113,325.1600036621094,0.0,False,True
2013-12-01,328.260009765625,STOXX Europe 600,2013,12,1,201312,20134,201348,1.0095337866545757,True,1.0,1.0,1.0,137.62439745898166,137.62439745898166,115.0,0.19673389094766658,114,328.260009765625,0.0,False,True
2014-01-01,322.5199890136719,STOXX Europe 600,2014,1,1,201401,20141,201401,0.9825137982660408,True,1.0,1.0,1.0,136.21786948149935,136.21786948149935,116.0,0.1742919782887875,115,322.5199890136719,0.0,False,True
2014-02-01,338.0199890136719,STOXX Europe 600,2014,2,1,201402,20141,201405,1.0480590367356826,True,1.0,1.0,1.0,143.76436907496714,143.76436907496714,117.0,0.22875529123903537,116,338.0199890136719,0.0,False,True
2014-03-01,334.30999755859375,STOXX Europe 600,2014,3,1,201403,20141,201409,0.9890243430102944,True,1.0,1.0,1.0,143.18646067265885,143.18646067265885,118.0,0.21344458197168525,117,334.30999755859375,0.0,False,True
2014-04-01,337.8900146484375,STOXX Europe 600,2014,4,1,201404,20142,201414,1.0107086749304177,True,1.0,1.0,1.0,145.7197979344394,145.7197979344394,119.0,0.22453611709612953,118,337.8900146484375,0.0,False,True
2014-05-01,344.239990234375,STOXX Europe 600,2014,5,1,201405,20142,201418,1.0187930252764186,True,1.0,1.0,1.0,149.45831378029592,149.45831378029592,120.0,0.24548594816913272,119,344.239990234375,0.0,False,True
2014-06-01,341.8599853515625,STOXX Europe 600,2014,6,1,201406,20142,201422,0.9930862045365733,True,1.0,1.0,1.0,149.4249895685103,149.4249895685103,121.0,0.23491726916124223,120,341.8599853515625,0.0,False,True
2014-07-01,335.989990234375,STOXX Europe 600,2014,7,1,201407,20143,201427,0.9828292418864089,True,1.0,1.0,1.0,147.85924921650354,147.85924921650354,122.0,0.2119610591516683,121,335.989990234375,0.0,False,True
2014-08-01,342.0,STOXX Europe 600,2014,8,1,201408,20143,201431,1.0178874667112334,True,1.0,1.0,1.0,151.50407661481174,151.50407661481174,123.0,0.2317404602830222,122,342.0,0.0,False,True
2014-09-01,343.0799865722656,STOXX Europe 600,2014,9,1,201409,20143,201436,1.003157855474461,True,1.0,1.0,1.0,152.98250459255294,152.98250459255294,124.0,0.2337298757463946,123,343.0799865722656,0.0,False,True
2014-10-01,336.79998779296875,STOXX Europe 600,2014,10,1,201410,20144,201440,0.9816952342745471,True,1.0,1.0,1.0,151.18219568589325,151.18219568589325,125.0,0.209457565487146,124,336.79998779296875,0.0,False,True
2014-11-01,347.25,STOXX Europe 600,2014,11,1,201411,20144,201444,1.031027353283204,True,1.0,1.0,1.0,156.87297908156995,156.87297908156995,126.0,0.24502364350452344,125,347.25,0.0,False,True
2014-12-01,342.5400085449219,STOXX Europe 600,2014,12,1,201412,20144,201449,0.9864363097045986,True,1.0,1.0,1.0,155.74520257759056,155.74520257759056,127.0,0.22634017777630366,126,342.5400085449219,0.0,False,True
2015-01-01,367.04998779296875,STOXX Europe 600,2015,1,1,201501,20151,201501,1.071553624793095,True,1.0,1.0,1.0,167.88933636615204,167.88933636615204,128.0,0.3116354403605628,127,367.04998779296875,0.0,False,True
2015-02-01,392.2099914550781,STOXX Europe 600,2015,2,1,201502,20151,201505,1.068546531804547,True,1.0,1.0,1.0,180.3975681010188,180.3975681010188,129.0,0.39843076047301396,128,392.2099914550781,0.0,False,True
2015-03-01,397.29998779296875,STOXX Europe 600,2015,3,1,201503,20151,201509,1.0129777324616516,True,1.0,1.0,1.0,183.7387194765664,183.7387194765664,130.0,0.4133747652043569,129,397.29998779296875,0.0,False,True
2015-04-01,395.7900085449219,STOXX Europe 600,2015,4,1,201504,20152,201514,0.9961993976983615,True,1.0,1.0,1.0,184.04040167642367,184.04040167642367,131.0,0.4048885624154479,130,395.7900085449219,0.0,False,True
2015-05-01,399.8699951171875,STOXX Europe 600,2015,5,1,201505,20152,201518,1.010308462781224,True,1.0,1.0,1.0,186.93757530734658,186.93757530734658,132.0,0.4161937523283832,131,399.8699951171875,0.0,False,True
2015-06-01,381.30999755859375,STOXX Europe 600,2015,6,1,201506,20152,201523,0.9535849206361321,True,1.0,1.0,1.0,179.26085291336707,179.26085291336707,133.0,0.34782596175463976,132,381.30999755859375,0.0,False,True
2015-07-01,396.3699951171875,STOXX Europe 600,2015,7,1,201507,20153,201527,1.0394954175212245,True,1.0,1.0,1.0,187.34083514439132,187.34083514439132,134.0,0.3980659339133681,133,396.3699951171875,0.0,False,True
2015-08-01,362.7900085449219,STOXX Europe 600,2015,8,1,201508,20153,201531,0.9152812095114877,True,1.0,1.0,1.0,172.46954618185075,172.46954618185075,135.0,0.27755219393963526,134,362.7900085449219,0.0,False,True
2015-09-01,347.7699890136719,STOXX Europe 600,2015,9,1,201509,20153,201536,0.9585985854696156,True,1.0,1.0,1.0,166.32906300650865,166.32906300650865,136.0,0.2230078162243283,135,347.7699890136719,0.0,False,True
2015-10-01,375.4700012207031,STOXX Europe 600,2015,10,1,201510,20154,201540,1.0796503812350016,True,1.0,1.0,1.0,180.57723628543766,180.57723628543766,137.0,0.31808201668202685,136,375.4700012207031,0.0,False,True
2015-11-01,385.42999267578125,STOXX Europe 600,2015,11,1,201511,20154,201544,1.0265267302918926,True,1.0,1.0,1.0,186.3673599292368,186.3673599292368,138.0,0.3504881154292523,137,385.42999267578125,0.0,False,True
2015-12-01,365.80999755859375,STOXX Europe 600,2015,12,1,201512,20154,201549,0.9490958267648579,True,1.0,1.0,1.0,177.88048355402287,177.88048355402287,139.0,0.27971570902174725,138,365.80999755859375,0.0,False,True
2016-01-01,342.2699890136719,STOXX Europe 600,2016,1,1,201601,20161,201553,0.935649630403687,True,1.0,1.0,1.0,167.4338086933506,167.4338086933506,140.0,0.19595577638107575,139,342.2699890136719,0.0,False,True
2016-02-01,333.9200134277344,STOXX Europe 600,2016,2,1,201602,20161,201605,0.9756041258247624,True,1.0,1.0,1.0,164.34911456378683,164.34911456378683,141.0,0.16559655718997757,140,333.9200134277344,0.0,False,True
2016-03-01,337.5400085449219,STOXX Europe 600,2016,3,1,201603,20161,201609,1.0108409049221931,True,1.0,1.0,1.0,167.1308076888195,167.1308076888195,142.0,0.1769775189353484,141,337.5400085449219,0.0,False,True
2016-04-01,341.4800109863281,STOXX Europe 600,2016,4,1,201604,20162,201613,1.0116726975815131,True,1.0,1.0,1.0,170.08167506352513,170.08167506352513,143.0,0.1893823431015742,142,341.4800109863281,0.0,False,True
2016-05-01,347.45001220703125,STOXX Europe 600,2016,5,1,201605,20162,201617,1.017482725280052,True,1.0,1.0,1.0,174.05516626383178,174.05516626383178,144.0,0.20871643238772064,143,347.45001220703125,0.0,False,True
2016-06-01,329.8800048828125,STOXX Europe 600,2016,6,1,201606,20162,201622,0.9494315535848953,True,1.0,1.0,1.0,166.25346691534708,166.25346691534708,145.0,0.14657563389894546,144,329.8800048828125,0.0,False,True
2016-07-01,341.8900146484375,STOXX Europe 600,2016,7,1,201607,20163,201626,1.0364072074325676,True,1.0,1.0,1.0,173.30629137171763,173.30629137171763,146.0,0.1870293929569702,145,341.8900146484375,0.0,False,True
2016-08-01,343.5299987792969,STOXX Europe 600,2016,8,1,201608,20163,201631,1.0047968178671312,True,1.0,1.0,1.0,175.1376100866557,175.1376100866557,147.0,0.1914123135146648,146,343.5299987792969,0.0,False,True
2016-09-01,342.9200134277344,STOXX Europe 600,2016,9,1,201609,20163,201635,0.9982243607436613,True,1.0,1.0,1.0,175.8266288709245,175.8266288709245,148.0,0.18801776264138192,147,342.9200134277344,0.0,False,True
2016-10-01,338.9700012207031,STOXX Europe 600,2016,10,1,201610,20164,201639,0.988481243286013,True,1.0,1.0,1.0,174.80132470911983,174.80132470911983,149.0,0.17316325308134117,148,338.9700012207031,0.0,False,True
2016-11-01,341.989990234375,STOXX Europe 600,2016,11,1,201611,20164,201644,1.0089093105667057,True,1.0,1.0,1.0,177.35868399842494,177.35868399842494,150.0,0.18239122665616625,149,341.989990234375,0.0,False,True
2016-12-01,361.4200134277344,STOXX Europe 600,2016,12,1,201612,20164,201648,1.0568145961817288,True,1.0,1.0,1.0,188.4352460091183,188.4352460091183,151.0,0.24791553648422715,150,361.4200134277344,0.0,False,True
2017-01-01,360.1199951171875,STOXX Europe 600,2017,1,1,201701,20171,201652,0.9964030262236521,True,1.0,1.0,1.0,188.75744937068382,188.75744937068382,152.0,0.24182532480713026,151,360.1199951171875,0.0,False,True
2017-02-01,370.239990234375,STOXX Europe 600,2017,2,1,201702,20171,201705,1.0281017306853355,True,1.0,1.0,1.0,195.06186037774964,195.06186037774964,153.0,0.2749141201160108,152,370.239990234375,0.0,False,True
2017-03-01,381.1400146484375,STOXX Europe 600,2017,3,1,201703,20171,201709,1.0294404297254935,True,1.0,1.0,1.0,201.8045653703248,201.8045653703248,154.0,0.3104192556514598,153,381.1400146484375,0.0,False,True
2017-04-01,387.0899963378906,STOXX Europe 600,2017,4,1,201704,20172,201713,1.015611012910679,True,1.0,1.0,1.0,205.95493904575494,205.95493904575494,155.0,0.328741542230677,154,387.0899963378906,0.0,False,True
2017-05-01,389.989990234375,STOXX Europe 600,2017,5,1,201705,20172,201718,1.0074917820763132,True,1.0,1.0,1.0,208.4979085666261,208.4979085666261,156.0,0.33652505491427,155,389.989990234375,0.0,False,True
2017-06-01,379.3699951171875,STOXX Europe 600,2017,6,1,201706,20172,201722,0.9727685443649332,True,1.0,1.0,1.0,203.82020701948983,203.82020701948983,157.0,0.2982178791050307,156,379.3699951171875,0.0,False,True
2017-07-01,377.8500061035156,STOXX Europe 600,2017,7,1,201707,20173,201726,0.9959933863161679,True,1.0,1.0,1.0,204.00357818900403,204.00357818900403,158.0,0.2911618872721775,157,377.8500061035156,0.0,False,True
2017-08-01,373.8800048828125,STOXX Europe 600,2017,8,1,201708,20173,201731,0.9894931820654371,True,1.0,1.0,1.0,202.86014973497282,202.86014973497282,159.0,0.27584999833316237,158,373.8800048828125,0.0,False,True
2017-09-01,388.1600036621094,STOXX Europe 600,2017,9,1,201709,20173,201735,1.0381940692008196,True,1.0,1.0,1.0,211.608204332039,211.608204332039,160.0,0.3225512770752439,159,388.1600036621094,0.0,False,True
2017-10-01,395.2200012207031,STOXX Europe 600,2017,10,1,201710,20174,201739,1.0181883694661633,True,1.0,1.0,1.0,216.45701253450153,216.45701253450153,161.0,0.3444534940031152,160,395.2200012207031,0.0,False,True
2017-11-01,386.69000244140625,STOXX Europe 600,2017,11,1,201711,20174,201744,0.97841708731099,True,1.0,1.0,1.0,212.78523973204545,212.78523973204545,162.0,0.3134891341484287,161,386.69000244140625,0.0,False,True
2017-12-01,389.17999267578125,STOXX Europe 600,2017,12,1,201712,20174,201748,1.0064392413009238,True,1.0,1.0,1.0,215.15541523595502,215.15541523595502,163.0,0.319971872613221,162,389.17999267578125,0.0,False,True
2018-01-01,395.4599914550781,STOXX Europe 600,2018,1,1,201801,20181,201801,1.016136489278699,True,1.0,1.0,1.0,219.62726828716404,219.62726828716404,164.0,0.3391906602875856,163,395.4599914550781,0.0,False,True
2018-02-01,379.6300048828125,STOXX Europe 600,2018,2,1,201802,20181,201805,0.9599707001610457,True,1.0,1.0,1.0,211.83574251208668,211.83574251208668,165.0,0.2838529849217375,164,379.6300048828125,0.0,False,True
2018-03-01,370.8699951171875,STOXX Europe 600,2018,3,1,201803,20181,201809,0.9769248751338053,True,1.0,1.0,1.0,207.9476063024972,207.9476063024972,166.0,0.2526964235090192,165,370.8699951171875,0.0,False,True
2018-04-01,385.32000732421875,STOXX Europe 600,2018,4,1,201804,20182,201813,1.0389624730964426,True,1.0,1.0,1.0,217.04975931852792,217.04975931852792,167.0,0.29969915759597554,166,385.32000732421875,0.0,False,True
2018-05-01,383.05999755859375,STOXX Europe 600,2018,5,1,201805,20182,201818,0.9941347199141846,True,1.0,1.0,1.0,216.77670168756595,216.77670168756595,168.0,0.2903375100450354,167,383.05999755859375,0.0,False,True
2018-06-01,379.92999267578125,STOXX Europe 600,2018,6,1,201806,20182,201822,0.9918289435003358,True,1.0,1.0,1.0,216.005407010266,216.005407010266,169.0,0.2781385030193255,168,379.92999267578125,0.0,False,True
2018-07-01,391.6099853515625,STOXX Europe 600,2018,7,1,201807,20183,201826,1.030742486513163,True,1.0,1.0,1.0,223.64595032204934,223.64595032204934,170.0,0.3155644136591138,169,391.6099853515625,0.0,False,True
2018-08-01,382.260009765625,STOXX Europe 600,2018,8,1,201808,20183,201831,0.9761242666538656,True,1.0,1.0,1.0,219.30623924821725,219.30623924821725,171.0,0.28249262718255697,170,382.260009765625,0.0,False,True
2018-09-01,383.17999267578125,STOXX Europe 600,2018,9,1,201809,20183,201835,1.002406694099967,True,1.0,1.0,1.0,220.83404228030187,220.83404228030187,172.0,0.28391885046687126,171,383.17999267578125,0.0,False,True
2018-10-01,361.6099853515625,STOXX Europe 600,2018,10,1,201810,20184,201840,0.9437078977595009,True,1.0,1.0,1.0,209.4028297940764,209.4028297940764,173.0,0.21042098146864974,172,361.6099853515625,0.0,False,True
2018-11-01,357.489990234375,STOXX Europe 600,2018,11,1,201811,20184,201844,0.9886065228171673,True,1.0,1.0,1.0,208.01700343079702,208.01700343079702,174.0,0.1955000197172243,173,357.489990234375,0.0,False,True
2018-12-01,337.6499938964844,STOXX Europe 600,2018,12,1,201812,20184,201848,0.9445019528382228,True,1.0,1.0,1.0,197.47246596394308,197.47246596394308,175.0,0.12841409122253178,174,337.6499938964844,0.0,False,True
2019-01-01,358.6700134277344,STOXX Europe 600,2019,1,1,201901,20191,201901,1.0622538720900858,True,1.0,1.0,1.0,210.7658916013762,210.7658916013762,176.0,0.19753347500781948,175,358.6700134277344,0.0,False,True
2019-02-01,372.79998779296875,STOXX Europe 600,2019,2,1,201902,20191,201905,1.0393954717044704,True,1.0,1.0,1.0,220.06911332022574,220.06911332022574,177.0,0.24332832384308323,176,372.79998779296875,0.0,False,True
2019-03-01,379.0899963378906,STOXX Europe 600,2019,3,1,201903,20191,201909,1.0168723410699654,True,1.0,1.0,1.0,224.78219445912944,224.78219445912944,178.0,0.26282131718612045,177,379.0899963378906,0.0,False,True
2019-04-01,391.3500061035156,STOXX Europe 600,2019,4,1,201904,20192,201914,1.032340631206468,True,1.0,1.0,1.0,233.05179251191274,233.05179251191274,179.0,0.30196532129560194,178,391.3500061035156,0.0,False,True
2019-05-01,369.05999755859375,STOXX Europe 600,2019,5,1,201905,20192,201918,0.9430432906674697,True,1.0,1.0,1.0,220.77792930638657,220.77792930638657,180.0,0.22654405170214753,179,369.05999755859375,0.0,False,True
2019-06-01,384.8699951171875,STOXX Europe 600,2019,6,1,201906,20192,201922,1.0428385565034957,True,1.0,1.0,1.0,231.23573710570298,231.23573710570298,181.0,0.27754550887128726,180,384.8699951171875,0.0,False,True
2019-07-01,385.7699890136719,STOXX Europe 600,2019,7,1,201907,20193,201927,1.0023384361158378,True,1.0,1.0,1.0,232.77646710462338,232.77646710462338,182.0,0.2789915774979306,181,385.7699890136719,0.0,False,True
2019-08-01,379.4800109863281,STOXX Europe 600,2019,8,1,201908,20193,201931,0.9836950042603734,True,1.0,1.0,1.0,229.98104780019716,229.98104780019716,183.0,0.25672703715954737,182,379.4800109863281,0.0,False,True
2019-09-01,393.1499938964844,STOXX Europe 600,2019,9,1,201909,20193,201935,1.0360229327353128,True,1.0,1.0,1.0,239.2656396155004,239.2656396155004,184.0,0.30035673704076293,183,393.1499938964844,0.0,False,True
2019-10-01,396.75,STOXX Europe 600,2019,10,1,201910,20194,201940,1.0091568260445236,True,1.0,1.0,1.0,242.4565534558912,242.4565534558912,185.0,0.310575964626439,184,396.75,0.0,False,True
2019-11-01,407.42999267578125,STOXX Europe 600,2019,11,1,201911,20194,201944,1.0269186960952268,True,1.0,1.0,1.0,249.98316773466647,249.98316773466647,186.0,0.34399552545519607,185,407.42999267578125,0.0,False,True
2019-12-01,415.8399963378906,STOXX Europe 600,2019,12,1,201912,20194,201948,1.0206415919625282,True,1.0,1.0,1.0,256.14321828054574,256.14321828054574,187.0,0.36974983037724996,186,415.8399963378906,0.0,False,True
2020-01-01,410.7099914550781,STOXX Europe 600,2020,1,1,202001,20201,202001,0.9876635125817861,True,1.0,1.0,1.0,253.98331069096696,253.98331069096696,188.0,0.3509750568668455,187,410.7099914550781,0.0,False,True
2020-02-01,375.6499938964844,STOXX Europe 600,2020,2,1,202002,20201,202005,0.9146356351488262,True,1.0,1.0,1.0,233.30218669103422,233.30218669103422,189.0,0.23440310418536625,188,375.6499938964844,0.0,False,True
2020-03-01,320.05999755859375,STOXX Europe 600,2020,3,1,202003,20201,202009,0.8520165120694525,True,1.0,1.0,1.0,199.7773153626712,199.7773153626712,190.0,0.05145955454037465,189,320.05999755859375,0.0,False,True
2020-04-01,340.0299987792969,STOXX Europe 600,2020,4,1,202004,20202,202014,1.062394555311609,True,1.0,1.0,1.0,213.24233211607213,213.24233211607213,191.0,0.11645200060770744,190,340.0299987792969,0.0,False,True
2020-05-01,350.3599853515625,STOXX Europe 600,2020,5,1,202005,20202,202018,1.030379633001059,True,1.0,1.0,1.0,220.72055590604833,220.72055590604833,192.0,0.14958622867733506,191,350.3599853515625,0.0,False,True
2020-06-01,360.3399963378906,STOXX Europe 600,2020,6,1,202006,20202,202023,1.0284850194188524,True,1.0,1.0,1.0,228.00778522717204,228.00778522717204,193.0,0.18138748822368922,192,360.3399963378906,0.0,False,True
2020-07-01,356.3299865722656,STOXX Europe 600,2020,7,1,202007,20203,202027,0.9888715940323627,True,1.0,1.0,1.0,226.4704220293822,226.4704220293822,194.0,0.1673733094298051,193,356.3299865722656,0.0,False,True
2020-08-01,366.510009765625,STOXX Europe 600,2020,8,1,202008,20203,202031,1.0285690892626989,True,1.0,1.0,1.0,233.9404757317007,233.9404757317007,195.0,0.19969474734205495,194,366.510009765625,0.0,False,True
2020-09-01,361.0899963378906,STOXX Europe 600,2020,9,1,202009,20203,202036,0.9852118270079435,True,1.0,1.0,1.0,231.4809235067363,231.4809235067363,196.0,0.18102511993232806,195,361.0899963378906,0.0,False,True
2020-10-01,342.3599853515625,STOXX Europe 600,2020,10,1,202010,20204,202040,0.9481292442984173,True,1.0,1.0,1.0,220.47383307394165,220.47383307394165,197.0,0.11915651306569375,196,342.3599853515625,0.0,False,True
2020-11-01,389.3599853515625,STOXX Europe 600,2020,11,1,202011,20204,202044,1.1372823986767515,True,1.0,1.0,1.0,251.74100972379003,251.74100972379003,198.0,0.27141924102924264,197,389.3599853515625,0.0,False,True
2020-12-01,399.0299987792969,STOXX Europe 600,2020,12,1,202012,20204,202049,1.024835663117778,True,1.0,1.0,1.0,258.99316463421934,258.99316463421934,199.0,0.3014731891166802,198,399.0299987792969,0.0,False,True
2021-01-01,395.8500061035156,STOXX Europe 600,2021,1,1,202101,20211,202053,0.9920306927160629,True,1.0,1.0,1.0,257.92916852081,257.92916852081,200.0,0.2896458426040498,199,395.8500061035156,0.0,False,True
2021-02-01,404.989990234375,STOXX Europe 600,2021,2,1,202102,20211,202105,1.0230895136792526,True,1.0,1.0,1.0,264.88462758564947,264.88462758564947,201.0,0.3178339680878084,200,404.989990234375,0.0,False,True
2021-03-01,429.6000061035156,STOXX Europe 600,2021,3,1,202103,20211,202109,1.0607669731661722,False,0.0,0.0,0.0,280.98086464227816,280.98086464227816,201.0,0.39791474946407046,201,429.6000061035156,0.0,False,False
2021-04-01,437.3900146484375,STOXX Europe 600,2021,4,1,202104,20212,202113,1.0181331667463822,True,1.0,1.0,1.0,287.07593751337924,287.07593751337924,202.0,0.42116800749197636,201,437.3900146484375,0.0,False,True
2021-05-01,446.760009765625,STOXX Europe 600,2021,5,1,202105,20212,202117,1.021422517212056,True,1.0,1.0,1.0,294.2258267259267,294.2258267259267,203.0,0.4493883089947128,202,446.760009765625,0.0,False,True
2021-06-01,452.8399963378906,STOXX Europe 600,2021,6,1,202106,20212,202122,1.01360906625339,True,1.0,1.0,1.0,299.2299654952983,299.2299654952983,204.0,0.4668135563495015,203,452.8399963378906,0.0,False,True
2021-07-01,461.739990234375,STOXX Europe 600,2021,7,1,202107,20213,202126,1.0196537275162496,True,1.0,1.0,1.0,306.1109497018397,306.1109497018397,205.0,0.4932241448870227,204,461.739990234375,0.0,False,True
2021-08-01,470.8800048828125,STOXX Europe 600,2021,8,1,202108,20213,202130,1.0197947217952643,True,1.0,1.0,1.0,313.1703307896717,313.1703307896717,206.0,0.5202443242217074,205,470.8800048828125,0.0,False,True
2021-09-01,454.80999755859375,STOXX Europe 600,2021,9,1,202109,20213,202135,0.9658723939059207,True,1.0,1.0,1.0,303.4825771001293,303.4825771001293,207.0,0.4660994062808177,206,454.80999755859375,0.0,False,True
2021-10-01,475.510009765625,STOXX Europe 600,2021,10,1,202110,20214,202139,1.0455135382206817,True,1.0,1.0,1.0,318.29514297228695,318.29514297228695,208.0,0.5302651104436873,207,475.510009765625,0.0,False,True
2021-11-01,462.9599914550781,STOXX Europe 600,2021,11,1,202111,20214,202144,0.9736072468448504,True,1.0,1.0,1.0,310.8944578333364,310.8944578333364,209.0,0.4875332910685952,208,462.9599914550781,0.0,False,True
2021-12-01,487.79998779296875,STOXX Europe 600,2021,12,1,202112,20214,202148,1.0536547364704643,True,1.0,1.0,1.0,328.5754180385119,328.5754180385119,210.0,0.5646448478024375,209,487.79998779296875,0.0,False,True
2022-01-01,468.8800048828125,STOXX Europe 600,2022,1,1,202201,20221,202152,0.9612136462000359,True,1.0,1.0,1.0,316.83117562449905,316.83117562449905,211.0,0.5015695527227444,210,468.8800048828125,0.0,False,True
2022-02-01,453.1099853515625,STOXX Europe 600,2022,2,1,202202,20221,202205,0.9663666196744913,True,1.0,1.0,1.0,307.17507219574225,307.17507219574225,212.0,0.44893901979123707,211,453.1099853515625,0.0,False,True
2022-03-01,455.8599853515625,STOXX Europe 600,2022,3,1,202203,20221,202209,1.0060691666237862,True,1.0,1.0,1.0,310.03936889157177,310.03936889157177,213.0,0.45558389150972656,212,455.8599853515625,0.0,False,True
2022-04-01,450.3900146484375,STOXX Europe 600,2022,4,1,202204,20222,202213,0.9880007658515881,True,1.0,1.0,1.0,307.31913390901593,307.31913390901593,214.0,0.4360707192010089,213,450.3900146484375,0.0,False,True
2022-05-01,443.3500061035156,STOXX Europe 600,2022,5,1,202205,20222,202217,0.9843690838696388,True,1.0,1.0,1.0,303.5154543016289,303.5154543016289,215.0,0.4116997874494368,214,443.3500061035156,0.0,False,True
2022-06-01,407.20001220703125,STOXX Europe 600,2022,6,1,202206,20222,202222,0.9184617268550485,True,1.0,1.0,1.0,279.7673282850686,279.7673282850686,216.0,0.29521911243087295,215,407.20001220703125,0.0,False,True
2022-07-01,438.2900085449219,STOXX Europe 600,2022,7,1,202207,20223,202226,1.0763506763405588,True,1.0,1.0,1.0,302.12775301762474,302.12775301762474,217.0,0.3922937927079482,216,438.2900085449219,0.0,False,True
2022-08-01,415.1199951171875,STOXX Europe 600,2022,8,1,202208,20223,202231,0.9471354286522377,True,1.0,1.0,1.0,287.1558988620854,287.1558988620854,218.0,0.317228893862777,217,415.1199951171875,0.0,False,True
2022-09-01,387.8500061035156,STOXX Europe 600,2022,9,1,202209,20223,202235,0.9343081775524361,True,1.0,1.0,1.0,269.29210453926663,269.29210453926663,219.0,0.2296443129646879,218,387.8500061035156,0.0,False,True
2022-10-01,412.20001220703125,STOXX Europe 600,2022,10,1,202210,20224,202239,1.0627820181006178,True,1.0,1.0,1.0,287.19880632080435,287.19880632080435,220.0,0.30544911964001975,219,412.20001220703125,0.0,False,True
2022-11-01,440.0400085449219,STOXX Europe 600,2022,11,1,202211,20224,202244,1.0675400182276262,True,1.0,1.0,1.0,307.59621893466397,307.59621893466397,221.0,0.39183809472698616,220,440.0400085449219,0.0,False,True
2022-12-01,424.8900146484375,STOXX Europe 600,2022,12,1,202212,20224,202248,0.9655713262378556,True,1.0,1.0,1.0,298.00608906249334,298.00608906249334,222.0,0.34236977055177187,221,424.8900146484375,0.0,False,True
2023-01-01,453.2099914550781,STOXX Europe 600,2023,1,1,202301,20231,202252,1.066652488480044,True,1.0,1.0,1.0,318.86893648071407,318.86893648071407,223.0,0.4299055447565654,222,453.2099914550781,0.0,False,True
2023-02-01,461.1099853515625,STOXX Europe 600,2023,2,1,202302,20231,202305,1.0174311997648608,True,1.0,1.0,1.0,325.4272046113182,325.4272046113182,224.0,0.4528000205862419,223,461.1099853515625,0.0,False,True
2023-03-01,457.8399963378906,STOXX Europe 600,2023,3,1,202303,20231,202309,0.9929084402473333,True,1.0,1.0,1.0,324.1194181446737,324.1194181446737,225.0,0.4405307473096609,224,457.8399963378906,0.0,False,True
2023-04-01,466.6400146484375,STOXX Europe 600,2023,4,1,202304,20232,202313,1.0192207285971853,True,1.0,1.0,1.0,331.3492295139101,331.3492295139101,226.0,0.4661470332473898,225,466.6400146484375,0.0,False,True
2023-05-01,451.760009765625,STOXX Europe 600,2023,5,1,202305,20232,202318,0.9681124541065709,True,1.0,1.0,1.0,321.7833157510329,321.7833157510329,227.0,0.41754764648032117,226,451.760009765625,0.0,False,True
2023-06-01,461.92999267578125,STOXX Europe 600,2023,6,1,202306,20232,202322,1.0225119149334012,True,1.0,1.0,1.0,330.0272743822079,330.0272743822079,228.0,0.4474880455359995,227,461.92999267578125,0.0,False,True
2023-07-01,471.3500061035156,STOXX Europe 600,2023,7,1,202307,20233,202326,1.0203927295847752,True,1.0,1.0,1.0,337.7574313442847,337.7574313442847,229.0,0.4749232809794093,228,471.3500061035156,0.0,False,True
2023-08-01,458.19000244140625,STOXX Europe 600,2023,8,1,202308,20233,202331,0.972080187776174,True,1.0,1.0,1.0,329.32730728395046,329.32730728395046,230.0,0.43185785775630636,229,458.19000244140625,0.0,False,True
2023-09-01,450.2200012207031,STOXX Europe 600,2023,9,1,202309,20233,202335,0.9826054667752766,True,1.0,1.0,1.0,324.5988124955911,324.5988124955911,231.0,0.40518966448307836,230,450.2200012207031,0.0,False,True
2023-10-01,433.6600036621094,STOXX Europe 600,2023,10,1,202310,20234,202339,0.9632179878421797,True,1.0,1.0,1.0,313.65941502796426,313.65941502796426,232.0,0.3519802371895011,231,433.6600036621094,0.0,False,True
2023-11-01,461.6099853515625,STOXX Europe 600,2023,11,1,202311,20234,202344,1.0644513707822376,True,1.0,1.0,1.0,334.8751942852713,334.8751942852713,233.0,0.43723259349901844,232,461.6099853515625,0.0,False,True
2023-12-01,479.0199890136719,STOXX Europe 600,2023,12,1,202312,20234,202348,1.0377158298446467,True,1.0,1.0,1.0,348.5052901321275,348.5052901321275,234.0,0.4893388467184938,233,479.0199890136719,0.0,False,True
2024-01-01,485.6700134277344,STOXX Europe 600,2024,1,1,202401,20241,202401,1.013882561409922,True,1.0,1.0,1.0,354.34343622406954,354.34343622406954,235.0,0.5078444094641257,234,485.6700134277344,0.0,False,True
2024-02-01,494.6099853515625,STOXX Europe 600,2024,2,1,202402,20241,202405,1.0184075023712749,True,1.0,1.0,1.0,361.86601386660976,361.86601386660976,236.0,0.5333305672313973,235,494.6099853515625,0.0,False,True
2024-03-01,512.6699829101562,STOXX Europe 600,2024,3,1,202403,20241,202409,1.0365136129343546,True,1.0,1.0,1.0,376.07904943103296,376.07904943103296,237.0,0.5868314321984514,236,512.6699829101562,0.0,False,True
2024-04-01,504.8900146484375,STOXX Europe 600,2024,4,1,202404,20242,202414,0.9848246074061993,True,1.0,1.0,1.0,371.37190220961367,371.37190220961367,238.0,0.5603861437378725,237,504.8900146484375,0.0,False,True
2024-05-01,518.1699829101562,STOXX Europe 600,2024,5,1,202405,20242,202418,1.0263026953919179,True,1.0,1.0,1.0,382.1399842305502,382.1399842305502,239.0,0.598912067910252,238,518.1699829101562,0.0,False,True
2024-06-01,511.4200134277344,STOXX Europe 600,2024,6,1,202406,20242,202422,0.9869734455776219,True,1.0,1.0,1.0,378.1620169290042,378.1620169290042,240.0,0.5756750705375175,239,511.4200134277344,0.0,False,True
2024-07-01,518.1799926757812,STOXX Europe 600,2024,7,1,202407,20243,202427,1.013218057703176,True,1.0,1.0,1.0,384.1605842899212,384.1605842899212,241.0,0.5940273207050673,240,518.1799926757812,0.0,False,True
2024-08-01,525.0499877929688,STOXX Europe 600,2024,8,1,202408,20243,202431,1.013257932020324,True,1.0,1.0,1.0,390.25375920132495,390.25375920132495,242.0,0.6126188396748966,241,525.0499877929688,0.0,False,True
2024-09-01,522.8900146484375,STOXX Europe 600,2024,9,1,202409,20243,202435,0.9958861571378934,True,1.0,1.0,1.0,389.64831655962433,389.64831655962433,243.0,0.6034910146486598,242,522.8900146484375,0.0,False,True
2024-10-01,505.3900146484375,STOXX Europe 600,2024,10,1,202410,20244,202440,0.9665321587528,True,1.0,1.0,1.0,377.6076285587681,377.6076285587681,244.0,0.5475722481916725,243,505.3900146484375,0.0,False,True
2024-11-01,510.25,STOXX Europe 600,2024,11,1,202411,20244,202444,1.0096163066358628,True,1.0,1.0,1.0,382.23881930303014,382.23881930303014,245.0,0.5601584461348168,244,510.25,0.0,False,True
2024-12-01,507.6199951171875,STOXX Europe 600,2024,12,1,202412,20244,202448,0.9948456543207986,True,1.0,1.0,1.0,381.2686282963325,381.2686282963325,246.0,0.5498724727493192,245,507.6199951171875,0.0,False,True
2025-01-01,539.530029296875,STOXX Europe 600,2025,1,1,202501,20251,202501,1.0628620513112783,True,1.0,1.0,1.0,406.2359563716773,406.2359563716773,247.0,0.6446799853104344,246,539.530029296875,0.0,False,True
2025-02-01,557.1900024414062,STOXX Europe 600,2025,2,1,202502,20251,202505,1.032732141281452,True,1.0,1.0,1.0,420.5329290892409,420.5329290892409,248.0,0.6956972947146811,247,557.1900024414062,0.0,False,True
2025-03-01,533.9199829101562,STOXX Europe 600,2025,3,1,202503,20251,202509,0.9582368322667507,True,1.0,1.0,1.0,403.97014183433225,403.97014183433225,249.0,0.6223700475274387,248,533.9199829101562,0.0,False,True
2025-04-01,527.47998046875,STOXX Europe 600,2025,4,1,202504,20252,202514,0.9879382629466222,True,1.0,1.0,1.0,400.0975602061108,400.0975602061108,250.0,0.6003902408244433,249,527.47998046875,0.0,False,True
2025-05-01,548.6699829101562,STOXX Europe 600,2025,5,1,202505,20252,202518,1.0401721453439343,True,1.0,1.0,1.0,417.1703375464642,417.1703375464642,251.0,0.6620332173165906,250,548.6699829101562,0.0,False,True
2025-06-01,541.3699951171875,STOXX Europe 600,2025,6,1,202506,20252,202522,0.9866951208917071,True,1.0,1.0,1.0,412.6199366378428,412.6199366378428,252.0,0.6373807009438206,251,541.3699951171875,0.0,False,True
2025-07-01,546.1099853515625,STOXX Europe 600,2025,7,1,202507,20253,202527,1.0087555466263862,True,1.0,1.0,1.0,417.2326497320519,417.2326497320519,253.0,0.6491409080318258,252,546.1099853515625,0.0,False,True
2025-08-01,550.1400146484375,STOXX Europe 600,2025,8,1,202508,20253,202531,1.0073795195198283,True,1.0,1.0,1.0,421.3116262150593,421.3116262150593,254.0,0.6587071898230681,253,550.1400146484375,0.0,False,True
2025-09-01,558.1799926757812,STOXX Europe 600,2025,9,1,202509,20253,202536,1.0146144214441148,True,1.0,1.0,1.0,428.46885187987147,428.46885187987147,255.0,0.6802700073720449,254,558.1799926757812,0.0,False,True
2025-10-01,571.8900146484375,STOXX Europe 600,2025,10,1,202510,20254,202540,1.0245620089443437,True,1.0,1.0,1.0,439.9929076521176,439.9929076521176,256.0,0.7187222955160844,255,571.8900146484375,0.0,False,True
2025-11-01,576.4299926757812,STOXX Europe 600,2025,11,1,202511,20254,202544,1.007938550964445,True,1.0,1.0,1.0,444.48581377350826,444.48581377350826,257.0,0.729516785110927,256,576.4299926757812,0.0,False,True
2025-12-01,592.1900024414062,STOXX Europe 600,2025,12,1,202512,20254,202549,1.0273407178076686,True,1.0,1.0,1.0,457.6383749774017,457.6383749774017,258.0,0.7737921510752004,257,592.1900024414062,0.0,False,True
2026-01-01,611.0,STOXX Europe 600,2026,1,1,202601,20261,202601,1.0317634500431385,True,1.0,1.0,1.0,473.1745486388195,473.1745486388195,259.0,0.8269287592232413,258,611.0,0.0,False,True
2026-02-01,633.8499755859375,STOXX Europe 600,2026,2,1,202602,20261,202605,1.0373976687167554,True,1.0,1.0,1.0,491.8701736540143,491.8701736540143,260.0,0.8918083602077473,259,633.8499755859375,0.0,False,True
2026-03-01,573.280029296875,STOXX Europe 600,2026,3,1,202603,20261,202609,0.9044411948851603,True,1.0,1.0,1.0,445.86764758800797,445.86764758800797,261.0,0.7083051631724444,260,573.280029296875,0.0,False,True
2026-03-20,573.280029296875,STOXX Europe 600,2026,3,20,202603,20261,202612,1.0,True,1.0,1.0,1.0,446.86764758800797,446.86764758800797,262.0,0.7056017083511754,261,573.280029296875,0.0,False,True
