date,price,index_name,year,month,day,month_key,quarter_key,week_key,return_factor,investment_signal,cash_inflow,cash_balance,contribution,invested_wealth,wealth,total_contribution,wealth_return,dip_window
2004-05-01,236.92999267578125,STOXX Europe 600,2004,5,1,200405,20042,200418,1.0,True,1.0,1.0,1.0,1.0,1.0,1.0,0.0,0
2004-06-01,240.86000061035156,STOXX Europe 600,2004,6,1,200406,20042,200423,1.016587211649258,False,0.0,0.0,0.0,1.016587211649258,1.016587211649258,1.0,0.016587211649258027,0
2004-07-01,236.39999389648438,STOXX Europe 600,2004,7,1,200407,20043,200427,0.9814829913536274,True,1.0,1.0,1.0,1.9977630574613572,1.9977630574613572,2.0,-0.0011184712693214083,1
2004-08-01,233.6300048828125,STOXX Europe 600,2004,8,1,200408,20043,200431,0.9882826180829565,True,1.0,1.0,1.0,2.9743545047373217,2.9743545047373217,3.0,-0.00854849842089278,2
2004-09-01,237.74000549316406,STOXX Europe 600,2004,9,1,200409,20043,200436,1.0175919210908424,True,1.0,1.0,1.0,4.026679114480852,4.026679114480852,4.0,0.006669778620213007,3
2004-10-01,240.3000030517578,STOXX Europe 600,2004,10,1,200410,20044,200440,1.0107680554363718,True,1.0,1.0,1.0,5.070038618410062,5.070038618410062,5.0,0.014007723682012418,4
2004-11-01,246.50999450683594,STOXX Europe 600,2004,11,1,200411,20044,200445,1.0258426607416253,True,1.0,1.0,1.0,6.201061906372572,6.201061906372572,6.0,0.033510317728761896,5
2004-12-01,251.02000427246094,STOXX Europe 600,2004,12,1,200412,20044,200449,1.0182954438607963,True,1.0,1.0,1.0,7.314513086357933,7.314513086357933,7.0,0.04493044090827625,6
2005-01-01,256.8500061035156,STOXX Europe 600,2005,1,1,200501,20051,200453,1.0232252479158064,True,1.0,1.0,1.0,8.484394466172006,8.484394466172006,8.0,0.060549308271500735,7
2005-02-01,264.2900085449219,STOXX Europe 600,2005,2,1,200502,20051,200505,1.02896633157333,True,1.0,1.0,1.0,9.730156249478071,9.730156249478071,9.0,0.08112847216423003,8
2005-03-01,262.19000244140625,STOXX Europe 600,2005,3,1,200503,20051,200509,0.9920541600680349,True,1.0,1.0,1.0,10.652841985406708,10.652841985406708,10.0,0.06528419854067069,9
2005-04-01,256.05999755859375,STOXX Europe 600,2005,4,1,200504,20052,200513,0.9766199899853831,True,1.0,1.0,1.0,11.403778433103767,11.403778433103767,11.0,0.03670713028216066,10
2005-05-01,267.2900085449219,STOXX Europe 600,2005,5,1,200505,20052,200517,1.0438569518605043,True,1.0,1.0,1.0,12.903913394872257,12.903913394872257,12.0,0.07532611623935481,11
2005-06-01,275.9200134277344,STOXX Europe 600,2005,6,1,200506,20052,200522,1.0322870463052198,True,1.0,1.0,1.0,14.320542644171045,14.320542644171045,13.0,0.10158020339777263,12
2005-07-01,285.0299987792969,STOXX Europe 600,2005,7,1,200507,20053,200526,1.0330167617723334,True,1.0,1.0,1.0,15.79336058910418,15.79336058910418,14.0,0.12809718493601285,13
2005-08-01,284.82000732421875,STOXX Europe 600,2005,8,1,200508,20053,200531,0.9992632654247712,True,1.0,1.0,1.0,16.781725074299132,16.781725074299132,15.0,0.11878167161994213,14
2005-09-01,297.3999938964844,STOXX Europe 600,2005,9,1,200509,20053,200535,1.0441681983314657,True,1.0,1.0,1.0,18.522943635724907,18.522943635724907,16.0,0.1576839772328067,15
2005-10-01,290.2900085449219,STOXX Europe 600,2005,10,1,200510,20054,200539,0.976092853068325,True,1.0,1.0,1.0,19.0801129006185,19.0801129006185,17.0,0.12235958238932354,16
2005-11-01,299.4700012207031,STOXX Europe 600,2005,11,1,200511,20054,200544,1.031623522703368,True,1.0,1.0,1.0,20.683493284114036,20.683493284114036,18.0,0.1490829602285575,17
2005-12-01,310.0299987792969,STOXX Europe 600,2005,12,1,200512,20054,200548,1.0352622884280527,True,1.0,1.0,1.0,22.412840589998158,22.412840589998158,19.0,0.17962318894727147,18
2006-01-01,321.0400085449219,STOXX Europe 600,2006,1,1,200601,20061,200552,1.0355127239588926,True,1.0,1.0,1.0,24.208781611005428,24.208781611005428,20.0,0.21043908055027138,19
2006-02-01,327.8800048828125,STOXX Europe 600,2006,2,1,200602,20061,200605,1.02130574431795,True,1.0,1.0,1.0,25.724567722258598,25.724567722258598,21.0,0.22497941534564747,20
2006-03-01,334.44000244140625,STOXX Europe 600,2006,3,1,200603,20061,200609,1.0200073120071422,True,1.0,1.0,1.0,27.23924717492669,27.23924717492669,22.0,0.23814759886030412,21
2006-04-01,336.4800109863281,STOXX Europe 600,2006,4,1,200604,20062,200613,1.0060997743392832,True,1.0,1.0,1.0,28.4054004358657,28.4054004358657,23.0,0.23501741025503042,22
2006-05-01,318.8599853515625,STOXX Europe 600,2006,5,1,200605,20062,200618,0.9476342574314717,True,1.0,1.0,1.0,27.91793054908519,27.91793054908519,24.0,0.163247106211883,23
2006-06-01,320.6600036621094,STOXX Europe 600,2006,6,1,200606,20062,200622,1.0056451683912682,True,1.0,1.0,1.0,29.075531968170505,29.075531968170505,25.0,0.16302127872682015,24
2006-07-01,326.0400085449219,STOXX Europe 600,2006,7,1,200607,20063,200626,1.0167779106261148,True,1.0,1.0,1.0,30.563358644939214,30.563358644939214,26.0,0.17551379403612355,25
2006-08-01,334.7300109863281,STOXX Europe 600,2006,8,1,200608,20063,200631,1.0266531781795392,True,1.0,1.0,1.0,32.37796928866794,32.37796928866794,27.0,0.19918404772844234,26
2006-09-01,341.42999267578125,STOXX Europe 600,2006,9,1,200609,20063,200635,1.0200160770458278,True,1.0,1.0,1.0,34.02604921653736,34.02604921653736,28.0,0.2152160434477628,27
2006-10-01,353.3399963378906,STOXX Europe 600,2006,10,1,200610,20064,200639,1.0348827107096563,True,1.0,1.0,1.0,36.21297004795036,36.21297004795036,29.0,0.24872310510173645,28
2006-11-01,351.7799987792969,STOXX Europe 600,2006,11,1,200611,20064,200644,0.9955849958262241,True,1.0,1.0,1.0,37.053089634043836,37.053089634043836,30.0,0.23510298780146122,29
2006-12-01,365.260009765625,STOXX Europe 600,2006,12,1,200612,20064,200648,1.0383194355367127,True,1.0,1.0,1.0,39.47294311371161,39.47294311371161,31.0,0.2733207456036002,30
2007-01-01,372.7200012207031,STOXX Europe 600,2007,1,1,200701,20071,200701,1.0204237837584929,True,1.0,1.0,1.0,41.279129968177344,41.279129968177344,32.0,0.289972811505542,31
2007-02-01,365.0299987792969,STOXX Europe 600,2007,2,1,200702,20071,200705,0.9793678836225034,True,1.0,1.0,1.0,41.4274541547121,41.4274541547121,33.0,0.25537739862763953,32
2007-03-01,374.2200012207031,STOXX Europe 600,2007,3,1,200703,20071,200709,1.02517601970287,True,1.0,1.0,1.0,43.47043255675088,43.47043255675088,34.0,0.2785421340220846,33
2007-04-01,386.92999267578125,STOXX Europe 600,2007,4,1,200704,20072,200713,1.0339639554636797,True,1.0,1.0,1.0,45.94686039209526,45.94686039209526,35.0,0.3127674397741502,34
2007-05-01,396.739990234375,STOXX Europe 600,2007,5,1,200705,20072,200718,1.0253534172700172,True,1.0,1.0,1.0,48.111770315863275,48.111770315863275,36.0,0.3364380643295355,35
2007-06-01,393.7099914550781,STOXX Europe 600,2007,6,1,200706,20072,200722,0.9923627593540372,True,1.0,1.0,1.0,48.744329148057744,48.744329148057744,37.0,0.31741430129885795,36
2007-07-01,380.07000732421875,STOXX Europe 600,2007,7,1,200707,20073,200726,0.9653552502428283,True,1.0,1.0,1.0,48.05559406264207,48.05559406264207,38.0,0.2646208963853176,37
2007-08-01,375.94000244140625,STOXX Europe 600,2007,8,1,200708,20073,200731,0.9891335680184588,True,1.0,1.0,1.0,48.53340121842782,48.53340121842782,39.0,0.24444618508789273,38
2007-09-01,377.8599853515625,STOXX Europe 600,2007,9,1,200709,20073,200735,1.0051071524649882,True,1.0,1.0,1.0,49.78126869809477,49.78126869809477,40.0,0.24453171745236935,39
2007-10-01,388.42999267578125,STOXX Europe 600,2007,10,1,200710,20074,200740,1.027973343920988,True,1.0,1.0,1.0,52.17381724820969,52.17381724820969,41.0,0.2725321280051143,40
2007-11-01,370.3599853515625,STOXX Europe 600,2007,11,1,200711,20074,200744,0.9534793716629869,True,1.0,1.0,1.0,50.74665848708248,50.74665848708248,42.0,0.20825377350196383,41
2007-12-01,364.6400146484375,STOXX Europe 600,2007,12,1,200712,20074,200748,0.9845556460488156,True,1.0,1.0,1.0,50.9629091315681,50.9629091315681,43.0,0.18518393329228133,42
2008-01-01,322.1600036621094,STOXX Europe 600,2008,1,1,200801,20081,200801,0.8835015103120687,True,1.0,1.0,1.0,46.025807187637135,46.025807187637135,44.0,0.046041072446298514,43
2008-02-01,318.95001220703125,STOXX Europe 600,2008,2,1,200802,20081,200805,0.9900360335901757,True,1.0,1.0,1.0,46.56720759083447,46.56720759083447,45.0,0.03482683535187703,44
2008-03-01,305.9599914550781,STOXX Europe 600,2008,3,1,200803,20081,200809,0.9592725497576677,True,1.0,1.0,1.0,45.6706439607544,45.6706439607544,46.0,-0.007159913896643499,45
2008-04-01,323.0899963378906,STOXX Europe 600,2008,4,1,200804,20082,200814,1.055987728334499,True,1.0,1.0,1.0,49.227639567690744,49.227639567690744,47.0,0.0473965865466115,46
2008-05-01,322.1199951171875,STOXX Europe 600,2008,5,1,200805,20082,200818,0.9969977367554003,True,1.0,1.0,1.0,50.07984523479826,50.07984523479826,48.0,0.04333010905829715,47
2008-06-01,289.3900146484375,STOXX Europe 600,2008,6,1,200806,20082,200822,0.8983919627316435,True,1.0,1.0,1.0,45.991330453787356,45.991330453787356,49.0,-0.06140141931046217,48
2008-07-01,283.760009765625,STOXX Europe 600,2008,7,1,200807,20083,200827,0.980545269021628,True,1.0,1.0,1.0,46.096581492471515,46.096581492471515,50.0,-0.07806837015056967,49
2008-08-01,288.17999267578125,STOXX Europe 600,2008,8,1,200808,20083,200831,1.0155764827954685,True,1.0,1.0,1.0,47.814604101018915,47.814604101018915,51.0,-0.06245874311727617,50
2008-09-01,256.04998779296875,STOXX Europe 600,2008,9,1,200809,20083,200836,0.8885071632333597,True,1.0,1.0,1.0,43.48361825092249,43.48361825092249,52.0,-0.1637765720976444,51
2008-10-01,222.07000732421875,STOXX Europe 600,2008,10,1,200810,20084,200840,0.8672916145724452,True,1.0,1.0,1.0,38.71297748029441,38.71297748029441,53.0,-0.2695664626359545,52
2008-11-01,206.25,STOXX Europe 600,2008,11,1,200811,20084,200844,0.9287611707909669,True,1.0,1.0,1.0,36.955110289402576,36.955110289402576,54.0,-0.3156461057518042,53
2008-12-01,196.89999389648438,STOXX Europe 600,2008,12,1,200812,20084,200849,0.9546666370738637,True,1.0,1.0,1.0,36.27981086267769,36.27981086267769,55.0,-0.34036707522404197,54
2009-01-01,191.22999572753906,STOXX Europe 600,2009,1,1,200901,20091,200901,0.9712036650853012,True,1.0,1.0,1.0,36.2350852784341,36.2350852784341,56.0,-0.35294490574224824,55
2009-02-01,172.9199981689453,STOXX Europe 600,2009,2,1,200902,20091,200905,0.9042514356132628,True,1.0,1.0,1.0,33.76562788259304,33.76562788259304,57.0,-0.40762056346328,56
2009-03-01,176.4600067138672,STOXX Europe 600,2009,3,1,200903,20091,200909,1.020471944149937,True,1.0,1.0,1.0,35.45687593079303,35.45687593079303,58.0,-0.3886745529173615,57
2009-04-01,200.22999572753906,STOXX Europe 600,2009,4,1,200904,20092,200914,1.1347046815668285,True,1.0,1.0,1.0,41.23308311240505,41.23308311240505,59.0,-0.30113418453550767,58
2009-05-01,208.2100067138672,STOXX Europe 600,2009,5,1,200905,20092,200918,1.0398542234260788,True,1.0,1.0,1.0,43.876395619312916,43.876395619312916,60.0,-0.2687267396781181,59
2009-06-01,205.8300018310547,STOXX Europe 600,2009,6,1,200906,20092,200923,0.9885692099031377,True,1.0,1.0,1.0,44.37485375078166,44.37485375078166,61.0,-0.27254338113472687,60
2009-07-01,224.91000366210938,STOXX Europe 600,2009,7,1,200907,20093,200927,1.0926978655265016,True,1.0,1.0,1.0,49.488307976529796,49.488307976529796,62.0,-0.20180148424951938,61
2009-08-01,235.6199951171875,STOXX Europe 600,2009,8,1,200908,20093,200931,1.0476190088510609,True,1.0,1.0,1.0,52.84489215208819,52.84489215208819,63.0,-0.16119218806209223,62
2009-09-01,242.47000122070312,STOXX Europe 600,2009,9,1,200909,20093,200936,1.0290722614611238,True,1.0,1.0,1.0,55.38121267361859,55.38121267361859,64.0,-0.1346685519747095,63
2009-10-01,236.92999267578125,STOXX Europe 600,2009,10,1,200910,20094,200940,0.9771517774692499,True,1.0,1.0,1.0,55.115850402428954,55.115850402428954,65.0,-0.1520638399626315,64
2009-11-01,239.1699981689453,STOXX Europe 600,2009,11,1,200911,20094,200944,1.0094542926704486,True,1.0,1.0,1.0,56.63693178291418,56.63693178291418,66.0,-0.14186466995584568,65
2009-12-01,253.16000366210938,STOXX Europe 600,2009,12,1,200912,20094,200949,1.0584939816877943,True,1.0,1.0,1.0,60.949851433476816,60.949851433476816,67.0,-0.0903007248734804,66
2010-01-01,246.9600067138672,STOXX Europe 600,2010,1,1,201001,20101,200953,0.975509571580994,True,1.0,1.0,1.0,60.4571634597962,60.4571634597962,68.0,-0.11092406676770294,67
2010-02-01,245.8000030517578,STOXX Europe 600,2010,2,1,201002,20101,201005,0.9953028683569264,True,1.0,1.0,1.0,61.173188204258715,61.173188204258715,69.0,-0.11343205501074327,68
2010-03-01,263.57000732421875,STOXX Europe 600,2010,3,1,201003,20101,201009,1.0722945648976219,True,1.0,1.0,1.0,66.59567722888593,66.59567722888593,70.0,-0.04863318244448667,69
2010-04-01,259.9100036621094,STOXX Europe 600,2010,4,1,201004,20102,201013,0.9861137323655829,True,1.0,1.0,1.0,66.67091183159037,66.67091183159037,71.0,-0.060973072794501815,70
2010-05-01,244.97000122070312,STOXX Europe 600,2010,5,1,201005,20102,201017,0.9425185555349817,True,1.0,1.0,1.0,63.83857151571067,63.83857151571067,72.0,-0.1133531733929074,71
2010-06-01,243.32000732421875,STOXX Europe 600,2010,6,1,201006,20102,201022,0.9932645063139881,True,1.0,1.0,1.0,64.40858722034258,64.40858722034258,73.0,-0.11769058602270432,72
2010-07-01,255.35000610351562,STOXX Europe 600,2010,7,1,201007,20103,201026,1.0494410587587528,True,1.0,1.0,1.0,68.5930159656718,68.5930159656718,74.0,-0.07306735181524604,73
2010-08-01,251.30999755859375,STOXX Europe 600,2010,8,1,201008,20103,201030,0.9841785453363799,True,1.0,1.0,1.0,68.50777467332995,68.50777467332995,75.0,-0.08656300435560071,74
2010-09-01,259.7200012207031,STOXX Europe 600,2010,9,1,201009,20103,201035,1.0334646601560233,True,1.0,1.0,1.0,71.80036407081836,71.80036407081836,76.0,-0.055258367489232074,75
2010-10-01,265.9599914550781,STOXX Europe 600,2010,10,1,201010,20104,201039,1.024025836304661,True,1.0,1.0,1.0,74.52542786459891,74.52542786459891,77.0,-0.03213730045975438,76
2010-11-01,261.8299865722656,STOXX Europe 600,2010,11,1,201011,20104,201044,0.9844713302169358,True,1.0,1.0,1.0,74.36814710484798,74.36814710484798,78.0,-0.046562216604513096,77
2010-12-01,275.80999755859375,STOXX Europe 600,2010,12,1,201012,20104,201048,1.053393467911551,True,1.0,1.0,1.0,79.3389203809322,79.3389203809322,79.0,0.004290131404204978,78
2011-01-01,280.04998779296875,STOXX Europe 600,2011,1,1,201101,20111,201052,1.015372866364187,True,1.0,1.0,1.0,81.55858700142714,81.55858700142714,80.0,0.019482337517839232,79
2011-02-01,286.4700012207031,STOXX Europe 600,2011,2,1,201102,20111,201105,1.0229245267187101,True,1.0,1.0,1.0,84.4282790082816,84.4282790082816,81.0,0.042324432201007456,80
2011-03-01,275.8999938964844,STOXX Europe 600,2011,3,1,201103,20111,201109,0.9631025682299091,True,1.0,1.0,1.0,82.31309234410735,82.31309234410735,82.0,0.0038181993183823426,81
2011-04-01,283.7799987792969,STOXX Europe 600,2011,4,1,201104,20112,201113,1.0285610911820788,True,1.0,1.0,1.0,85.66404408002626,85.66404408002626,83.0,0.03209691662682235,82
2011-05-01,279.04998779296875,STOXX Europe 600,2011,5,1,201105,20112,201117,0.983332119928555,True,1.0,1.0,1.0,85.23620606686539,85.23620606686539,84.0,0.014716738891254577,83
2011-06-01,272.8599853515625,STOXX Europe 600,2011,6,1,201106,20112,201122,0.9778175856936475,True,1.0,1.0,1.0,84.34546122998854,84.34546122998854,85.0,-0.0077004561177818065,84
2011-07-01,265.25,STOXX Europe 600,2011,7,1,201107,20113,201126,0.9721102918709112,True,1.0,1.0,1.0,82.9930909342708,82.9930909342708,86.0,-0.03496405890382792,85
2011-08-01,237.42999267578125,STOXX Europe 600,2011,8,1,201108,20113,201131,0.8951177857710886,True,1.0,1.0,1.0,75.28859179138308,75.28859179138308,87.0,-0.13461388745536684,86
2011-09-01,226.17999267578125,STOXX Europe 600,2011,9,1,201109,20113,201135,0.9526176121507856,True,1.0,1.0,1.0,72.72123853450259,72.72123853450259,88.0,-0.17362228938065238,87
2011-10-01,243.47999572753906,STOXX Europe 600,2011,10,1,201110,20114,201139,1.0764877690864398,True,1.0,1.0,1.0,79.28352383520952,79.28352383520952,89.0,-0.10917388949202789,88
2011-11-01,240.0800018310547,STOXX Europe 600,2011,11,1,201111,20114,201144,0.9860358388526954,True,1.0,1.0,1.0,79.1763959320485,79.1763959320485,90.0,-0.12026226742168344,89
2011-12-01,244.5399932861328,STOXX Europe 600,2011,12,1,201112,20114,201148,1.0185771052193537,True,1.0,1.0,1.0,81.64726417016738,81.64726417016738,91.0,-0.1027773168113475,90
2012-01-01,254.41000366210938,STOXX Europe 600,2012,1,1,201201,20121,201152,1.0403615385906542,True,1.0,1.0,1.0,85.94267337379291,85.94267337379291,92.0,-0.06584050680659881,91
2012-02-01,264.32000732421875,STOXX Europe 600,2012,2,1,201202,20121,201205,1.0389528851832068,True,1.0,1.0,1.0,90.29038846206012,90.29038846206012,93.0,-0.029135607934837382,92
2012-03-01,263.32000732421875,STOXX Europe 600,2012,3,1,201203,20121,201209,0.9962167071266256,True,1.0,1.0,1.0,90.94879347885741,90.94879347885741,94.0,-0.03245964384194244,93
2012-04-01,257.2799987792969,STOXX Europe 600,2012,4,1,201204,20122,201213,0.9770620979153894,True,1.0,1.0,1.0,89.86261895932591,89.86261895932591,95.0,-0.05407769516499039,94
2012-05-01,239.72999572753906,STOXX Europe 600,2012,5,1,201205,20122,201218,0.9317863684117443,True,1.0,1.0,1.0,84.73276337607867,84.73276337607867,96.0,-0.1173670481658472,95
2012-06-01,251.1699981689453,STOXX Europe 600,2012,6,1,201206,20122,201222,1.0477203630971912,True,1.0,1.0,1.0,89.77624161061352,89.77624161061352,97.0,-0.07447173597305645,96
2012-07-01,261.3800048828125,STOXX Europe 600,2012,7,1,201207,20123,201226,1.040649786153996,True,1.0,1.0,1.0,94.42562663379444,94.42562663379444,98.0,-0.036473197614342534,97
2012-08-01,266.2300109863281,STOXX Europe 600,2012,8,1,201208,20123,201231,1.018555383016731,True,1.0,1.0,1.0,97.17773030257933,97.17773030257933,99.0,-0.018406764620410798,98
2012-09-01,268.4800109863281,STOXX Europe 600,2012,9,1,201209,20123,201235,1.008451338718968,True,1.0,1.0,1.0,98.99901221730697,98.99901221730697,100.0,-0.010009877826930302,99
2012-10-01,270.29998779296875,STOXX Europe 600,2012,10,1,201210,20124,201240,1.006778816791442,True,1.0,1.0,1.0,100.67010838366181,100.67010838366181,101.0,-0.003266253627110749,100
2012-11-01,275.7799987792969,STOXX Europe 600,2012,11,1,201211,20124,201244,1.0202738114458423,True,1.0,1.0,1.0,103.7110751792647,103.7110751792647,102.0,0.01677524685553622,101
2012-12-01,279.67999267578125,STOXX Europe 600,2012,12,1,201212,20124,201248,1.0141416850886473,True,1.0,1.0,1.0,106.1777245446549,106.1777245446549,103.0,0.03085169460829995,102
2013-01-01,287.2200012207031,STOXX Europe 600,2013,1,1,201301,20131,201301,1.0269594134095341,True,1.0,1.0,1.0,110.04021371553786,110.04021371553786,104.0,0.05807897803401785,103
2013-02-01,289.94000244140625,STOXX Europe 600,2013,2,1,201302,20131,201305,1.0094700968217496,True,1.0,1.0,1.0,112.08230519371001,112.08230519371001,105.0,0.06745052565438114,104
2013-03-01,293.7799987792969,STOXX Europe 600,2013,3,1,201303,20131,201309,1.0132441067308973,True,1.0,1.0,1.0,114.56673520634051,114.56673520634051,106.0,0.08081825666358977,105
2013-04-01,296.7200012207031,STOXX Europe 600,2013,4,1,201304,20132,201314,1.0100074969488135,True,1.0,1.0,1.0,116.71326145935349,116.71326145935349,107.0,0.09077814447993915,106
2013-05-01,300.8800048828125,STOXX Europe 600,2013,5,1,201305,20132,201318,1.0140199637536909,True,1.0,1.0,1.0,119.34957715458867,119.34957715458867,108.0,0.10508867735730254,107
2013-06-01,285.0199890136719,STOXX Europe 600,2013,6,1,201306,20132,201322,0.9472879034440397,True,1.0,1.0,1.0,114.05841071970296,114.05841071970296,109.0,0.04640743779543999,108
2013-07-01,299.5799865722656,STOXX Europe 600,2013,7,1,201307,20133,201327,1.0510841278500482,True,1.0,1.0,1.0,120.88498515528157,120.88498515528157,110.0,0.09895441050255971,109
2013-08-01,297.32000732421875,STOXX Europe 600,2013,8,1,201308,20133,201331,0.9924561741459932,True,1.0,1.0,1.0,120.97304987890591,120.97304987890591,111.0,0.08984729620635945,110
2013-09-01,310.4599914550781,STOXX Europe 600,2013,9,1,201309,20133,201335,1.0441947524793735,True,1.0,1.0,1.0,127.31942387497908,127.31942387497908,112.0,0.13678057031231328,111
2013-10-01,322.3699951171875,STOXX Europe 600,2013,10,1,201310,20134,201340,1.0383624427942841,True,1.0,1.0,1.0,133.2037079899842,133.2037079899842,113.0,0.17879387601755936,112
2013-11-01,325.1600036621094,STOXX Europe 600,2013,11,1,201311,20134,201344,1.008654678125077,True,1.0,1.0,1.0,135.35654320770422,135.35654320770422,114.0,0.18733809831319492,113
2013-12-01,328.260009765625,STOXX Europe 600,2013,12,1,201312,20134,201348,1.0095337866545757,True,1.0,1.0,1.0,137.64700361294734,137.64700361294734,115.0,0.19693046619954213,114
2014-01-01,322.5199890136719,STOXX Europe 600,2014,1,1,201401,20141,201401,0.9825137982660408,True,1.0,1.0,1.0,136.24008033969633,136.24008033969633,116.0,0.17448345120427877,115
2014-02-01,338.0199890136719,STOXX Europe 600,2014,2,1,201402,20141,201405,1.0480590367356826,True,1.0,1.0,1.0,143.78764736561416,143.78764736561416,117.0,0.22895425098815525,116
2014-03-01,334.30999755859375,STOXX Europe 600,2014,3,1,201403,20141,201409,0.9890243430102944,True,1.0,1.0,1.0,143.20948346877242,143.20948346877242,118.0,0.21363969041332553,117
2014-04-01,337.8900146484375,STOXX Europe 600,2014,4,1,201404,20142,201414,1.0107086749304177,True,1.0,1.0,1.0,145.74306727419253,145.74306727419253,119.0,0.22473165776632364,118
2014-05-01,344.239990234375,STOXX Europe 600,2014,5,1,201405,20142,201418,1.0187930252764186,True,1.0,1.0,1.0,149.48202042133923,149.48202042133923,120.0,0.2456835035111602,119
2014-06-01,341.8599853515625,STOXX Europe 600,2014,6,1,201406,20142,201422,0.9930862045365733,True,1.0,1.0,1.0,149.4485323066863,149.4485323066863,121.0,0.23511183724534135,120
2014-07-01,335.989990234375,STOXX Europe 600,2014,7,1,201407,20143,201427,0.9828292418864089,True,1.0,1.0,1.0,147.88238770801698,147.88238770801698,122.0,0.21215071891817194,121
2014-08-01,342.0,STOXX Europe 600,2014,8,1,201408,20143,201431,1.0178874667112334,True,1.0,1.0,1.0,151.52762899532186,151.52762899532186,123.0,0.2319319430513973,122
2014-09-01,343.0799865722656,STOXX Europe 600,2014,9,1,201409,20143,201436,1.003157855474461,True,1.0,1.0,1.0,153.00613134807682,153.00613134807682,124.0,0.23392041409739361,123
2014-10-01,336.79998779296875,STOXX Europe 600,2014,10,1,201410,20144,201440,0.9816952342745471,True,1.0,1.0,1.0,151.2053899591924,151.2053899591924,125.0,0.2096431196735391,124
2014-11-01,347.25,STOXX Europe 600,2014,11,1,201411,20144,201444,1.031027353283204,True,1.0,1.0,1.0,156.8968930117809,156.8968930117809,126.0,0.24521343660143557,125
2014-12-01,342.5400085449219,STOXX Europe 600,2014,12,1,201412,20144,201449,0.9864363097045986,True,1.0,1.0,1.0,155.76879214665837,155.76879214665837,127.0,0.22652592241463276,126
2015-01-01,367.04998779296875,STOXX Europe 600,2015,1,1,201501,20151,201501,1.071553624793095,True,1.0,1.0,1.0,167.91461385439396,167.91461385439396,128.0,0.31183292073745283,127
2015-02-01,392.2099914550781,STOXX Europe 600,2015,2,1,201502,20151,201505,1.068546531804547,True,1.0,1.0,1.0,180.42457827341244,180.42457827341244,129.0,0.3986401416543599,128
2015-03-01,397.29998779296875,STOXX Europe 600,2015,3,1,201503,20151,201509,1.0129777324616516,True,1.0,1.0,1.0,183.7660801797511,183.7660801797511,130.0,0.41358523215193155,129
2015-04-01,395.7900085449219,STOXX Europe 600,2015,4,1,201504,20152,201514,0.9961993976983615,True,1.0,1.0,1.0,184.06765839245688,184.06765839245688,131.0,0.4050966289500526,130
2015-05-01,399.8699951171875,STOXX Europe 600,2015,5,1,201505,20152,201518,1.010308462781224,True,1.0,1.0,1.0,186.96511299822257,186.96511299822257,132.0,0.41640237119865575,131
2015-06-01,381.30999755859375,STOXX Europe 600,2015,6,1,201506,20152,201523,0.9535849206361321,True,1.0,1.0,1.0,179.28711244013553,179.28711244013553,133.0,0.3480234018055304,132
2015-07-01,396.3699951171875,STOXX Europe 600,2015,7,1,201507,20153,201527,1.0394954175212245,True,1.0,1.0,1.0,187.36813180213343,187.36813180213343,134.0,0.3982696403144286,133
2015-08-01,362.7900085449219,STOXX Europe 600,2015,8,1,201508,20153,201531,0.9152812095114877,True,1.0,1.0,1.0,172.49453029976453,172.49453029976453,135.0,0.2777372614797373,134
2015-09-01,347.7699890136719,STOXX Europe 600,2015,9,1,201509,20153,201536,0.9585985854696156,True,1.0,1.0,1.0,166.35301274660003,166.35301274660003,136.0,0.2231839172544119,135
2015-10-01,375.4700012207031,STOXX Europe 600,2015,10,1,201510,20154,201540,1.0796503812350016,True,1.0,1.0,1.0,180.60309363145782,180.60309363145782,137.0,0.3182707564339988,136
2015-11-01,385.42999267578125,STOXX Europe 600,2015,11,1,201511,20154,201544,1.0265267302918926,True,1.0,1.0,1.0,186.39390318610089,186.39390318610089,138.0,0.3506804578702962,137
2015-12-01,365.80999755859375,STOXX Europe 600,2015,12,1,201512,20154,201549,0.9490958267648579,True,1.0,1.0,1.0,177.90567564834134,177.90567564834134,139.0,0.2798969471103694,138
2016-01-01,342.2699890136719,STOXX Europe 600,2016,1,1,201601,20161,201553,0.935649630403687,True,1.0,1.0,1.0,167.45737966708876,167.45737966708876,140.0,0.19612414047920534,139
2016-02-01,333.9200134277344,STOXX Europe 600,2016,2,1,201602,20161,201605,0.9756041258247624,True,1.0,1.0,1.0,164.37211050301548,164.37211050301548,141.0,0.16575964895755657,140
2016-03-01,337.5400085449219,STOXX Europe 600,2016,3,1,201603,20161,201609,1.0108409049221931,True,1.0,1.0,1.0,167.1540529248389,167.1540529248389,142.0,0.17714121778055558,141
2016-04-01,341.4800109863281,STOXX Europe 600,2016,4,1,201604,20162,201613,1.0116726975815131,True,1.0,1.0,1.0,170.1051916341548,170.1051916341548,143.0,0.18954679464443913,142
2016-05-01,347.45001220703125,STOXX Europe 600,2016,5,1,201605,20162,201617,1.017482725280052,True,1.0,1.0,1.0,174.0790939682053,174.0790939682053,144.0,0.20888259700142586,143
2016-06-01,329.8800048828125,STOXX Europe 600,2016,6,1,201606,20162,201622,0.9494315535848953,True,1.0,1.0,1.0,166.27618463288414,166.27618463288414,145.0,0.14673230781299407,144
2016-07-01,341.8900146484375,STOXX Europe 600,2016,7,1,201607,20163,201626,1.0364072074325676,True,1.0,1.0,1.0,173.3298361779095,173.3298361779095,146.0,0.18719065875280472,145
2016-08-01,343.5299987792969,STOXX Europe 600,2016,8,1,201608,20163,201631,1.0047968178671312,True,1.0,1.0,1.0,175.16126783299458,175.16126783299458,147.0,0.19157325056458907,146
2016-09-01,342.9200134277344,STOXX Europe 600,2016,9,1,201609,20163,201635,0.9982243607436613,True,1.0,1.0,1.0,175.85024460964024,175.85024460964024,148.0,0.1881773284435151,147
2016-10-01,338.9700012207031,STOXX Europe 600,2016,10,1,201610,20164,201639,0.988481243286013,True,1.0,1.0,1.0,174.82466842388672,174.82466842388672,149.0,0.17331992230796467,148
2016-11-01,341.989990234375,STOXX Europe 600,2016,11,1,201611,20164,201644,1.0089093105667057,True,1.0,1.0,1.0,177.38223568959646,177.38223568959646,150.0,0.18254823793064312,149
2016-12-01,361.4200134277344,STOXX Europe 600,2016,12,1,201612,20164,201648,1.0568145961817288,True,1.0,1.0,1.0,188.46013578011312,188.46013578011312,151.0,0.24808036940472267,150
2017-01-01,360.1199951171875,STOXX Europe 600,2017,1,1,201701,20171,201652,0.9964030262236521,True,1.0,1.0,1.0,188.78224961382506,188.78224961382506,152.0,0.24198848430148057,151
2017-02-01,370.239990234375,STOXX Europe 600,2017,2,1,201702,20171,201705,1.0281017306853355,True,1.0,1.0,1.0,195.08735755064458,195.08735755064458,153.0,0.2750807683048666,152
2017-03-01,381.1400146484375,STOXX Europe 600,2017,3,1,201703,20171,201709,1.0294404297254935,True,1.0,1.0,1.0,201.83081319094654,201.83081319094654,154.0,0.31058969604510733,153
2017-04-01,387.0899963378906,STOXX Europe 600,2017,4,1,201704,20172,201713,1.015611012910679,True,1.0,1.0,1.0,205.9815966214433,205.9815966214433,155.0,0.32891352658995676,154
2017-05-01,389.989990234375,STOXX Europe 600,2017,5,1,201705,20172,201718,1.0074917820763132,True,1.0,1.0,1.0,208.52476585506218,208.52476585506218,156.0,0.3366972170196294,155
2017-06-01,379.3699951171875,STOXX Europe 600,2017,6,1,201706,20172,201722,0.9727685443649332,True,1.0,1.0,1.0,203.84633294486738,203.84633294486738,157.0,0.2983842862730406,156
2017-07-01,377.8500061035156,STOXX Europe 600,2017,7,1,201707,20173,201726,0.9959933863161679,True,1.0,1.0,1.0,204.02959943789148,204.02959943789148,158.0,0.2913265787208321,157
2017-08-01,373.8800048828125,STOXX Europe 600,2017,8,1,201708,20173,201731,0.9894931820654371,True,1.0,1.0,1.0,202.88589758333575,202.88589758333575,159.0,0.2760119344863883,158
2017-09-01,388.1600036621094,STOXX Europe 600,2017,9,1,201709,20173,201735,1.0381940692008196,True,1.0,1.0,1.0,211.6349355955041,211.6349355955041,160.0,0.32271834747190065,159
2017-10-01,395.2200012207031,STOXX Europe 600,2017,10,1,201710,20174,201739,1.0181883694661633,True,1.0,1.0,1.0,216.48422999606282,216.48422999606282,161.0,0.3446225465593964,160
2017-11-01,386.69000244140625,STOXX Europe 600,2017,11,1,201711,20174,201744,0.97841708731099,True,1.0,1.0,1.0,212.81186976151025,212.81186976151025,162.0,0.3136535170463597,161
2017-12-01,389.17999267578125,STOXX Europe 600,2017,12,1,201712,20174,201748,1.0064392413009238,True,1.0,1.0,1.0,215.18221674260536,215.18221674260536,163.0,0.3201362990343888,162
2018-01-01,395.4599914550781,STOXX Europe 600,2018,1,1,201801,20181,201801,1.016136489278699,True,1.0,1.0,1.0,219.65450227603912,219.65450227603912,164.0,0.33935672119536053,163
2018-02-01,379.6300048828125,STOXX Europe 600,2018,2,1,201802,20181,201805,0.9599707001610457,True,1.0,1.0,1.0,211.86188634345527,211.86188634345527,165.0,0.2840114323845775,164
2018-03-01,370.8699951171875,STOXX Europe 600,2018,3,1,201803,20181,201809,0.9769248751338053,True,1.0,1.0,1.0,207.97314686169247,207.97314686169247,166.0,0.25285028229935214,165
2018-04-01,385.32000732421875,STOXX Europe 600,2018,4,1,201804,20182,201813,1.0389624730964426,True,1.0,1.0,1.0,217.0762950010737,217.0762950010737,167.0,0.29985805389864484,166
2018-05-01,383.05999755859375,STOXX Europe 600,2018,5,1,201805,20182,201818,0.9941347199141846,True,1.0,1.0,1.0,216.8030817309013,216.8030817309013,168.0,0.2904945341125078,167
2018-06-01,379.92999267578125,STOXX Europe 600,2018,6,1,201806,20182,201822,0.9918289435003358,True,1.0,1.0,1.0,216.0315715007768,216.0315715007768,169.0,0.27829332248980365,168
2018-07-01,391.6099853515625,STOXX Europe 600,2018,7,1,201807,20183,201826,1.030742486513163,True,1.0,1.0,1.0,223.67291917405683,223.67291917405683,170.0,0.3157230539650402,169
2018-08-01,382.260009765625,STOXX Europe 600,2018,8,1,201808,20183,201831,0.9761242666538656,True,1.0,1.0,1.0,219.33256419910555,219.33256419910555,171.0,0.28264657426377515,170
2018-09-01,383.17999267578125,STOXX Europe 600,2018,9,1,201809,20183,201835,1.002406694099967,True,1.0,1.0,1.0,220.86043058729413,220.86043058729413,172.0,0.2840722708563612,171
2018-10-01,361.6099853515625,STOXX Europe 600,2018,10,1,201810,20184,201840,0.9437078977595009,True,1.0,1.0,1.0,209.42773264779353,209.42773264779353,173.0,0.21056492859996268,172
2018-11-01,357.489990234375,STOXX Europe 600,2018,11,1,201811,20184,201844,0.9886065228171673,True,1.0,1.0,1.0,208.04162255441852,208.04162255441852,174.0,0.1956415089334398,173
2018-12-01,337.6499938964844,STOXX Europe 600,2018,12,1,201812,20184,201848,0.9445019528382228,True,1.0,1.0,1.0,197.49571877428076,197.49571877428076,175.0,0.12854696442446145,174
2019-01-01,358.6700134277344,STOXX Europe 600,2019,1,1,201901,20191,201901,1.0622538720900858,True,1.0,1.0,1.0,210.7905919891944,210.7905919891944,176.0,0.19767381812042273,175
2019-02-01,372.79998779296875,STOXX Europe 600,2019,2,1,201902,20191,201905,1.0393954717044704,True,1.0,1.0,1.0,220.0947867914733,220.0947867914733,177.0,0.2434733717032389,176
2019-03-01,379.0899963378906,STOXX Europe 600,2019,3,1,201903,20191,201909,1.0168723410699654,True,1.0,1.0,1.0,224.80830110194034,224.80830110194034,178.0,0.26296798371876595,177
2019-04-01,391.3500061035156,STOXX Europe 600,2019,4,1,201904,20192,201914,1.032340631206468,True,1.0,1.0,1.0,233.0787434600308,233.0787434600308,179.0,0.30211588525156885,178
2019-05-01,369.05999755859375,STOXX Europe 600,2019,5,1,201905,20192,201918,0.9430432906674697,True,1.0,1.0,1.0,220.80334521718643,220.80334521718643,180.0,0.22668525120659133,179
2019-06-01,384.8699951171875,STOXX Europe 600,2019,6,1,201906,20192,201922,1.0428385565034957,True,1.0,1.0,1.0,231.26224179743375,231.26224179743375,181.0,0.2776919436322307,180
2019-07-01,385.7699890136719,STOXX Europe 600,2019,7,1,201907,20193,201927,1.0023384361158378,True,1.0,1.0,1.0,232.8030337758825,232.8030337758825,182.0,0.2791375482191347,181
2019-08-01,379.4800109863281,STOXX Europe 600,2019,8,1,201908,20193,201931,0.9836950042603734,True,1.0,1.0,1.0,230.00718130199462,230.00718130199462,183.0,0.2568698431802985,182
2019-09-01,393.1499938964844,STOXX Europe 600,2019,9,1,201909,20193,201935,1.0360229327353128,True,1.0,1.0,1.0,239.29271452267523,239.29271452267523,184.0,0.3005038832754088,183
2019-10-01,396.75,STOXX Europe 600,2019,10,1,201910,20194,201940,1.0091568260445236,True,1.0,1.0,1.0,242.4838762832812,242.4838762832812,185.0,0.3107236555853039,184
2019-11-01,407.42999267578125,STOXX Europe 600,2019,11,1,201911,20194,201944,1.0269186960952268,True,1.0,1.0,1.0,250.01122605694346,250.01122605694346,186.0,0.34414637665023373,185
2019-12-01,415.8399963378906,STOXX Europe 600,2019,12,1,201912,20194,201948,1.0206415919625282,True,1.0,1.0,1.0,256.1718557712623,256.1718557712623,187.0,0.3699029720388358,186
2020-01-01,410.7099914550781,STOXX Europe 600,2020,1,1,202001,20201,202001,0.9876635125817861,True,1.0,1.0,1.0,254.01159489563963,254.01159489563963,188.0,0.3511255047640407,187
2020-02-01,375.6499938964844,STOXX Europe 600,2020,2,1,202002,20201,202005,0.9146356351488262,True,1.0,1.0,1.0,233.3280564325397,233.3280564325397,189.0,0.23453998112454877,188
2020-03-01,320.05999755859375,STOXX Europe 600,2020,3,1,202003,20201,202009,0.8520165120694525,True,1.0,1.0,1.0,199.79935680959682,199.79935680959682,190.0,0.05157556215577275,189
2020-04-01,340.0299987792969,STOXX Europe 600,2020,4,1,202004,20202,202014,1.062394555311609,True,1.0,1.0,1.0,213.2657488292771,213.2657488292771,191.0,0.11657460120040364,190
2020-05-01,350.3599853515625,STOXX Europe 600,2020,5,1,202005,20202,202018,1.030379633001059,True,1.0,1.0,1.0,220.74468401040656,220.74468401040656,192.0,0.14971189588753409,191
2020-06-01,360.3399963378906,STOXX Europe 600,2020,6,1,202006,20202,202023,1.0284850194188524,True,1.0,1.0,1.0,228.03260062105144,228.03260062105144,193.0,0.18151606539404885,192
2020-07-01,356.3299865722656,STOXX Europe 600,2020,7,1,202007,20203,202027,0.9888715940323627,True,1.0,1.0,1.0,226.49496126748429,226.49496126748429,194.0,0.16749980034785716,193
2020-08-01,366.510009765625,STOXX Europe 600,2020,8,1,202008,20203,202031,1.0285690892626989,True,1.0,1.0,1.0,233.96571603348656,233.96571603348656,195.0,0.1998241847871105,194
2020-09-01,361.0899963378906,STOXX Europe 600,2020,9,1,202009,20203,202036,0.9852118270079435,True,1.0,1.0,1.0,231.50579055057298,231.50579055057298,196.0,0.18115199260496428,195
2020-10-01,342.3599853515625,STOXX Europe 600,2020,10,1,202010,20204,202040,0.9481292442984173,True,1.0,1.0,1.0,220.49741024542246,220.49741024542246,197.0,0.11927619413920021,196
2020-11-01,389.3599853515625,STOXX Europe 600,2020,11,1,202011,20204,202044,1.1372823986767515,True,1.0,1.0,1.0,251.76782362592576,251.76782362592576,198.0,0.27155466477740275,197
2020-12-01,399.0299987792969,STOXX Europe 600,2020,12,1,202012,20204,202049,1.024835663117778,True,1.0,1.0,1.0,259.02064447739536,259.02064447739536,199.0,0.3016112787808811,198
2021-01-01,395.8500061035156,STOXX Europe 600,2021,1,1,202101,20211,202053,0.9920306927160629,True,1.0,1.0,1.0,257.95642936867165,257.95642936867165,200.0,0.28978214684335835,199
2021-02-01,404.989990234375,STOXX Europe 600,2021,2,1,202102,20211,202105,1.0230895136792526,True,1.0,1.0,1.0,264.9125178732307,264.9125178732307,201.0,0.31797272573746604,200
2021-03-01,429.6000061035156,STOXX Europe 600,2021,3,1,202103,20211,202109,1.0607669731661722,True,1.0,1.0,1.0,282.01044973821644,282.01044973821644,202.0,0.39609133533770513,201
2021-04-01,437.3900146484375,STOXX Europe 600,2021,4,1,202104,20212,202113,1.0181331667463822,False,0.0,0.0,0.0,287.12419224754177,287.12419224754177,202.0,0.4214068923145633,201
2021-05-01,446.760009765625,STOXX Europe 600,2021,5,1,202105,20212,202117,1.021422517212056,True,1.0,1.0,1.0,294.2751151979624,294.2751151979624,203.0,0.4496311093495684,202
2021-06-01,452.8399963378906,STOXX Europe 600,2021,6,1,202106,20212,202122,1.01360906625339,True,1.0,1.0,1.0,299.27992473741546,299.27992473741546,204.0,0.4670584545951737,203
2021-07-01,461.739990234375,STOXX Europe 600,2021,7,1,202107,20213,202126,1.0196537275162496,True,1.0,1.0,1.0,306.1618908292883,306.1618908292883,205.0,0.4934726381916503,204
2021-08-01,470.8800048828125,STOXX Europe 600,2021,8,1,202108,20213,202130,1.0197947217952643,True,1.0,1.0,1.0,313.22228028256615,313.22228028256615,206.0,0.5204965062260491,205
2021-09-01,454.80999755859375,STOXX Europe 600,2021,9,1,202109,20213,202135,0.9658723939059207,True,1.0,1.0,1.0,303.5327536811934,303.5327536811934,207.0,0.4663418052231565,206
2021-10-01,475.510009765625,STOXX Europe 600,2021,10,1,202110,20214,202139,1.0455135382206817,True,1.0,1.0,1.0,318.34760326709113,318.34760326709113,208.0,0.5305173233994767,207
2021-11-01,462.9599914550781,STOXX Europe 600,2021,11,1,202111,20214,202144,0.9736072468448504,True,1.0,1.0,1.0,310.94553355652937,310.94553355652937,209.0,0.4877776725192793,208
2021-12-01,487.79998779296875,STOXX Europe 600,2021,12,1,202112,20214,202148,1.0536547364704643,True,1.0,1.0,1.0,328.62923421617285,328.62923421617285,210.0,0.5649011153151089,209
2022-01-01,468.8800048828125,STOXX Europe 600,2022,1,1,202201,20221,202152,0.9612136462000359,True,1.0,1.0,1.0,316.88290446885304,316.88290446885304,211.0,0.5018147131225263,210
2022-02-01,453.1099853515625,STOXX Europe 600,2022,2,1,202202,20221,202205,0.9663666196744913,True,1.0,1.0,1.0,307.2250612242003,307.2250612242003,212.0,0.4491748170952845,211
2022-03-01,455.8599853515625,STOXX Europe 600,2022,3,1,202203,20221,202209,1.0060691666237862,True,1.0,1.0,1.0,310.0896613117729,310.0896613117729,213.0,0.4558200061585582,212
2022-04-01,450.3900146484375,STOXX Europe 600,2022,4,1,202204,20222,202213,0.9880007658515881,True,1.0,1.0,1.0,307.3688228586912,307.3688228586912,214.0,0.4363029105546319,213
2022-05-01,443.3500061035156,STOXX Europe 600,2022,5,1,202205,20222,202217,0.9843690838696388,True,1.0,1.0,1.0,303.5643665674991,303.5643665674991,215.0,0.41192728636046105,214
2022-06-01,407.20001220703125,STOXX Europe 600,2022,6,1,202206,20222,202222,0.9184617268550485,True,1.0,1.0,1.0,279.81225232924413,279.81225232924413,216.0,0.29542709411687107,215
2022-07-01,438.2900085449219,STOXX Europe 600,2022,7,1,202207,20223,202226,1.0763506763405588,True,1.0,1.0,1.0,302.176107042957,302.176107042957,217.0,0.3925166223177743,216
2022-08-01,415.1199951171875,STOXX Europe 600,2022,8,1,202208,20223,202231,0.9471354286522377,True,1.0,1.0,1.0,287.2016966725955,287.2016966725955,218.0,0.3174389755623648,217
2022-09-01,387.8500061035156,STOXX Europe 600,2022,9,1,202209,20223,202235,0.9343081775524361,True,1.0,1.0,1.0,269.3348938081403,269.3348938081403,219.0,0.22983969775406532,218
2022-10-01,412.20001220703125,STOXX Europe 600,2022,10,1,202210,20224,202239,1.0627820181006178,True,1.0,1.0,1.0,287.2442819863309,287.2442819863309,220.0,0.30565582721059514,219
2022-11-01,440.0400085449219,STOXX Europe 600,2022,11,1,202211,20224,202244,1.0675400182276262,True,1.0,1.0,1.0,307.64476602746913,307.64476602746913,221.0,0.39205776483017707,220
2022-12-01,424.8900146484375,STOXX Europe 600,2022,12,1,202212,20224,202248,0.9655713262378556,True,1.0,1.0,1.0,298.0529647432782,298.0529647432782,222.0,0.34258092226701886,221
2023-01-01,453.2099914550781,STOXX Europe 600,2023,1,1,202301,20231,202252,1.066652488480044,True,1.0,1.0,1.0,318.9189365422725,318.9189365422725,223.0,0.4301297602792489,222
2023-02-01,461.1099853515625,STOXX Europe 600,2023,2,1,202302,20231,202305,1.0174311997648608,True,1.0,1.0,1.0,325.4780762339378,325.4780762339378,224.0,0.45302712604436524,223
2023-03-01,457.8399963378906,STOXX Europe 600,2023,3,1,202303,20231,202309,0.9929084402473333,True,1.0,1.0,1.0,324.1699290081419,324.1699290081419,225.0,0.44075524003618605,224
2023-04-01,466.6400146484375,STOXX Europe 600,2023,4,1,202304,20232,202313,1.0192207285971853,True,1.0,1.0,1.0,331.40071123297616,331.40071123297616,226.0,0.4663748284644964,225
2023-05-01,451.760009765625,STOXX Europe 600,2023,5,1,202305,20232,202318,0.9681124541065709,True,1.0,1.0,1.0,321.8331558444196,321.8331558444196,227.0,0.41776720636308196,226
2023-06-01,461.92999267578125,STOXX Europe 600,2023,6,1,202306,20232,202322,1.0225119149334012,True,1.0,1.0,1.0,330.0782364715372,330.0782364715372,228.0,0.4477115634716544,227
2023-07-01,471.3500061035156,STOXX Europe 600,2023,7,1,202307,20233,202326,1.0203927295847752,True,1.0,1.0,1.0,337.8094326897207,337.8094326897207,229.0,0.4751503610904835,228
2023-08-01,458.19000244140625,STOXX Europe 600,2023,8,1,202308,20233,202331,0.972080187776174,True,1.0,1.0,1.0,329.37785676158654,329.37785676158654,230.0,0.43207763809385447,229
2023-09-01,450.2200012207031,STOXX Europe 600,2023,9,1,202309,20233,202335,0.9826054667752766,True,1.0,1.0,1.0,324.64848268865893,324.64848268865893,231.0,0.4054046869638914,230
2023-10-01,433.6600036621094,STOXX Europe 600,2023,10,1,202310,20234,202339,0.9632179878421797,True,1.0,1.0,1.0,313.7072582513868,313.7072582513868,232.0,0.3521864579801155,231
2023-11-01,461.6099853515625,STOXX Europe 600,2023,11,1,202311,20234,202344,1.0644513707822376,True,1.0,1.0,1.0,334.92612107002606,334.92612107002606,233.0,0.4374511633906697,232
2023-12-01,479.0199890136719,STOXX Europe 600,2023,12,1,202312,20234,202348,1.0377158298446467,True,1.0,1.0,1.0,348.55813766283063,348.55813766283063,234.0,0.48956469086679766,233
2024-01-01,485.6700134277344,STOXX Europe 600,2024,1,1,202401,20241,202401,1.013882561409922,True,1.0,1.0,1.0,354.39701741386295,354.39701741386295,235.0,0.5080724145270763,234
2024-02-01,494.6099853515625,STOXX Europe 600,2024,2,1,202402,20241,202405,1.0184075023712749,True,1.0,1.0,1.0,361.92058135228143,361.92058135228143,236.0,0.5335617853910231,235
2024-03-01,512.6699829101562,STOXX Europe 600,2024,3,1,202403,20241,202409,1.0365136129343546,True,1.0,1.0,1.0,376.1356093727552,376.1356093727552,237.0,0.587070081741583,236
2024-04-01,504.8900146484375,STOXX Europe 600,2024,4,1,202404,20242,202414,0.9848246074061993,True,1.0,1.0,1.0,371.42760383201517,371.42760383201517,238.0,0.5606201841681309,237
2024-05-01,518.1699829101562,STOXX Europe 600,2024,5,1,202405,20242,202418,1.0263026953919179,True,1.0,1.0,1.0,382.1971509557586,382.1971509557586,239.0,0.5991512592291155,238
2024-06-01,511.4200134277344,STOXX Europe 600,2024,6,1,202406,20242,202422,0.9869734455776219,True,1.0,1.0,1.0,378.2184389687555,378.2184389687555,240.0,0.5759101623698146,239
2024-07-01,518.1799926757812,STOXX Europe 600,2024,7,1,202407,20243,202427,1.013218057703176,True,1.0,1.0,1.0,384.2177521194497,384.2177521194497,241.0,0.5942645316159738,240
2024-08-01,525.0499877929688,STOXX Europe 600,2024,8,1,202408,20243,202431,1.013257932020324,True,1.0,1.0,1.0,390.31168495805105,390.31168495805105,242.0,0.6128582023059961,241
2024-09-01,522.8900146484375,STOXX Europe 600,2024,9,1,202409,20243,202435,0.9958861571378934,True,1.0,1.0,1.0,389.70600401888964,389.70600401888964,243.0,0.6037284116003689,242
2024-10-01,505.3900146484375,STOXX Europe 600,2024,10,1,202410,20244,202440,0.9665321587528,True,1.0,1.0,1.0,377.6633853433047,377.6633853433047,244.0,0.5478007596037078,243
2024-11-01,510.25,STOXX Europe 600,2024,11,1,202411,20244,202444,1.0096163066358628,True,1.0,1.0,1.0,382.2951122619039,382.2951122619039,245.0,0.5603882133138935,244
2024-12-01,507.6199951171875,STOXX Europe 600,2024,12,1,202412,20244,202448,0.9948456543207986,True,1.0,1.0,1.0,381.3246311018369,381.3246311018369,246.0,0.5501001264302314,245
2025-01-01,539.530029296875,STOXX Europe 600,2025,1,1,202501,20251,202501,1.0628620513112783,True,1.0,1.0,1.0,406.2954796284149,406.2954796284149,247.0,0.6449209701555259,246
2025-02-01,557.1900024414062,STOXX Europe 600,2025,2,1,202502,20251,202505,1.032732141281452,True,1.0,1.0,1.0,420.5944006696276,420.5944006696276,248.0,0.6959451639904339,247
2025-03-01,533.9199829101562,STOXX Europe 600,2025,3,1,202503,20251,202509,0.9582368322667507,True,1.0,1.0,1.0,404.02904616679643,404.02904616679643,249.0,0.6226066111116322,248
2025-04-01,527.47998046875,STOXX Europe 600,2025,4,1,202504,20252,202514,0.9879382629466222,True,1.0,1.0,1.0,400.1557540500055,400.1557540500055,250.0,0.6006230162000219,249
2025-05-01,548.6699829101562,STOXX Europe 600,2025,5,1,202505,20252,202518,1.0401721453439343,True,1.0,1.0,1.0,417.230869161914,417.230869161914,251.0,0.6622743791311314,250
2025-06-01,541.3699951171875,STOXX Europe 600,2025,6,1,202506,20252,202522,0.9866951208917071,True,1.0,1.0,1.0,412.67966288746675,412.67966288746675,252.0,0.6376177098708997,251
2025-07-01,546.1099853515625,STOXX Europe 600,2025,7,1,202507,20253,202527,1.0087555466263862,True,1.0,1.0,1.0,417.29289891763926,417.29289891763926,253.0,0.6493790471052936,252
2025-08-01,550.1400146484375,STOXX Europe 600,2025,8,1,202508,20253,202531,1.0073795195198283,True,1.0,1.0,1.0,421.3723200106877,421.3723200106877,254.0,0.658946141774361,253
2025-09-01,558.1799926757812,STOXX Europe 600,2025,9,1,202509,20253,202536,1.0146144214441148,True,1.0,1.0,1.0,428.5304326802083,428.5304326802083,255.0,0.6805115007066993,254
2025-10-01,571.8900146484375,STOXX Europe 600,2025,10,1,202510,20254,202540,1.0245620089443437,True,1.0,1.0,1.0,440.05600100062304,440.05600100062304,256.0,0.7189687539086838,255
2025-11-01,576.4299926757812,STOXX Europe 600,2025,11,1,202511,20254,202544,1.007938550964445,True,1.0,1.0,1.0,444.5494079917764,444.5494079917764,257.0,0.7297642334310366,256
2025-12-01,592.1900024414062,STOXX Europe 600,2025,12,1,202512,20254,202549,1.0273407178076686,True,1.0,1.0,1.0,457.7037079072457,457.7037079072457,258.0,0.7740453794854485,257
2026-01-01,611.0,STOXX Europe 600,2026,1,1,202601,20261,202601,1.0317634500431385,True,1.0,1.0,1.0,473.24195676791675,473.24195676791675,259.0,0.8271890222699487,258
2026-02-01,633.8499755859375,STOXX Europe 600,2026,2,1,202602,20261,202605,1.0373976687167554,True,1.0,1.0,1.0,491.9401026899924,491.9401026899924,260.0,0.8920773180384323,259
2026-03-01,573.280029296875,STOXX Europe 600,2026,3,1,202603,20261,202609,0.9044411948851603,True,1.0,1.0,1.0,445.9308942888651,445.9308942888651,261.0,0.7085474876968012,260
2026-03-20,573.280029296875,STOXX Europe 600,2026,3,20,202603,20261,202612,1.0,True,1.0,1.0,1.0,446.9308942888651,446.9308942888651,262.0,0.7058431079727676,261
