date,price,index_name,year,month,day,month_key,quarter_key,week_key,return_factor,investment_signal,cash_inflow,cash_balance,contribution,invested_wealth,wealth,total_contribution,wealth_return
2004-05-01,236.92999267578125,STOXX Europe 600,2004,5,1,200405,20042,200418,1.0,True,1.0,1.0,1.0,1.0,1.0,1.0,0.0
2004-06-01,240.86000061035156,STOXX Europe 600,2004,6,1,200406,20042,200423,1.016587211649258,True,1.0,1.0,1.0,2.016587211649258,2.016587211649258,2.0,0.008293605824629013
2004-07-01,236.39999389648438,STOXX Europe 600,2004,7,1,200407,20043,200427,0.9814829913536274,True,1.0,1.0,1.0,2.979246048814984,2.979246048814984,3.0,-0.006917983728338739
2004-08-01,233.6300048828125,STOXX Europe 600,2004,8,1,200408,20043,200431,0.9882826180829565,True,1.0,1.0,1.0,3.944337085036176,3.944337085036176,4.0,-0.013915728740956035
2004-09-01,237.74000549316406,STOXX Europe 600,2004,9,1,200409,20043,200436,1.0175919210908424,True,1.0,1.0,1.0,5.013725551791815,5.013725551791815,5.0,0.00274511035836289
2004-10-01,240.3000030517578,STOXX Europe 600,2004,10,1,200410,20044,200440,1.0107680554363718,True,1.0,1.0,1.0,6.067713626476263,6.067713626476263,6.0,0.011285604412710537
2004-11-01,246.50999450683594,STOXX Europe 600,2004,11,1,200411,20044,200445,1.0258426607416253,True,1.0,1.0,1.0,7.224519491202625,7.224519491202625,7.0,0.03207421302894642
2004-12-01,251.02000427246094,STOXX Europe 600,2004,12,1,200412,20044,200449,1.0182954438607963,True,1.0,1.0,1.0,8.356695281975151,8.356695281975151,8.0,0.044586910246893874
2005-01-01,256.8500061035156,STOXX Europe 600,2005,1,1,200501,20051,200453,1.0232252479158064,True,1.0,1.0,1.0,9.550781601655872,9.550781601655872,9.0,0.061197955739541454
2005-02-01,264.2900085449219,STOXX Europe 600,2005,2,1,200502,20051,200505,1.02896633157333,True,1.0,1.0,1.0,10.827432708313896,10.827432708313896,10.0,0.08274327083138955
2005-03-01,262.19000244140625,STOXX Europe 600,2005,3,1,200503,20051,200509,0.9920541600680349,True,1.0,1.0,1.0,11.74139966113951,11.74139966113951,11.0,0.06739996919450086
2005-04-01,256.05999755859375,STOXX Europe 600,2005,4,1,200504,20052,200513,0.9766199899853831,True,1.0,1.0,1.0,12.46688561947645,12.46688561947645,12.0,0.03890713495637077
2005-05-01,267.2900085449219,STOXX Europe 600,2005,5,1,200505,20052,200517,1.0438569518605043,True,1.0,1.0,1.0,14.01364522194024,14.01364522194024,13.0,0.07797270938001843
2005-06-01,275.9200134277344,STOXX Europe 600,2005,6,1,200506,20052,200522,1.0322870463052198,True,1.0,1.0,1.0,15.466104434125947,15.466104434125947,14.0,0.10472174529471046
2005-07-01,285.0299987792969,STOXX Europe 600,2005,7,1,200507,20053,200526,1.0330167617723334,True,1.0,1.0,1.0,16.97674511977351,16.97674511977351,15.0,0.13178300798490072
2005-08-01,284.82000732421875,STOXX Europe 600,2005,8,1,200508,20053,200531,0.9992632654247712,True,1.0,1.0,1.0,17.964237764668926,17.964237764668926,16.0,0.12276486029180789
2005-09-01,297.3999938964844,STOXX Europe 600,2005,9,1,200509,20053,200535,1.0441681983314657,True,1.0,1.0,1.0,19.757685781132434,19.757685781132434,17.0,0.16221681065484894
2005-10-01,290.2900085449219,STOXX Europe 600,2005,10,1,200510,20054,200539,0.976092853068325,True,1.0,1.0,1.0,20.285335884133033,20.285335884133033,18.0,0.12696310467405736
2005-11-01,299.4700012207031,STOXX Europe 600,2005,11,1,200511,20054,200544,1.031623522703368,True,1.0,1.0,1.0,21.926829664010366,21.926829664010366,19.0,0.1540436665268614
2005-12-01,310.0299987792969,STOXX Europe 600,2005,12,1,200512,20054,200548,1.0352622884280527,True,1.0,1.0,1.0,23.700019855935484,23.700019855935484,20.0,0.18500099279677418
2006-01-01,321.0400085449219,STOXX Europe 600,2006,1,1,200601,20061,200552,1.0355127239588926,True,1.0,1.0,1.0,25.541672118899594,25.541672118899594,21.0,0.21627010089998078
2006-02-01,327.8800048828125,STOXX Europe 600,2006,2,1,200602,20061,200605,1.02130574431795,True,1.0,1.0,1.0,27.08585645451778,27.08585645451778,22.0,0.2311752933871718
2006-03-01,334.44000244140625,STOXX Europe 600,2006,3,1,200603,20061,200609,1.0200073120071422,True,1.0,1.0,1.0,28.627771635583986,28.627771635583986,23.0,0.24468572328626026
2006-04-01,336.4800109863281,STOXX Europe 600,2006,4,1,200604,20062,200613,1.0060997743392832,True,1.0,1.0,1.0,29.802394582397582,29.802394582397582,24.0,0.24176644093323252
2006-05-01,318.8599853515625,STOXX Europe 600,2006,5,1,200605,20062,200618,0.9476342574314717,True,1.0,1.0,1.0,29.241770059770044,29.241770059770044,25.0,0.1696708023908018
2006-06-01,320.6600036621094,STOXX Europe 600,2006,6,1,200606,20062,200622,1.0056451683912682,True,1.0,1.0,1.0,30.40684477581619,30.40684477581619,26.0,0.16949402983908413
2006-07-01,326.0400085449219,STOXX Europe 600,2006,7,1,200607,20063,200626,1.0167779106261148,True,1.0,1.0,1.0,31.91700809988698,31.91700809988698,27.0,0.1821114111069253
2006-08-01,334.7300109863281,STOXX Europe 600,2006,8,1,200608,20063,200631,1.0266531781795392,True,1.0,1.0,1.0,33.76769780373106,33.76769780373106,28.0,0.20598920727610937
2006-09-01,341.42999267578125,STOXX Europe 600,2006,9,1,200609,20063,200635,1.0200160770458278,True,1.0,1.0,1.0,35.44359464463077,35.44359464463077,29.0,0.2221929187803715
2006-10-01,353.3399963378906,STOXX Europe 600,2006,10,1,200610,20064,200639,1.0348827107096563,True,1.0,1.0,1.0,37.679963303129746,37.679963303129746,30.0,0.2559987767709915
2006-11-01,351.7799987792969,STOXX Europe 600,2006,11,1,200611,20064,200644,0.9955849958262241,True,1.0,1.0,1.0,38.51360610787871,38.51360610787871,31.0,0.2423743905767326
2006-12-01,365.260009765625,STOXX Europe 600,2006,12,1,200612,20064,200648,1.0383194355367127,True,1.0,1.0,1.0,40.989425754415905,40.989425754415905,32.0,0.280919554825497
2007-01-01,372.7200012207031,STOXX Europe 600,2007,1,1,200701,20071,200701,1.0204237837584929,True,1.0,1.0,1.0,42.82658492240889,42.82658492240889,33.0,0.29777530067905733
2007-02-01,365.0299987792969,STOXX Europe 600,2007,2,1,200702,20071,200705,0.9793678836225034,True,1.0,1.0,1.0,42.94298183823901,42.94298183823901,34.0,0.26302887759526494
2007-03-01,374.2200012207031,STOXX Europe 600,2007,3,1,200703,20071,200709,1.02517601970287,True,1.0,1.0,1.0,45.0241151950985,45.0241151950985,35.0,0.2864032912885286
2007-04-01,386.92999267578125,STOXX Europe 600,2007,4,1,200704,20072,200713,1.0339639554636797,True,1.0,1.0,1.0,47.55331223837642,47.55331223837642,36.0,0.3209253399549006
2007-05-01,396.739990234375,STOXX Europe 600,2007,5,1,200705,20072,200718,1.0253534172700172,True,1.0,1.0,1.0,49.75895120612739,49.75895120612739,37.0,0.3448365190845242
2007-06-01,393.7099914550781,STOXX Europe 600,2007,6,1,200706,20072,200722,0.9923627593540372,True,1.0,1.0,1.0,50.37893012147548,50.37893012147548,38.0,0.32576131898619676
2007-07-01,380.07000732421875,STOXX Europe 600,2007,7,1,200707,20073,200726,0.9653552502428283,True,1.0,1.0,1.0,49.63356469438292,49.63356469438292,39.0,0.27265550498417745
2007-08-01,375.94000244140625,STOXX Europe 600,2007,8,1,200708,20073,200731,0.9891335680184588,True,1.0,1.0,1.0,50.09422493962998,50.09422493962998,40.0,0.2523556234907496
2007-09-01,377.8599853515625,STOXX Europe 600,2007,9,1,200709,20073,200735,1.0051071524649882,True,1.0,1.0,1.0,51.35006378401209,51.35006378401209,41.0,0.25244058009785597
2007-10-01,388.42999267578125,STOXX Europe 600,2007,10,1,200710,20074,200740,1.027973343920988,True,1.0,1.0,1.0,53.78649677860693,53.78649677860693,42.0,0.28063087568111733
2007-11-01,370.3599853515625,STOXX Europe 600,2007,11,1,200711,20074,200744,0.9534793716629869,True,1.0,1.0,1.0,52.2843151524194,52.2843151524194,43.0,0.21591430587021865
2007-12-01,364.6400146484375,STOXX Europe 600,2007,12,1,200712,20074,200748,0.9845556460488156,True,1.0,1.0,1.0,52.47681768311017,52.47681768311017,44.0,0.19265494734341293
2008-01-01,322.1600036621094,STOXX Europe 600,2008,1,1,200801,20081,200801,0.8835015103120687,True,1.0,1.0,1.0,47.363347679398906,47.363347679398906,45.0,0.05251883731997564
2008-02-01,318.95001220703125,STOXX Europe 600,2008,2,1,200802,20081,200805,0.9900360335901757,True,1.0,1.0,1.0,47.89142087406454,47.89142087406454,46.0,0.041117845088359584
2008-03-01,305.9599914550781,STOXX Europe 600,2008,3,1,200803,20081,200809,0.9592725497576677,True,1.0,1.0,1.0,46.940925413381485,46.940925413381485,47.0,-0.0012569060982662306
2008-04-01,323.0899963378906,STOXX Europe 600,2008,4,1,200804,20082,200814,1.055987728334499,True,1.0,1.0,1.0,50.56904119319587,50.56904119319587,48.0,0.05352169152491393
2008-05-01,322.1199951171875,STOXX Europe 600,2008,5,1,200805,20082,200818,0.9969977367554003,True,1.0,1.0,1.0,51.417219619506895,51.417219619506895,49.0,0.049331012642997774
2008-06-01,289.3900146484375,STOXX Europe 600,2008,6,1,200806,20082,200822,0.8983919627316435,True,1.0,1.0,1.0,47.19281685217277,47.19281685217277,50.0,-0.056143662956544604
2008-07-01,283.760009765625,STOXX Europe 600,2008,7,1,200807,20083,200827,0.980545269021628,True,1.0,1.0,1.0,47.274693296202166,47.274693296202166,51.0,-0.07304522948623204
2008-08-01,288.17999267578125,STOXX Europe 600,2008,8,1,200808,20083,200831,1.0155764827954685,True,1.0,1.0,1.0,49.01106674299152,49.01106674299152,52.0,-0.05747948571170158
2008-09-01,256.04998779296875,STOXX Europe 600,2008,9,1,200809,20083,200836,0.8885071632333597,True,1.0,1.0,1.0,44.54668387885625,44.54668387885625,53.0,-0.15949653058761792
2008-10-01,222.07000732421875,STOXX Europe 600,2008,10,1,200810,20084,200840,0.8672916145724452,True,1.0,1.0,1.0,39.634965385141555,39.634965385141555,54.0,-0.2660191595344157
2008-11-01,206.25,STOXX Europe 600,2008,11,1,200811,20084,200844,0.9287611707909669,True,1.0,1.0,1.0,37.81141685536352,37.81141685536352,55.0,-0.3125196935388451
2008-12-01,196.89999389648438,STOXX Europe 600,2008,12,1,200812,20084,200849,0.9546666370738637,True,1.0,1.0,1.0,37.097298172307895,37.097298172307895,56.0,-0.3375482469230733
2009-01-01,191.22999572753906,STOXX Europe 600,2009,1,1,200901,20091,200901,0.9712036650853012,True,1.0,1.0,1.0,37.02903194970767,37.02903194970767,57.0,-0.3503678605314443
2009-02-01,172.9199981689453,STOXX Europe 600,2009,2,1,200902,20091,200905,0.9042514356132628,True,1.0,1.0,1.0,34.48355529989254,34.48355529989254,58.0,-0.4054559431053011
2009-03-01,176.4600067138672,STOXX Europe 600,2009,3,1,200903,20091,200909,1.020471944149937,True,1.0,1.0,1.0,36.189500718083195,36.189500718083195,59.0,-0.38661863189689505
2009-04-01,200.22999572753906,STOXX Europe 600,2009,4,1,200904,20092,200914,1.1347046815668285,True,1.0,1.0,1.0,42.0643958883751,42.0643958883751,60.0,-0.29892673519374824
2009-05-01,208.2100067138672,STOXX Europe 600,2009,5,1,200905,20092,200918,1.0398542234260788,True,1.0,1.0,1.0,44.74083972039343,44.74083972039343,61.0,-0.26654361114109126
2009-06-01,205.8300018310547,STOXX Europe 600,2009,6,1,200906,20092,200923,0.9885692099031377,True,1.0,1.0,1.0,45.22941657279225,45.22941657279225,62.0,-0.27049328108399595
2009-07-01,224.91000366210938,STOXX Europe 600,2009,7,1,200907,20093,200927,1.0926978655265016,True,1.0,1.0,1.0,50.42208694809908,50.42208694809908,63.0,-0.19964941352223686
2009-08-01,235.6199951171875,STOXX Europe 600,2009,8,1,200908,20093,200931,1.0476190088510609,True,1.0,1.0,1.0,53.823136752769564,53.823136752769564,64.0,-0.15901348823797556
2009-09-01,242.47000122070312,STOXX Europe 600,2009,9,1,200909,20093,200936,1.0290722614611238,True,1.0,1.0,1.0,56.387897057103906,56.387897057103906,65.0,-0.13249389142917067
2009-10-01,236.92999267578125,STOXX Europe 600,2009,10,1,200910,20094,200940,0.9771517774692499,True,1.0,1.0,1.0,56.099533837102165,56.099533837102165,66.0,-0.15000706307420963
2009-11-01,239.1699981689453,STOXX Europe 600,2009,11,1,200911,20094,200944,1.0094542926704486,True,1.0,1.0,1.0,57.62991524867386,57.62991524867386,67.0,-0.13985201121382296
2009-12-01,253.16000366210938,STOXX Europe 600,2009,12,1,200912,20094,200949,1.0584939816877943,True,1.0,1.0,1.0,62.000918455898926,62.000918455898926,68.0,-0.08822178741325104
2010-01-01,246.9600067138672,STOXX Europe 600,2010,1,1,201001,20101,200953,0.975509571580994,True,1.0,1.0,1.0,61.4824894005421,61.4824894005421,69.0,-0.1089494289776507
2010-02-01,245.8000030517578,STOXX Europe 600,2010,2,1,201002,20101,201005,0.9953028683569264,True,1.0,1.0,1.0,62.19369805408388,62.19369805408388,70.0,-0.11151859922737317
2010-03-01,263.57000732421875,STOXX Europe 600,2010,3,1,201003,20101,201009,1.0722945648976219,True,1.0,1.0,1.0,67.68996439427795,67.68996439427795,71.0,-0.046620219798902074
2010-04-01,259.9100036621094,STOXX Europe 600,2010,4,1,201004,20102,201013,0.9861137323655829,True,1.0,1.0,1.0,67.75000343253484,67.75000343253484,72.0,-0.059027730103682785
2010-05-01,244.97000122070312,STOXX Europe 600,2010,5,1,201005,20102,201017,0.9425185555349817,True,1.0,1.0,1.0,64.85563537272279,64.85563537272279,73.0,-0.11156663872982486
2010-06-01,243.32000732421875,STOXX Europe 600,2010,6,1,201006,20102,201022,0.9932645063139881,True,1.0,1.0,1.0,65.41880065016753,65.41880065016753,74.0,-0.11596215337611449
2010-07-01,255.35000610351562,STOXX Europe 600,2010,7,1,201007,20103,201026,1.0494410587587528,True,1.0,1.0,1.0,69.65317541703959,69.65317541703959,75.0,-0.07129099443947207
2010-08-01,251.30999755859375,STOXX Europe 600,2010,8,1,201008,20103,201030,0.9841785453363799,True,1.0,1.0,1.0,69.55116086000172,69.55116086000172,76.0,-0.08485314657892484
2010-09-01,259.7200012207031,STOXX Europe 600,2010,9,1,201009,20103,201035,1.0334646601560233,True,1.0,1.0,1.0,72.87866682163859,72.87866682163859,77.0,-0.05352380751118713
2010-10-01,265.9599914550781,STOXX Europe 600,2010,10,1,201010,20104,201039,1.024025836304661,True,1.0,1.0,1.0,75.62963774079721,75.62963774079721,78.0,-0.030389259733369145
2010-11-01,261.8299865722656,STOXX Europe 600,2010,11,1,201011,20104,201044,0.9844713302169358,True,1.0,1.0,1.0,75.4552100705076,75.4552100705076,79.0,-0.044870758601169514
2010-12-01,275.80999755859375,STOXX Europe 600,2010,12,1,201012,20104,201048,1.053393467911551,True,1.0,1.0,1.0,80.4840254081666,80.4840254081666,80.0,0.006050317602082522
2011-01-01,280.04998779296875,STOXX Europe 600,2011,1,1,201101,20111,201052,1.015372866364187,True,1.0,1.0,1.0,82.72129557521818,82.72129557521818,81.0,0.021250562657014527
2011-02-01,286.4700012207031,STOXX Europe 600,2011,2,1,201102,20111,201105,1.0229245267187101,True,1.0,1.0,1.0,85.61764212583859,85.61764212583859,82.0,0.04411758690047063
2011-03-01,275.8999938964844,STOXX Europe 600,2011,3,1,201103,20111,201109,0.9631025682299091,True,1.0,1.0,1.0,83.45857101718441,83.45857101718441,83.0,0.005524952014269946
2011-04-01,283.7799987792969,STOXX Europe 600,2011,4,1,201104,20112,201113,1.0285610911820788,True,1.0,1.0,1.0,86.8422388739322,86.8422388739322,84.0,0.033836177070621476
2011-05-01,279.04998779296875,STOXX Europe 600,2011,5,1,201105,20112,201117,0.983332119928555,True,1.0,1.0,1.0,86.39476285124572,86.39476285124572,85.0,0.016408974720537817
2011-06-01,272.8599853515625,STOXX Europe 600,2011,6,1,201106,20112,201122,0.9778175856936475,True,1.0,1.0,1.0,85.4783184277803,85.4783184277803,86.0,-0.006066064793252335
2011-07-01,265.25,STOXX Europe 600,2011,7,1,201107,20113,201126,0.9721102918709112,True,1.0,1.0,1.0,84.0943530754642,84.0943530754642,87.0,-0.033398240511905763
2011-08-01,237.42999267578125,STOXX Europe 600,2011,8,1,201108,20113,201131,0.8951177857710886,True,1.0,1.0,1.0,76.27435112076165,76.27435112076165,88.0,-0.13324600999134484
2011-09-01,226.17999267578125,STOXX Europe 600,2011,9,1,201109,20113,201135,0.9526176121507856,True,1.0,1.0,1.0,73.66029023301056,73.66029023301056,89.0,-0.17235628951673532
2011-10-01,243.47999572753906,STOXX Europe 600,2011,10,1,201110,20114,201139,1.0764877690864398,True,1.0,1.0,1.0,80.29440150319321,80.29440150319321,90.0,-0.10783998329785316
2011-11-01,240.0800018310547,STOXX Europe 600,2011,11,1,201111,20114,201144,0.9860358388526954,True,1.0,1.0,1.0,80.17315754137624,80.17315754137624,91.0,-0.1189762907541072
2011-12-01,244.5399932861328,STOXX Europe 600,2011,12,1,201112,20114,201148,1.0185771052193537,True,1.0,1.0,1.0,82.6625427247902,82.6625427247902,92.0,-0.10149410081749788
2012-01-01,254.41000366210938,STOXX Europe 600,2012,1,1,201201,20121,201152,1.0403615385906542,True,1.0,1.0,1.0,86.99893013297843,86.99893013297843,93.0,-0.06452763297872655
2012-02-01,264.32000732421875,STOXX Europe 600,2012,2,1,201202,20121,201205,1.0389528851832068,True,1.0,1.0,1.0,91.38778946951018,91.38778946951018,94.0,-0.027789473728615066
2012-03-01,263.32000732421875,STOXX Europe 600,2012,3,1,201203,20121,201209,0.9962167071266256,True,1.0,1.0,1.0,92.04204269689674,92.04204269689674,95.0,-0.03113639266424484
2012-04-01,257.2799987792969,STOXX Europe 600,2012,4,1,201204,20122,201213,0.9770620979153894,True,1.0,1.0,1.0,90.9307913338478,90.9307913338478,96.0,-0.052804256939085525
2012-05-01,239.72999572753906,STOXX Europe 600,2012,5,1,201205,20122,201218,0.9317863684117443,True,1.0,1.0,1.0,85.72807183377215,85.72807183377215,97.0,-0.11620544501265828
2012-06-01,251.1699981689453,STOXX Europe 600,2012,6,1,201206,20122,201222,1.0477203630971912,True,1.0,1.0,1.0,90.81904654930185,90.81904654930185,98.0,-0.07327503521120571
2012-07-01,261.3800048828125,STOXX Europe 600,2012,7,1,201207,20123,201226,1.040649786153996,True,1.0,1.0,1.0,95.51082137024076,95.51082137024076,99.0,-0.035244228583426684
2012-08-01,266.2300109863281,STOXX Europe 600,2012,8,1,201208,20123,201231,1.018555383016731,True,1.0,1.0,1.0,98.28306124300818,98.28306124300818,100.0,-0.01716938756991826
2012-09-01,268.4800109863281,STOXX Europe 600,2012,9,1,201209,20123,201235,1.008451338718968,True,1.0,1.0,1.0,100.11368468390991,100.11368468390991,101.0,-0.008775399169208775
2012-10-01,270.29998779296875,STOXX Europe 600,2012,10,1,201210,20124,201240,1.006778816791442,True,1.0,1.0,1.0,101.79233701069833,101.79233701069833,102.0,-0.002035911659820311
2012-11-01,275.7799987792969,STOXX Europe 600,2012,11,1,201211,20124,201244,1.0202738114458423,True,1.0,1.0,1.0,104.85605565788488,104.85605565788488,103.0,0.01801995784354249
2012-12-01,279.67999267578125,STOXX Europe 600,2012,12,1,201212,20124,201248,1.0141416850886473,True,1.0,1.0,1.0,107.33889697663636,107.33889697663636,104.0,0.032104778621503405
2013-01-01,287.2200012207031,STOXX Europe 600,2013,1,1,201301,20131,201301,1.0269594134095341,True,1.0,1.0,1.0,111.23269067515288,111.23269067515288,105.0,0.059358958810979745
2013-02-01,289.94000244140625,STOXX Europe 600,2013,2,1,201302,20131,201305,1.0094700968217496,True,1.0,1.0,1.0,113.28607502559029,113.28607502559029,106.0,0.06873655684519142
2013-03-01,293.7799987792969,STOXX Europe 600,2013,3,1,201303,20131,201309,1.0132441067308973,True,1.0,1.0,1.0,115.78644789435364,115.78644789435364,107.0,0.08211633546124908
2013-04-01,296.7200012207031,STOXX Europe 600,2013,4,1,201304,20132,201314,1.0100074969488135,True,1.0,1.0,1.0,117.94518041837034,117.94518041837034,108.0,0.09208500387379948
2013-05-01,300.8800048828125,STOXX Europe 600,2013,5,1,201305,20132,201318,1.0140199637536909,True,1.0,1.0,1.0,120.59876757275843,120.59876757275843,109.0,0.10641071167668281
2013-06-01,285.0199890136719,STOXX Europe 600,2013,6,1,201306,20132,201322,0.9472879034440397,True,1.0,1.0,1.0,115.24175369193337,115.24175369193337,110.0,0.04765230629030337
2013-07-01,299.5799865722656,STOXX Europe 600,2013,7,1,201307,20133,201327,1.0510841278500482,True,1.0,1.0,1.0,122.12877817119585,122.12877817119585,111.0,0.10025926280356612
2013-08-01,297.32000732421875,STOXX Europe 600,2013,8,1,201308,20133,201331,0.9924561741459932,True,1.0,1.0,1.0,122.20745993690971,122.20745993690971,112.0,0.09113803515097962
2013-09-01,310.4599914550781,STOXX Europe 600,2013,9,1,201309,20133,201335,1.0441947524793735,True,1.0,1.0,1.0,128.6083883799544,128.6083883799544,113.0,0.13812733079605666
2013-10-01,322.3699951171875,STOXX Europe 600,2013,10,1,201310,20134,201340,1.0383624427942841,True,1.0,1.0,1.0,134.5421203220455,134.5421203220455,114.0,0.18019403791267985
2013-11-01,325.1600036621094,STOXX Europe 600,2013,11,1,201311,20134,201344,1.008654678125077,True,1.0,1.0,1.0,136.70653906769815,136.70653906769815,115.0,0.18875251363215773
2013-12-01,328.260009765625,STOXX Europe 600,2013,12,1,201312,20134,201348,1.0095337866545757,True,1.0,1.0,1.0,139.00987004545502,139.00987004545502,116.0,0.1983609486677156
2014-01-01,322.5199890136719,STOXX Europe 600,2014,1,1,201401,20141,201401,0.9825137982660408,True,1.0,1.0,1.0,137.57911541482875,137.57911541482875,117.0,0.17588987534041656
2014-02-01,338.0199890136719,STOXX Europe 600,2014,2,1,201402,20141,201405,1.0480590367356826,True,1.0,1.0,1.0,145.19103517661273,145.19103517661273,118.0,0.23043250149671812
2014-03-01,334.30999755859375,STOXX Europe 600,2014,3,1,201403,20141,201409,0.9890243430102944,True,1.0,1.0,1.0,144.59746817653394,144.59746817653394,119.0,0.21510477459272215
2014-04-01,337.8900146484375,STOXX Europe 600,2014,4,1,201404,20142,201414,1.0107086749304177,True,1.0,1.0,1.0,147.14591545899785,147.14591545899785,120.0,0.2262159621583153
2014-05-01,344.239990234375,STOXX Europe 600,2014,5,1,201405,20142,201418,1.0187930252764186,True,1.0,1.0,1.0,150.91123236754055,150.91123236754055,121.0,0.24720026750033508
2014-06-01,341.8599853515625,STOXX Europe 600,2014,6,1,201406,20142,201422,0.9930862045365733,True,1.0,1.0,1.0,150.86786297381772,150.86786297381772,122.0,0.23662182765424356
2014-07-01,335.989990234375,STOXX Europe 600,2014,7,1,201407,20143,201427,0.9828292418864089,True,1.0,1.0,1.0,149.2773473915799,149.2773473915799,123.0,0.21363697066325127
2014-08-01,342.0,STOXX Europe 600,2014,8,1,201408,20143,201431,1.0178874667112334,True,1.0,1.0,1.0,152.947540973788,152.947540973788,124.0,0.23344791107893537
2014-09-01,343.0799865722656,STOXX Europe 600,2014,9,1,201409,20143,201436,1.003157855474461,True,1.0,1.0,1.0,154.4305272033574,154.4305272033574,125.0,0.2354442176268592
2014-10-01,336.79998779296875,STOXX Europe 600,2014,10,1,201410,20144,201440,0.9816952342745471,True,1.0,1.0,1.0,152.60371258204177,152.60371258204177,126.0,0.21114057604795056
2014-11-01,347.25,STOXX Europe 600,2014,11,1,201411,20144,201444,1.031027353283204,True,1.0,1.0,1.0,158.33860188465331,158.33860188465331,127.0,0.24676064476104975
2014-12-01,342.5400085449219,STOXX Europe 600,2014,12,1,201412,20144,201449,0.9864363097045986,True,1.0,1.0,1.0,157.19094612688303,157.19094612688303,128.0,0.2280542666162737
2015-01-01,367.04998779296875,STOXX Europe 600,2015,1,1,201501,20151,201501,1.071553624793095,True,1.0,1.0,1.0,169.43852810691763,169.43852810691763,129.0,0.3134769620691289
2015-02-01,392.2099914550781,STOXX Europe 600,2015,2,1,201502,20151,201505,1.068546531804547,True,1.0,1.0,1.0,182.0529515627141,182.0529515627141,130.0,0.40040731971318544
2015-03-01,397.29998779296875,STOXX Europe 600,2015,3,1,201503,20151,201509,1.0129777324616516,True,1.0,1.0,1.0,185.41558606194903,185.41558606194903,131.0,0.415386153144649
2015-04-01,395.7900085449219,STOXX Europe 600,2015,4,1,201504,20152,201514,0.9961993976983615,True,1.0,1.0,1.0,185.71089515880234,185.71089515880234,132.0,0.4069007209000177
2015-05-01,399.8699951171875,STOXX Europe 600,2015,5,1,201505,20152,201518,1.010308462781224,True,1.0,1.0,1.0,188.62528900961465,188.62528900961465,133.0,0.4182352557113884
2015-06-01,381.30999755859375,STOXX Europe 600,2015,6,1,201506,20152,201523,0.9535849206361321,True,1.0,1.0,1.0,180.87023125020087,180.87023125020087,134.0,0.3497778451507527
2015-07-01,396.3699951171875,STOXX Europe 600,2015,7,1,201507,20153,201527,1.0394954175212245,True,1.0,1.0,1.0,189.013776550588,189.013776550588,135.0,0.4001020485228741
2015-08-01,362.7900085449219,STOXX Europe 600,2015,8,1,201508,20153,201531,0.9152812095114877,True,1.0,1.0,1.0,174.00075801555627,174.00075801555627,136.0,0.2794173383496785
2015-09-01,347.7699890136719,STOXX Europe 600,2015,9,1,201509,20153,201536,0.9585985854696156,True,1.0,1.0,1.0,167.7968805043531,167.7968805043531,137.0,0.224794748206957
2015-10-01,375.4700012207031,STOXX Europe 600,2015,10,1,201510,20154,201540,1.0796503812350016,True,1.0,1.0,1.0,182.16196600656886,182.16196600656886,138.0,0.320014246424412
2015-11-01,385.42999267578125,STOXX Europe 600,2015,11,1,201511,20154,201544,1.0265267302918926,True,1.0,1.0,1.0,187.99412734826598,187.99412734826598,139.0,0.3524757363184603
2015-12-01,365.80999755859375,STOXX Europe 600,2015,12,1,201512,20154,201549,0.9490958267648579,True,1.0,1.0,1.0,179.4244417225405,179.4244417225405,140.0,0.28160315516100365
2016-01-01,342.2699890136719,STOXX Europe 600,2016,1,1,201601,20161,201553,0.935649630403687,True,1.0,1.0,1.0,168.8784125830829,168.8784125830829,141.0,0.19771923817789294
2016-02-01,333.9200134277344,STOXX Europe 600,2016,2,1,201602,20161,201605,0.9756041258247624,True,1.0,1.0,1.0,165.75847607879214,165.75847607879214,142.0,0.16731321182247982
2016-03-01,337.5400085449219,STOXX Europe 600,2016,3,1,201603,20161,201609,1.0108409049221931,True,1.0,1.0,1.0,168.55544795800995,168.55544795800995,143.0,0.17870942627978992
2016-04-01,341.4800109863281,STOXX Europe 600,2016,4,1,201604,20162,201613,1.0116726975815131,True,1.0,1.0,1.0,171.52294472774028,171.52294472774028,144.0,0.19113156060930758
2016-05-01,347.45001220703125,STOXX Europe 600,2016,5,1,201605,20162,201617,1.017482725280052,True,1.0,1.0,1.0,175.5216332496409,175.5216332496409,145.0,0.21049402241131654
2016-06-01,329.8800048828125,STOXX Europe 600,2016,6,1,201606,20162,201622,0.9494315535848953,True,1.0,1.0,1.0,167.6457769439648,167.6457769439648,146.0,0.14825874619153967
2016-07-01,341.8900146484375,STOXX Europe 600,2016,7,1,201607,20163,201626,1.0364072074325676,True,1.0,1.0,1.0,174.74929152035767,174.74929152035767,147.0,0.188770690614678
2016-08-01,343.5299987792969,STOXX Europe 600,2016,8,1,201608,20163,201631,1.0047968178671312,True,1.0,1.0,1.0,176.58753204419102,176.58753204419102,148.0,0.1931590002985879
2016-09-01,342.9200134277344,STOXX Europe 600,2016,9,1,201609,20163,201635,0.9982243607436613,True,1.0,1.0,1.0,177.27397629011338,177.27397629011338,149.0,0.18975823013498916
2016-10-01,338.9700012207031,STOXX Europe 600,2016,10,1,201610,20164,201639,0.988481243286013,True,1.0,1.0,1.0,176.23200048550646,176.23200048550646,150.0,0.1748800032367097
2016-11-01,341.989990234375,STOXX Europe 600,2016,11,1,201611,20164,201644,1.0089093105667057,True,1.0,1.0,1.0,178.80210610962368,178.80210610962368,151.0,0.18411990801075295
2016-12-01,361.4200134277344,STOXX Europe 600,2016,12,1,201612,20164,201648,1.0568145961817288,True,1.0,1.0,1.0,189.96067556468455,189.96067556468455,152.0,0.2497412866097668
2017-01-01,360.1199951171875,STOXX Europe 600,2017,1,1,201701,20171,201652,0.9964030262236521,True,1.0,1.0,1.0,190.27739199614103,190.27739199614103,153.0,0.2436430849420983
2017-02-01,370.239990234375,STOXX Europe 600,2017,2,1,201702,20171,201705,1.0281017306853355,True,1.0,1.0,1.0,196.6245160215246,196.6245160215246,154.0,0.27678257156834163
2017-03-01,381.1400146484375,STOXX Europe 600,2017,3,1,201703,20171,201709,1.0294404297254935,True,1.0,1.0,1.0,203.4132262677655,203.4132262677655,155.0,0.3123433952759065
2017-04-01,387.0899963378906,STOXX Europe 600,2017,4,1,201704,20172,201713,1.015611012910679,True,1.0,1.0,1.0,207.5887127692345,207.5887127692345,156.0,0.330696876725862
2017-05-01,389.989990234375,STOXX Europe 600,2017,5,1,201705,20172,201718,1.0074917820763132,True,1.0,1.0,1.0,210.14392216680395,210.14392216680395,157.0,0.3384963195337831
2017-06-01,379.3699951171875,STOXX Europe 600,2017,6,1,201706,20172,201722,0.9727685443649332,True,1.0,1.0,1.0,205.42139727333972,205.42139727333972,158.0,0.30013542578063124
2017-07-01,377.8500061035156,STOXX Europe 600,2017,7,1,201707,20173,201726,0.9959933863161679,True,1.0,1.0,1.0,205.59835309207244,205.59835309207244,159.0,0.2930714030947952
2017-08-01,373.8800048828125,STOXX Europe 600,2017,8,1,201708,20173,201731,0.9894931820654371,True,1.0,1.0,1.0,204.43816862848806,204.43816862848806,160.0,0.27773855392805036
2017-09-01,388.1600036621094,STOXX Europe 600,2017,9,1,201709,20173,201735,1.0381940692008196,True,1.0,1.0,1.0,213.2464941883734,213.2464941883734,161.0,0.3245123862631887
2017-10-01,395.2200012207031,STOXX Europe 600,2017,10,1,201710,20174,201739,1.0181883694661633,True,1.0,1.0,1.0,218.1251002120356,218.1251002120356,162.0,0.34645123587676285
2017-11-01,386.69000244140625,STOXX Europe 600,2017,11,1,201711,20174,201744,0.97841708731099,True,1.0,1.0,1.0,214.4173252188777,214.4173252188777,163.0,0.31544371299924956
2017-12-01,389.17999267578125,STOXX Europe 600,2017,12,1,201712,20174,201748,1.0064392413009238,True,1.0,1.0,1.0,216.79801011506066,216.79801011506066,164.0,0.32193908606744315
2018-01-01,395.4599914550781,STOXX Europe 600,2018,1,1,201801,20181,201801,1.016136489278699,True,1.0,1.0,1.0,221.29636888092566,221.29636888092566,165.0,0.34119011442985236
2018-02-01,379.6300048828125,STOXX Europe 600,2018,2,1,201802,20181,201805,0.9599707001610457,True,1.0,1.0,1.0,213.43803017771924,213.43803017771924,166.0,0.2857712661308387
2018-03-01,370.8699951171875,STOXX Europe 600,2018,3,1,201803,20181,201809,0.9769248751338053,True,1.0,1.0,1.0,209.5129209801737,209.5129209801737,167.0,0.2545683891028365
2018-04-01,385.32000732421875,STOXX Europe 600,2018,4,1,201804,20182,201813,1.0389624730964426,True,1.0,1.0,1.0,218.67606252722086,218.67606252722086,168.0,0.3016432293286957
2018-05-01,383.05999755859375,STOXX Europe 600,2018,5,1,201805,20182,201818,0.9941347199141846,True,1.0,1.0,1.0,218.39346617243544,218.39346617243544,169.0,0.29226903060612686
2018-06-01,379.92999267578125,STOXX Europe 600,2018,6,1,201806,20182,201822,0.9918289435003358,True,1.0,1.0,1.0,217.60896082118296,217.60896082118296,170.0,0.280052710712841
2018-07-01,391.6099853515625,STOXX Europe 600,2018,7,1,201807,20183,201826,1.030742486513163,True,1.0,1.0,1.0,225.29880136437157,225.29880136437157,171.0,0.3175368500840443
2018-08-01,382.260009765625,STOXX Europe 600,2018,8,1,201808,20183,201831,0.9761242666538656,True,1.0,1.0,1.0,220.91962725979212,220.91962725979212,172.0,0.2844164375569309
2018-09-01,383.17999267578125,STOXX Europe 600,2018,9,1,201809,20183,201835,1.002406694099967,True,1.0,1.0,1.0,222.45131322328513,222.45131322328513,173.0,0.28584574117505857
2018-10-01,361.6099853515625,STOXX Europe 600,2018,10,1,201810,20184,201840,0.9437078977595009,True,1.0,1.0,1.0,210.92906115578668,210.92906115578668,174.0,0.21223598365394647
2018-11-01,357.489990234375,STOXX Europe 600,2018,11,1,201811,20184,201844,0.9886065228171673,True,1.0,1.0,1.0,209.52584571031193,209.52584571031193,175.0,0.19729054691606818
2018-12-01,337.6499938964844,STOXX Europe 600,2018,12,1,201812,20184,201848,0.9445019528382228,True,1.0,1.0,1.0,198.8975704434698,198.8975704434698,176.0,0.13009983206516917
2019-01-01,358.6700134277344,STOXX Europe 600,2019,1,1,201901,20191,201901,1.0622538720900858,True,1.0,1.0,1.0,212.2797143528864,212.2797143528864,177.0,0.19932042007280448
2019-02-01,372.79998779296875,STOXX Europe 600,2019,2,1,201902,20191,201905,1.0393954717044704,True,1.0,1.0,1.0,221.64257383310863,221.64257383310863,178.0,0.24518299906240792
2019-03-01,379.0899963378906,STOXX Europe 600,2019,3,1,201903,20191,201909,1.0168723410699654,True,1.0,1.0,1.0,226.3822029344458,226.3822029344458,179.0,0.2647050443265129
2019-04-01,391.3500061035156,STOXX Europe 600,2019,4,1,201904,20192,201914,1.032340631206468,True,1.0,1.0,1.0,234.7035462712565,234.7035462712565,180.0,0.30390859039586937
2019-05-01,369.05999755859375,STOXX Europe 600,2019,5,1,201905,20192,201918,0.9430432906674697,True,1.0,1.0,1.0,222.3356046069705,222.3356046069705,181.0,0.22837350611585916
2019-06-01,384.8699951171875,STOXX Europe 600,2019,6,1,201906,20192,201922,1.0428385565034957,True,1.0,1.0,1.0,232.86014096766507,232.86014096766507,182.0,0.27945132399815975
2019-07-01,385.7699890136719,STOXX Europe 600,2019,7,1,201907,20193,201927,1.0023384361158378,True,1.0,1.0,1.0,234.40466953124297,234.40466953124297,183.0,0.28089983350406
2019-08-01,379.4800109863281,STOXX Europe 600,2019,8,1,201908,20193,201931,0.9836950042603734,True,1.0,1.0,1.0,231.58270239318747,231.58270239318747,184.0,0.2586016434412364
2019-09-01,393.1499938964844,STOXX Europe 600,2019,9,1,201909,20193,201935,1.0360229327353128,True,1.0,1.0,1.0,240.9249905041592,240.9249905041592,185.0,0.3022972459684281
2019-10-01,396.75,STOXX Europe 600,2019,10,1,201910,20194,201940,1.0091568260445236,True,1.0,1.0,1.0,244.13109873198428,244.13109873198428,186.0,0.3125327888816358
2019-11-01,407.42999267578125,STOXX Europe 600,2019,11,1,201911,20194,201944,1.0269186960952268,True,1.0,1.0,1.0,251.7027895861444,251.7027895861444,187.0,0.34600422238579887
2019-12-01,415.8399963378906,STOXX Europe 600,2019,12,1,201912,20194,201948,1.0206415919625282,True,1.0,1.0,1.0,257.89833586461174,257.89833586461174,188.0,0.37179965885431776
2020-01-01,410.7099914550781,STOXX Europe 600,2020,1,1,202001,20201,202001,0.9876635125817861,True,1.0,1.0,1.0,255.71677628903964,255.71677628903964,189.0,0.3529988163441251
2020-02-01,375.6499938964844,STOXX Europe 600,2020,2,1,202002,20201,202005,0.9146356351488262,True,1.0,1.0,1.0,234.88767609933606,234.88767609933606,190.0,0.23625092683861082
2020-03-01,320.05999755859375,STOXX Europe 600,2020,3,1,202003,20201,202009,0.8520165120694525,True,1.0,1.0,1.0,201.1281785182556,201.1281785182556,191.0,0.053027112661024
2020-04-01,340.0299987792969,STOXX Europe 600,2020,4,1,202004,20202,202014,1.062394555311609,True,1.0,1.0,1.0,214.67748177753606,214.67748177753606,192.0,0.11811188425800023
2020-05-01,350.3599853515625,STOXX Europe 600,2020,5,1,202005,20202,202018,1.030379633001059,True,1.0,1.0,1.0,222.19930488752914,222.19930488752914,193.0,0.15129173516854477
2020-06-01,360.3399963378906,STOXX Europe 600,2020,6,1,202006,20202,202023,1.0284850194188524,True,1.0,1.0,1.0,229.52865640210592,229.52865640210592,194.0,0.18313740413456658
2020-07-01,356.3299865722656,STOXX Europe 600,2020,7,1,202007,20203,202027,0.9888715940323627,True,1.0,1.0,1.0,227.97436833245695,227.97436833245695,195.0,0.16909932478183043
2020-08-01,366.510009765625,STOXX Europe 600,2020,8,1,202008,20203,202031,1.0285690892626989,True,1.0,1.0,1.0,235.4873884109543,235.4873884109543,196.0,0.20146626740282803
2020-09-01,361.0899963378906,STOXX Europe 600,2020,9,1,202009,20203,202036,0.9852118270079435,True,1.0,1.0,1.0,233.0049601736855,233.0049601736855,197.0,0.1827662952978959
2020-10-01,342.3599853515625,STOXX Europe 600,2020,10,1,202010,20204,202040,0.9481292442984173,True,1.0,1.0,1.0,221.91881680725925,221.91881680725925,198.0,0.12080210508716793
2020-11-01,389.3599853515625,STOXX Europe 600,2020,11,1,202011,20204,202044,1.1372823986767515,True,1.0,1.0,1.0,253.38436429006637,253.38436429006637,199.0,0.27328826276415263
2020-12-01,399.0299987792969,STOXX Europe 600,2020,12,1,202012,20204,202049,1.024835663117778,True,1.0,1.0,1.0,260.6773330008868,260.6773330008868,200.0,0.3033866650044339
2021-01-01,395.8500061035156,STOXX Europe 600,2021,1,1,202101,20211,202053,0.9920306927160629,True,1.0,1.0,1.0,259.59991523224556,259.59991523224556,201.0,0.2915418668270924
2021-02-01,404.989990234375,STOXX Europe 600,2021,2,1,202102,20211,202105,1.0230895136792526,True,1.0,1.0,1.0,266.5939510261333,266.5939510261333,202.0,0.3197720347828381
2021-03-01,429.6000061035156,STOXX Europe 600,2021,3,1,202103,20211,202109,1.0607669731661722,True,1.0,1.0,1.0,283.7940584944022,283.7940584944022,203.0,0.3980002881497644
2021-04-01,437.3900146484375,STOXX Europe 600,2021,4,1,202104,20212,202113,1.0181331667463822,True,1.0,1.0,1.0,289.94014347871376,289.94014347871376,204.0,0.42127521313094984
2021-05-01,446.760009765625,STOXX Europe 600,2021,5,1,202105,20212,202117,1.021422517212056,True,1.0,1.0,1.0,297.1513911928525,297.1513911928525,205.0,0.44951898142854874
2021-06-01,452.8399963378906,STOXX Europe 600,2021,6,1,202106,20212,202122,1.01360906625339,True,1.0,1.0,1.0,302.19534416288303,302.19534416288303,206.0,0.46696769011108263
2021-07-01,461.739990234375,STOXX Europe 600,2021,7,1,202107,20213,202126,1.0196537275162496,True,1.0,1.0,1.0,309.1346091137396,309.1346091137396,207.0,0.493403908762027
2021-08-01,470.8800048828125,STOXX Europe 600,2021,8,1,202108,20213,202130,1.0197947217952643,True,1.0,1.0,1.0,316.25384269843386,316.25384269843386,208.0,0.5204511668193936
2021-09-01,454.80999755859375,STOXX Europe 600,2021,9,1,202109,20213,202135,0.9658723939059207,True,1.0,1.0,1.0,306.46085612908274,306.46085612908274,209.0,0.466319885785085
2021-10-01,475.510009765625,STOXX Europe 600,2021,10,1,202110,20214,202139,1.0455135382206817,True,1.0,1.0,1.0,321.4089740176566,321.4089740176566,210.0,0.5305189238936028
2021-11-01,462.9599914550781,STOXX Europe 600,2021,11,1,202111,20214,202144,0.9736072468448504,True,1.0,1.0,1.0,313.9261063045587,313.9261063045587,211.0,0.48780145168037303
2021-12-01,487.79998779296875,STOXX Europe 600,2021,12,1,202112,20214,202148,1.0536547364704643,True,1.0,1.0,1.0,331.7697288095287,331.7697288095287,212.0,0.5649515509883429
2022-01-01,468.8800048828125,STOXX Europe 600,2022,1,1,202201,20221,202152,0.9612136462000359,True,1.0,1.0,1.0,319.9015907278042,319.9015907278042,213.0,0.501885402477954
2022-02-01,453.1099853515625,STOXX Europe 600,2022,2,1,202202,20221,202205,0.9663666196744913,True,1.0,1.0,1.0,310.14221886012075,310.14221886012075,214.0,0.44926270495383536
2022-03-01,455.8599853515625,STOXX Europe 600,2022,3,1,202203,20221,202209,1.0060691666237862,True,1.0,1.0,1.0,313.0245236634536,313.0245236634536,215.0,0.45592801703931896
2022-04-01,450.3900146484375,STOXX Europe 600,2022,4,1,202204,20222,202213,0.9880007658515881,True,1.0,1.0,1.0,310.2684691098207,310.2684691098207,216.0,0.4364280977306516
2022-05-01,443.3500061035156,STOXX Europe 600,2022,5,1,202205,20222,202217,0.9843690838696388,True,1.0,1.0,1.0,306.4186886912695,306.4186886912695,217.0,0.4120676898215183
2022-06-01,407.20001220703125,STOXX Europe 600,2022,6,1,202206,20222,202222,0.9184617268550485,True,1.0,1.0,1.0,282.43383795604285,282.43383795604285,218.0,0.2955680640185452
2022-07-01,438.2900085449219,STOXX Europe 600,2022,7,1,202207,20223,202226,1.0763506763405588,True,1.0,1.0,1.0,304.99785250544653,304.99785250544653,219.0,0.3926842580157375
2022-08-01,415.1199951171875,STOXX Europe 600,2022,8,1,202208,20223,202231,0.9471354286522377,True,1.0,1.0,1.0,289.874271770758,289.874271770758,220.0,0.31761032623071817
2022-09-01,387.8500061035156,STOXX Europe 600,2022,9,1,202209,20223,202235,0.9343081775524361,True,1.0,1.0,1.0,271.8319025774765,271.8319025774765,221.0,0.23000860894785746
2022-10-01,412.20001220703125,STOXX Europe 600,2022,10,1,202210,20224,202239,1.0627820181006178,True,1.0,1.0,1.0,289.89805800542103,289.89805800542103,222.0,0.30584710813252713
2022-11-01,440.0400085449219,STOXX Europe 600,2022,11,1,202211,20224,202244,1.0675400182276262,True,1.0,1.0,1.0,310.47777812726065,310.47777812726065,223.0,0.39227703196081
2022-12-01,424.8900146484375,STOXX Europe 600,2022,12,1,202212,20224,202248,0.9655713262378556,True,1.0,1.0,1.0,300.78843999372174,300.78843999372174,224.0,0.3428055356862578
2023-01-01,453.2099914550781,STOXX Europe 600,2023,1,1,202301,20231,202252,1.066652488480044,True,1.0,1.0,1.0,321.83673802533366,321.83673802533366,225.0,0.4303855023348162
2023-02-01,461.1099853515625,STOXX Europe 600,2023,2,1,202302,20231,202305,1.0174311997648608,True,1.0,1.0,1.0,328.44673849752445,328.44673849752445,226.0,0.45330415264391344
2023-03-01,457.8399963378906,STOXX Europe 600,2023,3,1,202303,20231,202309,0.9929084402473333,True,1.0,1.0,1.0,327.1175388259008,327.1175388259008,227.0,0.4410464265458185
2023-04-01,466.6400146484375,STOXX Europe 600,2023,4,1,202304,20232,202313,1.0192207285971853,True,1.0,1.0,1.0,334.4049762590526,334.4049762590526,228.0,0.4666884923642658
2023-05-01,451.760009765625,STOXX Europe 600,2023,5,1,202305,20232,202318,0.9681124541065709,True,1.0,1.0,1.0,324.741622231601,324.741622231601,229.0,0.41808568660087775
2023-06-01,461.92999267578125,STOXX Europe 600,2023,6,1,202306,20232,202322,1.0225119149334012,True,1.0,1.0,1.0,333.05217800661353,333.05217800661353,230.0,0.4480529478548414
2023-07-01,471.3500061035156,STOXX Europe 600,2023,7,1,202307,20233,202326,1.0203927295847752,True,1.0,1.0,1.0,340.8440210103228,340.8440210103228,231.0,0.47551524246892996
2023-08-01,458.19000244140625,STOXX Europe 600,2023,8,1,202308,20233,202331,0.972080187776174,True,1.0,1.0,1.0,332.3277199461008,332.3277199461008,232.0,0.43244706873319294
2023-09-01,450.2200012207031,STOXX Europe 600,2023,9,1,202309,20233,202335,0.9826054667752766,True,1.0,1.0,1.0,327.5470343800017,327.5470343800017,233.0,0.40578126343348386
2023-10-01,433.6600036621094,STOXX Europe 600,2023,10,1,202310,20234,202339,0.9632179878421797,True,1.0,1.0,1.0,316.49919537917856,316.49919537917856,234.0,0.35256066401358366
2023-11-01,461.6099853515625,STOXX Europe 600,2023,11,1,202311,20234,202344,1.0644513707822376,True,1.0,1.0,1.0,337.8980023728418,337.8980023728418,235.0,0.4378638398844332
2023-12-01,479.0199890136719,STOXX Europe 600,2023,12,1,202312,20234,202348,1.0377158298446467,True,1.0,1.0,1.0,351.6421059351819,351.6421059351819,236.0,0.4900089234541607
2024-01-01,485.6700134277344,STOXX Europe 600,2024,1,1,202401,20241,202401,1.013882561409922,True,1.0,1.0,1.0,357.5237990651414,357.5237990651414,237.0,0.5085392365617782
2024-02-01,494.6099853515625,STOXX Europe 600,2024,2,1,202402,20241,202405,1.0184075023712749,True,1.0,1.0,1.0,365.1049192442202,365.1049192442202,238.0,0.5340542825387402
2024-03-01,512.6699829101562,STOXX Europe 600,2024,3,1,202403,20241,202409,1.0365136129343546,True,1.0,1.0,1.0,379.43621894593247,379.43621894593247,239.0,0.5875992424516003
2024-04-01,504.8900146484375,STOXX Europe 600,2024,4,1,202404,20242,202414,0.9848246074061993,True,1.0,1.0,1.0,374.6781253591206,374.6781253591206,240.0,0.5611588556630025
2024-05-01,518.1699829101562,STOXX Europe 600,2024,5,1,202405,20242,202418,1.0263026953919179,True,1.0,1.0,1.0,385.53316996045635,385.53316996045635,241.0,0.599722696931354
2024-06-01,511.4200134277344,STOXX Europe 600,2024,6,1,202406,20242,202422,0.9869734455776219,True,1.0,1.0,1.0,381.5110011403345,381.5110011403345,242.0,0.5764917402493162
2024-07-01,518.1799926757812,STOXX Europe 600,2024,7,1,202407,20243,202427,1.013218057703176,True,1.0,1.0,1.0,387.55383556780384,387.55383556780384,243.0,0.5948717513078348
2024-08-01,525.0499877929688,STOXX Europe 600,2024,8,1,202408,20243,202431,1.013257932020324,True,1.0,1.0,1.0,393.69199797397766,393.69199797397766,244.0,0.6134917949753182
2024-09-01,522.8900146484375,STOXX Europe 600,2024,9,1,202409,20243,202435,0.9958861571378934,True,1.0,1.0,1.0,393.07241095824395,393.07241095824395,245.0,0.6043771875846691
2024-10-01,505.3900146484375,STOXX Europe 600,2024,10,1,202410,20244,202440,0.9665321587528,True,1.0,1.0,1.0,380.91712590963925,380.91712590963925,246.0,0.5484436012586962
2024-11-01,510.25,STOXX Europe 600,2024,11,1,202411,20244,202444,1.0096163066358628,True,1.0,1.0,1.0,385.5801417952379,385.5801417952379,247.0,0.5610532056487365
2024-12-01,507.6199951171875,STOXX Europe 600,2024,12,1,202412,20244,202448,0.9948456543207986,True,1.0,1.0,1.0,384.59272845738974,384.59272845738974,248.0,0.5507771308765714
2025-01-01,539.530029296875,STOXX Europe 600,2025,1,1,202501,20251,202501,1.0628620513112783,True,1.0,1.0,1.0,409.7690162876227,409.7690162876227,249.0,0.645658699950292
2025-02-01,557.1900024414062,STOXX Europe 600,2025,2,1,202502,20251,202505,1.032732141281452,True,1.0,1.0,1.0,424.18163362151085,424.18163362151085,250.0,0.6967265344860434
2025-03-01,533.9199829101562,STOXX Europe 600,2025,3,1,202503,20251,202509,0.9582368322667507,True,1.0,1.0,1.0,407.46646490721196,407.46646490721196,251.0,0.6233723701482548
2025-04-01,527.47998046875,STOXX Europe 600,2025,4,1,202504,20252,202514,0.9879382629466222,True,1.0,1.0,1.0,403.55171154943184,403.55171154943184,252.0,0.6013956807517136
2025-05-01,548.6699829101562,STOXX Europe 600,2025,5,1,202505,20252,202518,1.0401721453439343,True,1.0,1.0,1.0,420.76324955958904,420.76324955958904,253.0,0.6630958480616167
2025-06-01,541.3699951171875,STOXX Europe 600,2025,6,1,202506,20252,202522,0.9866951208917071,True,1.0,1.0,1.0,416.1650453909863,416.1650453909863,254.0,0.6384450605944341
2025-07-01,546.1099853515625,STOXX Europe 600,2025,7,1,202507,20253,202527,1.0087555466263862,True,1.0,1.0,1.0,420.80879785017913,420.80879785017913,255.0,0.650230579804624
2025-08-01,550.1400146484375,STOXX Europe 600,2025,8,1,202508,20253,202531,1.0073795195198283,True,1.0,1.0,1.0,424.91416458803,424.91416458803,256.0,0.6598209554219923
2025-09-01,558.1799926757812,STOXX Europe 600,2025,9,1,202509,20253,202536,1.0146144214441148,True,1.0,1.0,1.0,432.1240392668934,432.1240392668934,257.0,0.6814164952019199
2025-10-01,571.8900146484375,STOXX Europe 600,2025,10,1,202510,20254,202540,1.0245620089443437,True,1.0,1.0,1.0,443.7378737844328,443.7378737844328,258.0,0.7199142394745457
2025-11-01,576.4299926757812,STOXX Europe 600,2025,11,1,202511,20254,202544,1.007938550964445,True,1.0,1.0,1.0,448.260509510325,448.260509510325,259.0,0.7307355579549228
2025-12-01,592.1900024414062,STOXX Europe 600,2025,12,1,202512,20254,202549,1.0273407178076686,True,1.0,1.0,1.0,461.5162736051685,461.5162736051685,260.0,0.7750625907891098
2026-01-01,611.0,STOXX Europe 600,2026,1,1,202601,20261,202601,1.0317634500431385,True,1.0,1.0,1.0,477.1756227059218,477.1756227059218,261.0,0.8282590908272867
2026-02-01,633.8499755859375,STOXX Europe 600,2026,2,1,202602,20261,202605,1.0373976687167554,True,1.0,1.0,1.0,496.0208785635893,496.0208785635893,262.0,0.8932094601663714
2026-03-01,573.280029296875,STOXX Europe 600,2026,3,1,202603,20261,202609,0.9044411948851603,False,0.5,0.5,0.0,448.6217160960396,449.1217160960396,262.0,0.7109398708420558
2026-03-20,573.280029296875,STOXX Europe 600,2026,3,20,202603,20261,202612,1.0,True,0.5,1.0,1.0,449.6217160960396,449.6217160960396,263.0,0.7095882741294282
