horizon_years,contribution_interval_days,window_stride_days,window_number,start_date,end_date,final_relative_advantage,mean_relative_advantage,median_relative_advantage,std_relative_advantage,percent_time_btd_better,annual_return_btd,annual_return_dca,annual_alpha
1,15,0,0,2004-05-01,2005-05-01,0.0014285319206672753,0.0042793158010348735,0.0025570643454780884,0.0043506225317140775,0.9230769230769231,0.07537960692714774,0.07384453428200732,0.0015350726451404118
1,15,1907,1,2009-07-21,2010-07-21,0.0027039106872965846,0.007992824060455489,0.0048752579997461964,0.007810634521247936,0.9166666666666666,0.03521442825838661,0.03216204633763531,0.0030523819207513014
1,15,3814,2,2014-10-10,2015-10-10,0.0,0.0,0.0,0.0,0.0,-0.004408731942845856,-0.004408731942845856,0.0
1,15,5721,3,2019-12-30,2020-12-29,0.0,0.0,0.0,0.0,0.0,0.12278792178178355,0.12278792178178355,0.0
1,15,7628,4,2025-03-20,2026-03-20,0.003488995783686333,0.010436367973447769,0.006278294699404552,0.010520775503848246,0.9230769230769231,0.00624141656195909,0.0026216604680204814,0.0036197560939386086
1,30,0,0,2004-05-01,2005-05-01,0.0014285319206672753,0.0042793158010348735,0.0025570643454780884,0.0043506225317140775,0.9230769230769231,0.07537960692714774,0.07384453428200732,0.0015350726451404118
1,30,1907,1,2009-07-21,2010-07-21,0.0027039106872965846,0.007992824060455489,0.0048752579997461964,0.007810634521247936,0.9166666666666666,0.03521442825838661,0.03216204633763531,0.0030523819207513014
1,30,3814,2,2014-10-10,2015-10-10,0.0,0.0,0.0,0.0,0.0,-0.004408731942845856,-0.004408731942845856,0.0
1,30,5721,3,2019-12-30,2020-12-29,0.0,0.0,0.0,0.0,0.0,0.12278792178178355,0.12278792178178355,0.0
1,30,7628,4,2025-03-20,2026-03-20,0.09446381813518001,0.018017603169405576,0.007389807231763079,0.0261815319442199,0.9230769230769231,0.00624141656195909,0.0028600046478761687,0.0033814119140829213
1,45,0,0,2004-05-01,2005-05-01,0.004219198889081177,0.06981117990072505,0.004776762110789257,0.157744818720431,0.6923076923076923,0.0754733579881377,0.07095169834501891,0.004521659643118792
1,45,1907,1,2009-07-21,2010-07-21,0.007653281218527708,0.019469397141058154,0.0023388176252953086,0.05260409994936087,0.8333333333333334,0.04672170116343466,0.038030959484549376,0.008690741678885283
1,45,3814,2,2014-10-10,2015-10-10,0.027774444243748864,0.07360058033548933,0.032368405995462424,0.08976518496889549,0.8333333333333334,0.006309908435266465,-0.023390958975072595,0.02970086741033906
1,45,5721,3,2019-12-30,2020-12-29,0.007120330795674867,0.06629559804113075,0.006787262073860378,0.1494740992285527,0.6666666666666666,0.15269035949978438,0.14380780386008296,0.008882555639701417
1,45,7628,4,2025-03-20,2026-03-20,0.15180079702065474,0.09271616776002642,0.013583827139680649,0.15826987595715816,0.8461538461538461,0.014731730331576376,0.006580076682529912,0.008151653649046464
1,60,0,0,2004-05-01,2005-05-01,0.018099603413960663,0.19464829446789275,0.01643160467266469,0.31846321534782507,0.7692307692307693,0.08592534219397607,0.06660683965532099,0.01931850253865508
1,60,1907,1,2009-07-21,2010-07-21,0.2065080842585314,0.13564005957409753,0.020795798420412126,0.3081417292374141,0.8333333333333334,0.0405560567538954,0.03441953349627935,0.0061365232576160444
1,60,3814,2,2014-10-10,2015-10-10,0.2295451809289717,0.23772321553037568,0.05748920322446949,0.3210563946217885,0.8333333333333334,0.012117086078665684,-0.014448818553560061,0.026565904632225745
1,60,5721,3,2019-12-30,2020-12-29,0.20855557622832288,0.14974825629816133,0.014503304662762173,0.29337775532743116,0.75,0.14817794092029057,0.13931866710398344,0.008859273816307134
1,60,7628,4,2025-03-20,2026-03-20,0.22518100198965074,0.2430490378991523,0.22518100198965074,0.3040235847390186,0.8461538461538461,0.01663449927231242,-0.0049776110466995815,0.021612110319012
1,90,0,0,2004-05-01,2005-05-01,0.03238890917077364,0.3416105179021593,0.19172185719520685,0.3919139481888863,0.6923076923076923,0.09432800425962928,0.05997275143744929,0.034355252822179994
1,90,1907,1,2009-07-21,2010-07-21,0.3383832801385416,0.08333154365044772,0.015066645977953597,0.14465096812095982,0.75,0.058760428470862935,0.05439254537503868,0.004367883095824254
1,90,3814,2,2014-10-10,2015-10-10,0.4189835793419945,0.28328000216758614,0.14500490941525257,0.35040805719782836,0.75,0.04365768265084924,-0.02503364482743875,0.06869132747828799
1,90,5721,3,2019-12-30,2020-12-29,0.3229773437016479,0.32462221281280884,0.06239455531160942,0.41885053120159665,0.75,0.1579854509147336,0.16787191102641463,-0.009886460111681039
1,90,7628,4,2025-03-20,2026-03-20,0.3788655970104411,0.4019354040419061,0.3788655970104411,0.38538142400273406,0.7692307692307693,0.03194408902940449,-0.003294409610882232,0.03523849864028672
1,120,0,0,2004-05-01,2005-05-01,0.042751853385611716,0.41469879030492784,0.042751853385611716,0.47123393303193717,0.6923076923076923,0.10015483528671254,0.05501926171271165,0.04513557357400089
1,120,1907,1,2009-07-21,2010-07-21,0.593099587048457,0.4594904358281667,0.3337707614140679,0.45882138405572714,0.6666666666666666,0.06287406053620681,-0.004861984399893271,0.06773604493610008
1,120,3814,2,2014-10-10,2015-10-10,0.6701509600040967,0.40261412954076464,0.15986447679692128,0.40395438021642416,0.6666666666666666,0.05863856226327524,-0.05872357968134845,0.11736214194462369
1,120,5721,3,2019-12-30,2020-12-29,0.5740280004910499,0.515235226539303,0.5740280004910496,0.4156747606218221,0.6666666666666666,0.19485260337150168,0.13371524543407265,0.06113735793742903
1,120,7628,4,2025-03-20,2026-03-20,0.5490941660895832,0.48685047656603037,0.5490941660895832,0.45461696894404874,0.6923076923076923,0.03930297362661084,0.005241110550930239,0.0340618630756806
2,15,0,0,2004-05-01,2006-05-01,0.000787167636809194,0.0026435374988239557,0.001378588634002087,0.0034437234060592454,0.96,0.07859519396442494,0.07817063627333543,0.000424557691089511
2,15,1815,1,2009-04-20,2011-04-20,0.0,0.0,0.0,0.0,0.0,0.06312097815822715,0.06312097815822715,0.0
2,15,3631,2,2014-04-10,2016-04-09,0.0,0.0,0.0,0.0,0.0,-0.02703017055447776,-0.02703017055447776,0.0
2,15,5447,3,2019-03-31,2021-03-30,0.0,0.0,0.0,0.0,0.0,0.06928702388999142,0.06928702388999142,0.0
2,15,7263,4,2024-03-20,2026-03-20,0.0011551580959274776,0.004154776728976943,0.0021297644014727224,0.005492965811196082,0.96,0.025555811938883455,0.02495368471313064,0.0006021272257528132
2,30,0,0,2004-05-01,2006-05-01,0.000787167636809194,0.0026435374988239557,0.001378588634002087,0.0034437234060592454,0.96,0.07859519396442494,0.07817063627333543,0.000424557691089511
2,30,1815,1,2009-04-20,2011-04-20,0.0,0.0,0.0,0.0,0.0,0.06312097815822715,0.06312097815822715,0.0
2,30,3631,2,2014-04-10,2016-04-09,0.0,0.0,0.0,0.0,0.0,-0.02703017055447776,-0.02703017055447776,0.0
2,30,5447,3,2019-03-31,2021-03-30,0.0,0.0,0.0,0.0,0.0,0.06928702388999142,0.06928702388999142,0.0
2,30,7263,4,2024-03-20,2026-03-20,0.04253980503710908,0.005879137018192843,0.0023105894445862862,0.009525759430576654,0.96,0.025555811938883455,0.026025327804712006,-0.0004695158658285514
2,45,0,0,2004-05-01,2006-05-01,0.0065340844654104835,0.04715369153326441,0.0064259187621218405,0.11187485023473859,0.84,0.07987015202357428,0.0763569653900622,0.0035131866335120776
2,45,1815,1,2009-04-20,2011-04-20,0.014386158414194217,0.03919493903832225,0.017922139776253898,0.03701089454030793,0.9166666666666666,0.0688394091949196,0.060902950931560396,0.007936458263359203
2,45,3631,2,2014-04-10,2016-04-09,0.013055010225019092,0.034035091979820374,0.01252146083840422,0.060297369707448666,0.7083333333333334,-0.023417228690491565,-0.029994900920788714,0.006577672230297149
2,45,5447,3,2019-03-31,2021-03-30,0.013452982547289771,0.06299241596952994,0.01673309812574353,0.11973263360450488,0.9166666666666666,0.07806637014421258,0.07057540133746842,0.007490968806744158
2,45,7263,4,2024-03-20,2026-03-20,0.06660224022456429,0.01365328557307878,0.003252117214665784,0.027098632434676924,0.92,0.028568104898763824,0.028599709771541804,-3.160487277797941e-05
2,60,0,0,2004-05-01,2006-05-01,0.022439725704424207,0.12951311085056086,0.024187878780441263,0.22791621344022808,0.88,0.08583009534345543,0.0738403442905029,0.011989751052952524
2,60,1815,1,2009-04-20,2011-04-20,0.10923393425527617,0.14185335406227415,0.042948420732311754,0.23585401917285753,0.9166666666666666,0.07074605096834707,0.06147941769238319,0.009266633275963887
2,60,3631,2,2014-04-10,2016-04-09,0.11454207574988384,0.13993635982186647,0.02372278911683945,0.2286702657565015,0.875,-0.018996352345528655,-0.029890366436997162,0.010894014091468507
2,60,5447,3,2019-03-31,2021-03-30,0.10189890496788823,0.09831096861228752,0.024665608380308734,0.12812710622603077,0.9166666666666666,0.07582666501806923,0.07021460072473595,0.005612064293333274
2,60,7263,4,2024-03-20,2026-03-20,0.09986512436241535,0.09053822551395606,0.012933507476561967,0.20800988728382666,0.92,0.03022542028776698,0.025949341641812618,0.004276078645954362
2,90,0,0,2004-05-01,2006-05-01,0.03142741384094894,0.2150344072466182,0.035253273901589166,0.29121692981767017,0.84,0.09002171989144592,0.07327549697478108,0.016746222916664832
2,90,1815,1,2009-04-20,2011-04-20,0.16418128283032885,0.17533945102908524,0.14473105485654325,0.23588145516606596,0.875,0.07600270683179744,0.06567338827766744,0.010329318554129996
2,90,3631,2,2014-04-10,2016-04-09,0.19691373519280564,0.186273567718855,0.05048430963769257,0.2508085552626122,0.875,-0.0099841272289386,-0.03353888209155398,0.02355475486261538
2,90,5447,3,2019-03-31,2021-03-30,0.15976470055275405,0.25288928665335664,0.15976470055275405,0.3159593881964229,0.875,0.08403232537454564,0.07575733342181334,0.008274991952732291
2,90,7263,4,2024-03-20,2026-03-20,0.16272737018055028,0.10059204051099867,0.028136096452155646,0.12471201914040163,0.88,0.036339351083255256,0.02729187112185838,0.009047479961396876
2,120,0,0,2004-05-01,2006-05-01,0.051175414934243824,0.2834054134383133,0.05993691451334482,0.3355976474549482,0.84,0.09483046237333337,0.06782934650529326,0.027001115868040104
2,120,1815,1,2009-04-20,2011-04-20,0.2560426721073994,0.3473174844201853,0.21702682374670013,0.3872688143539559,0.8333333333333334,0.0848512752094972,0.05931901575034093,0.02553225945915627
2,120,3631,2,2014-04-10,2016-04-09,0.24034872109029481,0.2881925419940462,0.048958243155624914,0.3656754857675589,0.8333333333333334,-0.008444391093870407,-0.025383882627663445,0.01693949153379304
2,120,5447,3,2019-03-31,2021-03-30,0.26208001306007733,0.333362799020005,0.2620800130600772,0.332917988381117,0.8333333333333334,0.09703167895194986,0.06853589844381713,0.02849578050813273
2,120,7263,4,2024-03-20,2026-03-20,0.21143497912005493,0.20407288618383893,0.03992943524258252,0.3133212287048196,0.84,0.036870182945718755,0.03187977538665532,0.004990407559063437
3,15,0,0,2004-05-01,2007-05-02,0.0005682115338079274,0.0019799862063506046,0.0009758065216532996,0.002949609599506811,0.972972972972973,0.10156898822717575,0.10136028298833866,0.00020870523883709247
3,15,1724,1,2009-01-19,2012-01-20,0.0008138845124767702,0.002812181677348764,0.0015001506841907375,0.003727891973471763,0.9722222222222222,0.01254269834373356,0.012259958240942614,0.00028274010279094597
3,15,3448,2,2013-10-09,2016-10-09,0.00029196419260268947,0.001154028713010602,0.0005662804251527209,0.001725267348118965,0.9722222222222222,-0.012603997380023935,-0.012702847327206945,9.884994718301066e-05
3,15,5172,3,2018-06-29,2021-06-29,0.0,0.0,0.0,0.0,0.0,0.06158973558316605,0.06158973558316605,0.0
3,15,6897,4,2023-03-20,2026-03-20,0.0,0.0,0.0,0.0,0.0,0.03435543061946733,0.03435543061946733,0.0
3,30,0,0,2004-05-01,2007-05-02,0.0005682115338079274,0.0019799862063506046,0.0009758065216532996,0.002949609599506811,0.972972972972973,0.10156898822717575,0.10136028298833866,0.00020870523883709247
3,30,1724,1,2009-01-19,2012-01-20,0.005762563557347944,0.020772237338947383,0.010725198112775614,0.028856590885669355,0.9444444444444444,0.010234600446958453,0.008243881353436233,0.0019907190935222197
3,30,3448,2,2013-10-09,2016-10-09,0.00029196419260268947,0.001154028713010602,0.0005662804251527209,0.001725267348118965,0.9722222222222222,-0.012603997380023935,-0.012702847327206945,9.884994718301066e-05
3,30,5172,3,2018-06-29,2021-06-29,0.0,0.0,0.0,0.0,0.0,0.06158973558316605,0.06158973558316605,0.0
3,30,6897,4,2023-03-20,2026-03-20,0.0,0.0,0.0,0.0,0.0,0.03435543061946733,0.03435543061946733,0.0
3,45,0,0,2004-05-01,2007-05-02,0.007375303734173055,0.03720190623925319,0.006952819898827345,0.09179269988087557,0.8918918918918919,0.10281586771754148,0.10011607602748684,0.0026997916900546315
3,45,1724,1,2009-01-19,2012-01-20,0.022780250576991845,0.0650290878561235,0.034305314679165644,0.09631589207481851,0.9444444444444444,0.016715245743125662,0.00888404920321939,0.007831196539906271
3,45,3448,2,2013-10-09,2016-10-09,0.05584566434449778,0.03408030071480925,0.009561099927421934,0.08656254569770912,0.8888888888888888,-0.010704494899244632,-0.014694041834973248,0.003989546935728616
3,45,5172,3,2018-06-29,2021-06-29,0.04326519163385556,0.029430395220641968,0.008456721430610603,0.054399142322680734,0.9444444444444444,0.06372329247110864,0.06379772427916275,-7.443180805410954e-05
3,45,6897,4,2023-03-20,2026-03-20,0.005996329151249036,0.023537365932086902,0.008054794589119174,0.04888195045484446,0.9459459459459459,0.03563235136508158,0.03354826448033643,0.002084086884745151
3,60,0,0,2004-05-01,2007-05-02,0.02112531436767906,0.1005311074330591,0.02352099343351588,0.18857791030969273,0.918918918918919,0.10605430165606289,0.0983683973130891,0.007685904342973782
3,60,1724,1,2009-01-19,2012-01-20,0.0873843017002045,0.08399421756089552,0.050245909769148445,0.09550483312406867,0.9444444444444444,0.019062688032617237,0.009793947071466302,0.009268740961150934
3,60,3448,2,2013-10-09,2016-10-09,0.07720510782571899,0.06514351670586317,0.01694570876955781,0.0986139248513805,0.8611111111111112,-0.008345537601279207,-0.014181819907417736,0.005836282306138529
3,60,5172,3,2018-06-29,2021-06-29,0.07201673116031682,0.06690868032919939,0.020642197036867538,0.11267871133553622,0.9444444444444444,0.06681801261487674,0.062301146726944756,0.004516865887931987
3,60,6897,4,2023-03-20,2026-03-20,0.011833151349004867,0.04265721917921509,0.011833151349004867,0.07048206916074039,0.9459459459459459,0.03803427537096438,0.03392792814432877,0.004106347226635609
3,90,0,0,2004-05-01,2007-05-02,0.031937652692840324,0.16626027790014825,0.035253273901589166,0.2433898878636286,0.8918918918918919,0.10917858783565904,0.09760785630942492,0.011570731526234113
3,90,1724,1,2009-01-19,2012-01-20,0.14154169553481055,0.21527306152237033,0.14154169553481055,0.27988589318329915,0.9166666666666666,0.02679742270366714,0.010929913893615195,0.015867508810051945
3,90,3448,2,2013-10-09,2016-10-09,0.1361854941116054,0.1746789154611706,0.04805903673568257,0.25636239513023756,0.9166666666666666,-0.003376857615444373,-0.017179739301946828,0.013802881686502455
3,90,5172,3,2018-06-29,2021-06-29,0.11144133760542174,0.172564994349917,0.11144133760542174,0.21455934086984285,0.8611111111111112,0.07112863408597003,0.06430712147630357,0.006821512609666458
3,90,6897,4,2023-03-20,2026-03-20,0.024509761473185065,0.10210590250221613,0.028402008846773796,0.1353370420194038,0.918918918918919,0.04201266737367049,0.03354558298218402,0.008467084391486468
3,120,0,0,2004-05-01,2007-05-02,0.05631950372875827,0.2290720662100524,0.1546893059637009,0.2775013228179868,0.8918918918918919,0.11280008201874403,0.0926471821488728,0.020152899869871232
3,120,1724,1,2009-01-19,2012-01-20,0.19486107367502936,0.27251455246477474,0.1585039000454337,0.31139645786509823,0.8888888888888888,0.030118725800656332,0.00903306166037865,0.021085664140277682
3,120,3448,2,2013-10-09,2016-10-09,0.18196432040198052,0.1241162687745383,0.05251510128176684,0.132000808163321,0.8888888888888888,-0.0014412165670747434,-0.018214621604179193,0.01677340503710445
3,120,5172,3,2018-06-29,2021-06-29,0.16865249998008114,0.2535730947016539,0.16865249998008114,0.3019665140964079,0.8611111111111112,0.0803367443177816,0.06633678391635356,0.013999960401428035
3,120,6897,4,2023-03-20,2026-03-20,0.03008324797994333,0.2039659162575644,0.052442582765738655,0.2752555322350732,0.8918918918918919,0.043056343540160524,0.03269121867911906,0.010365124861041464
4,15,0,0,2004-05-01,2008-05-01,0.0004431551758778962,0.0016095340272846148,0.0007736207489446034,0.002626719782716022,0.9795918367346939,0.01066083237561144,0.010548893483100619,0.00011193889251082112
4,15,1633,1,2008-10-20,2012-10-20,0.0,0.0,0.0,0.0,0.0,0.027359590345682472,0.027359590345682472,0.0
4,15,3266,2,2013-04-10,2017-04-10,0.0,0.0,0.0,0.0,0.0,0.028325116714024823,0.028325116714024823,0.0
4,15,4899,3,2017-09-29,2021-09-29,0.0,0.0,0.0,0.0,0.0,0.043091410950478526,0.043091410950478526,0.0
4,15,6532,4,2022-03-20,2026-03-20,0.0,0.0,0.0,0.0,0.0,0.03819489465991932,0.03819489465991932,0.0
4,30,0,0,2004-05-01,2008-05-01,0.0004431551758778962,0.0016095340272846148,0.0007736207489446034,0.002626719782716022,0.9795918367346939,0.01066083237561144,0.010548893483100619,0.00011193889251082112
4,30,1633,1,2008-10-20,2012-10-20,0.0,0.0,0.0,0.0,0.0,0.027359590345682472,0.027359590345682472,0.0
4,30,3266,2,2013-04-10,2017-04-10,0.0,0.0,0.0,0.0,0.0,0.028325116714024823,0.028325116714024823,0.0
4,30,4899,3,2017-09-29,2021-09-29,0.0,0.0,0.0,0.0,0.0,0.043091410950478526,0.043091410950478526,0.0
4,30,6532,4,2022-03-20,2026-03-20,0.0,0.0,0.0,0.0,0.0,0.03819489465991932,0.03819489465991932,0.0
4,45,0,0,2004-05-01,2008-05-01,0.005748025991998418,0.02935411902110058,0.006720463703473012,0.08007140556259401,0.9183673469387755,0.011319653500524218,0.009871579090614757,0.0014480744099094611
4,45,1633,1,2008-10-20,2012-10-20,0.04268687753280842,0.04364615405368473,0.02076943823139965,0.0815643423514555,0.9166666666666666,0.029987756778657504,0.0273466206131201,0.0026411361655374055
4,45,3266,2,2013-04-10,2017-04-10,0.04027258830058367,0.036570155570056585,0.013129469122029502,0.07652721130822943,0.9583333333333334,0.02884458514852084,0.02681559145687129,0.00202899369164955
4,45,4899,3,2017-09-29,2021-09-29,0.033246300093220826,0.01805525025628426,0.006008818533007387,0.033209731482245375,0.9583333333333334,0.04417454143271882,0.04391954444341861,0.00025499698930020465
4,45,6532,4,2022-03-20,2026-03-20,0.006585493105227158,0.01287250759434662,0.005301921716614588,0.023798057269789,0.7346938775510204,0.03969263099770015,0.03797381353890383,0.0017188174587963179
4,60,0,0,2004-05-01,2008-05-01,0.016545526878018135,0.08056620402775445,0.021944392586004113,0.16586585780014926,0.9387755102040817,0.014250624099836129,0.0100981488341092,0.004152475265726929
4,60,1633,1,2008-10-20,2012-10-20,0.0589746067853234,0.08544472650530996,0.028482512382058567,0.17778829024904655,0.9375,0.031158476295179316,0.027283195842382924,0.0038752804527963924
4,60,3266,2,2013-04-10,2017-04-10,0.05736888580563537,0.0810425216301799,0.0226370781805737,0.16863865347175194,0.9583333333333334,0.030911693595304657,0.027437908263961974,0.0034737853313426825
4,60,4899,3,2017-09-29,2021-09-29,0.05455663551546919,0.04729389621427823,0.017418921697917145,0.08140726659102257,0.9583333333333334,0.04649497414069392,0.043677889409165394,0.0028170847315285297
4,60,6532,4,2022-03-20,2026-03-20,0.013193818271823865,0.04767810334562167,0.015299788703310613,0.08872840203234651,0.8979591836734694,0.041879882806958424,0.03844316911500156,0.003436713691956861
4,90,0,0,2004-05-01,2008-05-01,0.027934754491506508,0.133322474451538,0.03240732775899602,0.21619118255576536,0.9183673469387755,0.016490582256867725,0.009513129888233163,0.006977452368634562
4,90,1633,1,2008-10-20,2012-10-20,0.10249730302979976,0.15722595723060326,0.09969123182279915,0.21184065258404666,0.9166666666666666,0.037960834488805384,0.029238442557077082,0.008722391931728302
4,90,3266,2,2013-04-10,2017-04-10,0.09944860511931508,0.14846556905406236,0.04691198756650494,0.21355265137193588,0.9375,0.034363159854206016,0.026402240752220196,0.00796091910198582
4,90,4899,3,2017-09-29,2021-09-29,0.0902261179170114,0.1202163200808024,0.03683242948114285,0.17828807828080595,0.9375,0.049416193289491206,0.04358077556009632,0.005835417729394887
4,90,6532,4,2022-03-20,2026-03-20,0.03361855928038082,0.12565221821304592,0.06266541920413726,0.1943232482715746,0.9387755102040817,0.044910681355119,0.036237637833074876,0.008673043522044122
4,120,0,0,2004-05-01,2008-05-01,0.04796339602723654,0.18777322614040742,0.05993691451334482,0.24743436932521384,0.9183673469387755,0.01975617348209724,0.007882291632012706,0.011873881850084533
4,120,1633,1,2008-10-20,2012-10-20,0.13342991861310805,0.1937934181284002,0.13342991861310816,0.22816448370419412,0.9166666666666666,0.03612553533150131,0.02605549607076174,0.010070039260739572
4,120,3266,2,2013-04-10,2017-04-10,0.12088859870058921,0.20230366539477293,0.1279953034540322,0.2632423603823672,0.9166666666666666,0.0357269397875799,0.028584775565933418,0.007142164221646485
4,120,4899,3,2017-09-29,2021-09-29,0.11556293443196997,0.15610173674116945,0.04129843594569893,0.2558146818004467,0.8958333333333334,0.052191974743881264,0.046207282517458426,0.005984692226422839
4,120,6532,4,2022-03-20,2026-03-20,0.03535198812185247,0.214030285526913,0.1226054540494399,0.2755201227627202,0.9183673469387755,0.0461189572561278,0.03699778477146909,0.009121172484658713
5,15,0,0,2004-05-01,2009-05-01,0.0003269048073963887,0.0013635070884738033,0.0006459510411256364,0.0023964138528801467,0.9836065573770492,-0.06068292541965681,-0.060744335236472824,6.140981681601598e-05
5,15,1541,1,2008-07-20,2013-07-20,0.0,0.0,0.0,0.0,0.0,0.03892363734686999,0.03892363734686999,0.0
5,15,3083,2,2012-10-09,2017-10-09,0.0002945034454617801,0.0011905459100785413,0.0005526085905640521,0.002080188592424033,0.9833333333333333,0.028927456274258967,0.028865807569792512,6.164870446645487e-05
5,15,4625,3,2016-12-29,2021-12-29,0.0005001324966324994,0.002268293424979456,0.0009576754050608649,0.00416349815346346,0.9833333333333333,0.04736541862176269,0.0472588625004271,0.00010655612133558812
5,15,6167,4,2021-03-20,2026-03-20,0.0003893560511061267,0.0016996607551681383,0.0007050399979839916,0.0031449625487869246,0.9836065573770492,0.03338570533776042,0.03330470986101708,8.099547674333962e-05
5,30,0,0,2004-05-01,2009-05-01,0.0003269048073963887,0.0013635070884738033,0.0006459510411256364,0.0023964138528801467,0.9836065573770492,-0.06068292541965681,-0.060744335236472824,6.140981681601598e-05
5,30,1541,1,2008-07-20,2013-07-20,0.0,0.0,0.0,0.0,0.0,0.03892363734686999,0.03892363734686999,0.0
5,30,3083,2,2012-10-09,2017-10-09,0.0002945034454617801,0.0011905459100785413,0.0005526085905640521,0.002080188592424033,0.9833333333333333,0.028927456274258967,0.028865807569792512,6.164870446645487e-05
5,30,4625,3,2016-12-29,2021-12-29,0.0005001324966324994,0.002268293424979456,0.0009576754050608649,0.00416349815346346,0.9833333333333333,0.04736541862176269,0.0472588625004271,0.00010655612133558812
5,30,6167,4,2021-03-20,2026-03-20,0.0003893560511061267,0.0016996607551681383,0.0007050399979839916,0.0031449625487869246,0.9836065573770492,0.03338570533776042,0.03330470986101708,8.099547674333962e-05
5,45,0,0,2004-05-01,2009-05-01,0.005981210146938087,0.02566562273031518,0.0065340844654104835,0.0719287616961431,0.9344262295081968,-0.059767421502919915,-0.060888301795315236,0.001120880292395321
5,45,1541,1,2008-07-20,2013-07-20,0.033200064901791615,0.0290956823893874,0.01721449633121086,0.04275179438328371,0.8833333333333333,0.04120778986707019,0.03965320482206525,0.0015545850450049414
5,45,3083,2,2012-10-09,2017-10-09,0.03163392658243391,0.035762179058379626,0.012561879534904619,0.07636071992106973,0.9666666666666667,0.0294014464534047,0.02818181356238547,0.001219632891019229
5,45,4625,3,2016-12-29,2021-12-29,0.029295865634492158,0.02530328893124445,0.00940842213591564,0.04322167685860662,0.9666666666666667,0.04773928146672657,0.04698118902413273,0.0007580924425938385
5,45,6167,4,2021-03-20,2026-03-20,0.006475022646764916,0.01974702076458798,0.006568692666500953,0.040782226515005425,0.9672131147540983,0.034648578984953105,0.033304877855704795,0.0013437011292483092
5,60,0,0,2004-05-01,2009-05-01,0.01507242427760458,0.06904806076994177,0.020750075077510477,0.1497759660735546,0.9508196721311475,-0.057558138665815495,-0.06037408864410787,0.002815949978292376
5,60,1541,1,2008-07-20,2013-07-20,0.049928832268067325,0.04444181089920622,0.024138334806793282,0.05577686284642398,0.8833333333333333,0.04267193789439272,0.03953221498309034,0.0031397229113023783
5,60,3083,2,2012-10-09,2017-10-09,0.048662782694006035,0.07754478855565818,0.02410677928749727,0.15500521476945897,0.9666666666666667,0.03089891396683453,0.028047012624900836,0.0028519013419336936
5,60,4625,3,2016-12-29,2021-12-29,0.04685119793973236,0.06118640420406441,0.020025308632247385,0.14336125175963585,0.9666666666666667,0.05007457652700653,0.04753811016990994,0.0025364663570965895
5,60,6167,4,2021-03-20,2026-03-20,0.015719021615908213,0.06494571893764893,0.021193810081996167,0.1509259697506572,0.9672131147540983,0.03641119012004612,0.03316153256929022,0.0032496575507559022
5,90,0,0,2004-05-01,2009-05-01,0.033469021009087996,0.11530426670948905,0.03239811846488483,0.19598186327810857,0.9344262295081968,-0.05380814287522129,-0.060018465555649936,0.006210322680428648
5,90,1541,1,2008-07-20,2013-07-20,0.08345236977428216,0.10345839095104375,0.07512878358360253,0.1113296021832558,0.8833333333333333,0.04740959047842064,0.04127686708888856,0.00613272338953208
5,90,3083,2,2012-10-09,2017-10-09,0.08260794810820515,0.14047429212308182,0.046959386953149496,0.20756367223899108,0.95,0.033374975374462545,0.02748742618724953,0.005887549187213015
5,90,4625,3,2016-12-29,2021-12-29,0.08009137567748414,0.10765546421380999,0.07489170717090254,0.11600092327211262,0.95,0.052632437688403755,0.04713092641536365,0.005501511273040105
5,90,6167,4,2021-03-20,2026-03-20,0.0324828631647196,0.10638399996523781,0.04291957348047892,0.1681096079043686,0.9508196721311475,0.038509368313511816,0.03184650604981387,0.006662862263697944
5,120,0,0,2004-05-01,2009-05-01,0.053913863240954596,0.1638847784922639,0.05631950372875827,0.22541865090583765,0.9344262295081968,-0.051861117463952944,-0.06176785323277911,0.00990673576882617
5,120,1541,1,2008-07-20,2013-07-20,0.12311012237454011,0.18721273635823263,0.12835164803557852,0.21819129306316046,0.9,0.047999241603498444,0.038001325899872374,0.00999791570362607
5,120,3083,2,2012-10-09,2017-10-09,0.11527233456454722,0.14380637942501454,0.0632091976420327,0.18204424148117154,0.9333333333333333,0.0354270968537882,0.027011575045657654,0.008415521808130544
5,120,4625,3,2016-12-29,2021-12-29,0.10930474378063337,0.14634189355926244,0.09612465268864834,0.1814902189768285,0.9333333333333333,0.054335605145106936,0.04690870276970771,0.007426902375399225
5,120,6167,4,2021-03-20,2026-03-20,0.03814104011341568,0.17746120324647838,0.1009600593044171,0.24406036346015164,0.9344262295081968,0.039638478516998976,0.03183229604239779,0.0078061824746011865
6,15,0,0,2004-05-01,2010-05-02,0.00026433412340010065,0.001184564327772916,0.0005623798013708603,0.0022213943797575893,0.9863013698630136,-0.019856215840793112,-0.01989939994420553,4.3184103412419184e-05
6,15,1450,1,2008-04-20,2014-04-21,0.0,0.0,0.0,0.0,0.0,0.0470800832182896,0.0470800832182896,0.0
6,15,2900,2,2012-04-09,2018-04-10,0.0009050895958284677,0.0035856782710821065,0.0016649351568682746,0.006501355028675708,0.9861111111111112,0.022431375295819844,0.02227504918198031,0.00015632611383953332
6,15,4350,3,2016-03-29,2022-03-30,0.0002729065436137823,0.0012103445895953328,0.0005164175071941113,0.0023584453383801254,0.9861111111111112,0.02898916797402351,0.028941690024765876,4.747794925763493e-05
6,15,5801,4,2020-03-19,2026-03-20,0.0005605297449624569,0.00222451323792631,0.0010039691136844997,0.004101187302414305,0.9863013698630136,0.03564585206774451,0.035548577156690575,9.727491105393504e-05
6,30,0,0,2004-05-01,2010-05-02,0.00026433412340010065,0.001184564327772916,0.0005623798013708603,0.0022213943797575893,0.9863013698630136,-0.019856215840793112,-0.01989939994420553,4.3184103412419184e-05
6,30,1450,1,2008-04-20,2014-04-21,0.0,0.0,0.0,0.0,0.0,0.0470800832182896,0.0470800832182896,0.0
6,30,2900,2,2012-04-09,2018-04-10,0.0009050895958284677,0.0035856782710821065,0.0016649351568682746,0.006501355028675708,0.9861111111111112,0.022431375295819844,0.02227504918198031,0.00015632611383953332
6,30,4350,3,2016-03-29,2022-03-30,0.0002729065436137823,0.0012103445895953328,0.0005164175071941113,0.0023584453383801254,0.9861111111111112,0.02898916797402351,0.028941690024765876,4.747794925763493e-05
6,30,5801,4,2020-03-19,2026-03-20,0.011971753403940966,0.002383002455412123,0.0010299388167149814,0.004253635795997254,0.9863013698630136,0.03564585206774451,0.03600796804729467,-0.0003621159795501594
6,45,0,0,2004-05-01,2010-05-02,0.03245801935620163,0.024058714716118947,0.006720463703473012,0.06577158947792842,0.9452054794520548,-0.01829600343204374,-0.020147333564067615,0.0018513301320238762
6,45,1450,1,2008-04-20,2014-04-21,0.009905947685086014,0.02152902202581229,0.013691668478814978,0.030682237871053585,0.8611111111111112,0.048856647091613414,0.04711064937863263,0.0017459977129807847
6,45,2900,2,2012-04-09,2018-04-10,0.009139168033397205,0.03652415182940249,0.013962077805839135,0.07337843545481532,0.9722222222222222,0.023015958484371435,0.021444099289432916,0.0015718591949385186
6,45,4350,3,2016-03-29,2022-03-30,0.007316104097261356,0.02034859397588739,0.008518048082024943,0.038003224273399534,0.9027777777777778,0.029559300692602708,0.028291017517393824,0.0012682831752088841
6,45,5801,4,2020-03-19,2026-03-20,0.026769900585104534,0.02615272426083794,0.012781161402775743,0.037157476434605013,0.9726027397260274,0.03638905825114236,0.035382206412659434,0.001006851838482925
6,60,0,0,2004-05-01,2010-05-02,0.04943293992136044,0.06257800366334657,0.020239370004433654,0.1372881278239995,0.958904109589041,-0.016572651433134133,-0.01998506898989194,0.0034124175567578074
6,60,1450,1,2008-04-20,2014-04-21,0.019033856565806362,0.04031560587195989,0.021427314812326737,0.05439311979019891,0.875,0.049674483397361247,0.046334653727754915,0.003339829669606331
6,60,2900,2,2012-04-09,2018-04-10,0.019684411780472644,0.07621769829401029,0.02916613512248234,0.14716693895293986,0.9722222222222222,0.024228590423880814,0.020859599930874717,0.0033689904930060965
6,60,4350,3,2016-03-29,2022-03-30,0.015119114543010292,0.050526683430682125,0.015826366742251574,0.12401523607524138,0.9583333333333334,0.031135587564343092,0.028522432738290027,0.0026131548260530657
6,60,5801,4,2020-03-19,2026-03-20,0.03859071787394264,0.060687765992362634,0.02380403619680327,0.1343066147625766,0.9726027397260274,0.03741775587181739,0.03559941303029768,0.0018183428415197156
6,90,0,0,2004-05-01,2010-05-02,0.0852977379612414,0.107496399362254,0.035253273901589055,0.1793139866199877,0.9452054794520548,-0.013151027455688413,-0.019878324664902358,0.006727297209213945
6,90,1450,1,2008-04-20,2014-04-21,0.03532398672197079,0.08272576189590865,0.05006689773337447,0.08187007326812934,0.9583333333333334,0.0534618944929115,0.04729891685897947,0.006162977633932032
6,90,2900,2,2012-04-09,2018-04-10,0.037575323534948524,0.1373252853552395,0.059118724038639714,0.2003243448319932,0.9583333333333334,0.026219884151834627,0.01984178794456337,0.0063780962072712555
6,90,4350,3,2016-03-29,2022-03-30,0.03165388363610422,0.08794798768138155,0.03445225259996043,0.10102373573040649,0.9583333333333334,0.03300005756138824,0.027570862332740642,0.005429195228647599
6,90,5801,4,2020-03-19,2026-03-20,0.06418244246077798,0.0840678264595873,0.03742627513161512,0.09530866080483058,0.958904109589041,0.0387091955361083,0.03499251672383097,0.0037166788122773298
6,120,0,0,2004-05-01,2010-05-02,0.12646293479891502,0.15503061025712003,0.06297832444188067,0.2060344526027149,0.9452054794520548,-0.011337614586959921,-0.021995238935813566,0.010657624348853645
6,120,1450,1,2008-04-20,2014-04-21,0.05402452585669404,0.14309553276714007,0.10092022261434808,0.14291542194775933,0.875,0.05525787669022075,0.04591501542708043,0.009342861263140323
6,120,2900,2,2012-04-09,2018-04-10,0.043338538978387575,0.18554875462382822,0.10946271779896555,0.23907485754981014,0.9444444444444444,0.0275016679986273,0.02016006516433211,0.007341602834295191
6,120,4350,3,2016-03-29,2022-03-30,0.04777006419827612,0.13574905003977247,0.06018191859870359,0.19461028797658356,0.9444444444444444,0.035093234808680984,0.02695768257164244,0.008135552237038546
6,120,5801,4,2020-03-19,2026-03-20,0.09658210489910335,0.18685372350920915,0.11266652104904806,0.21315736513161768,0.9452054794520548,0.039758401985583,0.03313386077142866,0.006624541214154345
7,15,0,0,2004-05-01,2011-05-02,0.00022550933624509995,0.001049878444370986,0.0004979200270947004,0.0020811842634302137,0.9882352941176471,0.0020898643552969,0.00205757609762669,3.228825767020993e-05
7,15,1359,1,2008-01-20,2015-01-20,0.0,0.0,0.0,0.0,0.0,0.047388622461481233,0.047388622461481233,0.0
7,15,2718,2,2011-10-10,2018-10-10,0.0003046477941024417,0.001221664105910705,0.0005513964107406455,0.0023699060362411374,0.9880952380952381,0.012100167247240945,0.012055591082090755,4.4576165150189695e-05
7,15,4077,3,2015-06-30,2022-06-30,0.0,0.0,0.0,0.0,0.0,0.00891374889576313,0.00891374889576313,0.0
7,15,5436,4,2019-03-20,2026-03-20,0.0,0.0,0.0,0.0,0.0,0.03507845225264572,0.03507845225264572,0.0
7,30,0,0,2004-05-01,2011-05-02,0.00022550933624509995,0.001049878444370986,0.0004979200270947004,0.0020811842634302137,0.9882352941176471,0.0020898643552969,0.00205757609762669,3.228825767020993e-05
7,30,1359,1,2008-01-20,2015-01-20,0.0,0.0,0.0,0.0,0.0,0.047388622461481233,0.047388622461481233,0.0
7,30,2718,2,2011-10-10,2018-10-10,0.00047133646808350527,0.001424539500145164,0.00057493735608527,0.0027194970430593304,0.9880952380952381,0.012350530670035997,0.012281554081468693,6.897658856730438e-05
7,30,4077,3,2015-06-30,2022-06-30,0.0,0.0,0.0,0.0,0.0,0.00891374889576313,0.00891374889576313,0.0
7,30,5436,4,2019-03-20,2026-03-20,0.009450934215097684,0.00011251112160830576,0.0,0.0010311814625888858,0.011764705882352941,0.03507845225264572,0.03546024497975431,-0.00038179272710858747
7,45,0,0,2004-05-01,2011-05-02,0.026807989880026417,0.022330041909473766,0.006969300624974473,0.060967449943152514,0.9529411764705882,0.0031818241530774394,0.0019274933385677873,0.0012543308145096521
7,45,1359,1,2008-01-20,2015-01-20,0.009660554975451596,0.02172927865163964,0.01394358274945251,0.024385453040343397,0.9761904761904762,0.04885450443885575,0.04739742578080541,0.001457078658050337
7,45,2718,2,2011-10-10,2018-10-10,0.009131679393292513,0.026584383943508455,0.012673242693145292,0.038553798598232214,0.9761904761904762,0.012723362761282386,0.011393099621940461,0.001330263139341925
7,45,4077,3,2015-06-30,2022-06-30,0.010654907213807574,0.0186115888028937,0.009655039665051768,0.03355626537927886,0.9166666666666666,0.010058475345530171,0.008512348614516219,0.0015461267310139526
7,45,5436,4,2019-03-20,2026-03-20,0.02547731114455476,0.02997235117925015,0.01270310307315814,0.06465870612863205,0.9764705882352941,0.03592023661335575,0.03481194652891739,0.001108290084438357
7,60,0,0,2004-05-01,2011-05-02,0.04192952669654648,0.05725038382230068,0.01962688618970243,0.12758454638622185,0.9647058823529412,0.004567246599063379,0.002051956659420817,0.002515289939642562
7,60,1359,1,2008-01-20,2015-01-20,0.019783089313982094,0.042764039548421236,0.023572949176820623,0.06668158164267386,0.9761904761904762,0.05005352742982261,0.04708332104151425,0.0029702063883083607
7,60,2718,2,2011-10-10,2018-10-10,0.016183318334230368,0.046467720183178,0.021512061690836637,0.056764202755281885,0.9761904761904762,0.013781227108661698,0.011430652520761253,0.0023505745879004447
7,60,4077,3,2015-06-30,2022-06-30,0.013759918999497023,0.046272316392900546,0.01356139301285253,0.11375680228944487,0.9642857142857143,0.011119233926126793,0.009123955821788154,0.001995278104338638
7,60,5436,4,2019-03-20,2026-03-20,0.03701337825774398,0.049035377725601514,0.021709426402590992,0.07327256068692427,0.9764705882352941,0.03685967372745469,0.034954567798543223,0.0019051059289114658
7,90,0,0,2004-05-01,2011-05-02,0.07549178318261784,0.10050556953439609,0.038538227481722975,0.16654931326952704,0.9529411764705882,0.007229019120887248,0.0018192724251056003,0.005409746695781648
7,90,1359,1,2008-01-20,2015-01-20,0.03478181715612583,0.08836819381287779,0.050314378066779186,0.13985745163061844,0.9642857142857143,0.052674089306474325,0.04748269000272676,0.005191399303747568
7,90,2718,2,2011-10-10,2018-10-10,0.036027287720213685,0.09854471673009761,0.04802036802308485,0.10188582015152321,0.9642857142857143,0.015645034711219807,0.01046048197366889,0.005184552737550918
7,90,4077,3,2015-06-30,2022-06-30,0.03615973176329468,0.08316058161491041,0.03843410480731979,0.0981660167372213,0.9642857142857143,0.01330300917231364,0.008113826915425726,0.005189182256887914
7,90,5436,4,2019-03-20,2026-03-20,0.05789647922692498,0.1069926451512975,0.03732916983866719,0.18125380833445978,0.9647058823529412,0.037814900569310694,0.03466340359313813,0.003151496976172563
7,120,0,0,2004-05-01,2011-05-02,0.10723995432405409,0.1452331115081802,0.06297832444188067,0.1917259028153089,0.9529411764705882,0.008274512736424766,0.0003310047187725651,0.007943508017652201
7,120,1359,1,2008-01-20,2015-01-20,0.043127628451027133,0.09242115670710026,0.04765682408454075,0.09174355113040703,0.8452380952380952,0.05477408469750866,0.04835392496467694,0.006420159732831721
7,120,2718,2,2011-10-10,2018-10-10,0.04664795874308081,0.15001413870366243,0.06583343087955795,0.2077420495959934,0.9523809523809523,0.01679451266907983,0.010113319550886679,0.006681193118193152
7,120,4077,3,2015-06-30,2022-06-30,0.03321790974524097,0.09712043601834777,0.04116735345711853,0.15872648463604405,0.9523809523809523,0.014893341676859073,0.010111037883149931,0.004782303793709142
7,120,5436,4,2019-03-20,2026-03-20,0.0902840275488428,0.16341193057062822,0.102133156492894,0.19435798893708794,0.9529411764705882,0.03948280801298232,0.03354470791045694,0.005938100102525379
8,15,0,0,2004-05-01,2012-05-01,0.00019487868345957615,0.0009446665987577532,0.0004383352751913261,0.001965330751489782,0.9896907216494846,-0.015484592535869979,-0.015508572540580912,2.3980004710932867e-05
8,15,1267,1,2007-10-20,2015-10-20,0.0,0.0,0.0,0.0,0.0,0.03956769851619413,0.03956769851619413,0.0
8,15,2535,2,2011-04-10,2019-04-10,0.0,0.0,0.0,0.0,0.0,0.022771743575582537,0.022771743575582537,0.0
8,15,3803,3,2014-09-29,2022-09-29,0.00036062370646638975,0.0017457635889045627,0.0006862302514145657,0.0037438598646189966,0.9895833333333334,0.0014973283857109276,0.001451723873079791,4.560451263113663e-05
8,15,5071,4,2018-03-20,2026-03-20,0.0,0.0,0.0,0.0,0.0,0.03397183346123822,0.03397183346123822,0.0
8,30,0,0,2004-05-01,2012-05-01,0.00019487868345957615,0.0009446665987577532,0.0004383352751913261,0.001965330751489782,0.9896907216494846,-0.015484592535869979,-0.015508572540580912,2.3980004710932867e-05
8,30,1267,1,2007-10-20,2015-10-20,9.9027858123657e-05,0.00018070793973038983,0.0,0.0013966354018235766,0.3333333333333333,0.0396644148595402,0.039651408118947185,1.3006740593013433e-05
8,30,2535,2,2011-04-10,2019-04-10,0.0,0.0,0.0,0.0,0.0,0.022771743575582537,0.022771743575582537,0.0
8,30,3803,3,2014-09-29,2022-09-29,0.0011152834222247776,0.0022157786398737246,0.0012185570245513144,0.004040885547110269,0.9895833333333334,0.0013260655334521587,0.001185110669489342,0.00014095486396281665
8,30,5071,4,2018-03-20,2026-03-20,0.0,0.0,0.0,0.0,0.0,0.03397183346123822,0.03397183346123822,0.0
8,45,0,0,2004-05-01,2012-05-01,0.026020107263065473,0.020797595927552318,0.007300896710415561,0.05711496514717077,0.9587628865979382,-0.014525160641403634,-0.0157787683344357,0.001253607693032066
8,45,1267,1,2007-10-20,2015-10-20,0.009108592538048521,0.02286510706862504,0.011929902107869816,0.05572371589235179,0.9583333333333334,0.04101695462615895,0.039825075987321545,0.001191878638837407
8,45,2535,2,2011-04-10,2019-04-10,0.010522934284815433,0.030360666088316397,0.013564616233831317,0.0640693619288247,0.9583333333333334,0.023723967569011517,0.022371429357377126,0.001352538211634391
8,45,3803,3,2014-09-29,2022-09-29,0.00974182753600994,0.018662175284063005,0.008365111990497942,0.048906829956616965,0.9791666666666666,0.0025850343166753387,0.0013582142615387038,0.0012268200551366348
8,45,5071,4,2018-03-20,2026-03-20,0.02304022673731776,0.023239677227647408,0.010809040930572333,0.05597429528541373,0.9587628865979382,0.03483219793880821,0.03388774713159193,0.0009444508072162794
8,60,0,0,2004-05-01,2012-05-01,0.04266474485591254,0.05318160280071083,0.019449887359924256,0.1197126441739633,0.9690721649484536,-0.013084541620740131,-0.0156915334707457,0.002606991850005569
8,60,1267,1,2007-10-20,2015-10-20,0.016583415711350025,0.02790555416951996,0.0165159716534945,0.03462396454604361,0.84375,0.041861847813066344,0.03969913575176531,0.002162712061301031
8,60,2535,2,2011-04-10,2019-04-10,0.01595788397469655,0.03334187520848526,0.016654641689809235,0.04411247025674202,0.9270833333333334,0.024502271058890468,0.022455809178164143,0.0020464618807263246
8,60,3803,3,2014-09-29,2022-09-29,0.01795408595410164,0.040497329745149115,0.018209981869031666,0.10017215238872583,0.9791666666666666,0.003827025274380391,0.0015735314943312595,0.0022534937800491317
8,60,5071,4,2018-03-20,2026-03-20,0.03484202985666318,0.03584401713889519,0.01917068486307638,0.0416775660576514,0.9072164948453608,0.03577910479952284,0.03400869880179136,0.0017704059977314834
8,90,0,0,2004-05-01,2012-05-01,0.07508022670930203,0.09402842479279101,0.039787330883296224,0.15647999255114486,0.9587628865979382,-0.010872119980858908,-0.01600514153081245,0.0051330215499535425
8,90,1267,1,2007-10-20,2015-10-20,0.03586951185673226,0.09199614010532282,0.0416101286785584,0.16111957085053027,0.9583333333333334,0.044312543363248524,0.03967319877797748,0.0046393445852710435
8,90,2535,2,2011-04-10,2019-04-10,0.036906654292060415,0.10289099841406553,0.04151673794715993,0.1644927999674596,0.9583333333333334,0.02656454369915795,0.021876456080410778,0.004688087618747172
8,90,3803,3,2014-09-29,2022-09-29,0.03691147391477578,0.09718403455376788,0.04338204552681102,0.15852296017786874,0.96875,0.005402758969393018,0.0008107249140514305,0.004592034055341587
8,90,5071,4,2018-03-20,2026-03-20,0.05735744370716689,0.08138725314627673,0.03807810447135607,0.0877532786251998,0.9690721649484536,0.03666930308189431,0.03342130037280233,0.0032480027090919794
8,120,0,0,2004-05-01,2012-05-01,0.1033199362394881,0.13720027814124283,0.06297832444188067,0.18023819984699357,0.9587628865979382,-0.009431593373943392,-0.016525995352924094,0.007094401978980702
8,120,1267,1,2007-10-20,2015-10-20,0.040959193816745953,0.0769995417865403,0.03973765593725709,0.08039739576479751,0.84375,0.04503619133577197,0.039749572157890434,0.005286619177881535
8,120,2535,2,2011-04-10,2019-04-10,0.034710209272317716,0.10482621309008049,0.039349642703422005,0.14660848794011327,0.9375,0.027248698370673674,0.022831378079401166,0.0044173202912725085
8,120,3803,3,2014-09-29,2022-09-29,0.040465314544413156,0.08038047310143248,0.04556467282587351,0.07416769724140335,0.9583333333333334,0.00675089685305319,0.00171974803488939,0.0050311488181638
8,120,5071,4,2018-03-20,2026-03-20,0.0808534700705521,0.11832974228574575,0.08969576358152342,0.10485806258575524,0.9587628865979382,0.03799932189749877,0.03319916372017029,0.004800158177328484
9,15,0,0,2004-05-01,2013-05-01,0.0001736427084966241,0.0008599975961112357,0.00037919785172069176,0.001867414069854302,0.9908256880733946,0.011165561711799166,0.011146053051384053,1.95086604151129e-05
9,15,1176,1,2007-07-21,2016-07-20,3.576826574924752e-05,0.00021633062216772263,6.360580819375627e-05,0.0005860958768675519,0.9907407407407407,0.021364956238917543,0.02136085945871069,4.096780206852557e-06
9,15,2353,2,2010-10-10,2019-10-10,0.0005917525059189188,0.002648809035122997,0.001054787643962829,0.006091821097401238,0.9907407407407407,0.021967961592220808,0.021900144316595815,6.781727562499285e-05
9,15,3529,3,2013-12-29,2022-12-29,0.000505350974433938,0.0024231723988072775,0.0009558912505118755,0.005462424413154139,0.9907407407407407,0.012567485166652625,0.012510099835229882,5.738533142274349e-05
9,15,4706,4,2017-03-20,2026-03-20,7.691430568845803e-05,0.0003620857641413836,0.00013651724984953262,0.0008454124645222925,0.9908256880733946,0.03195826980678107,0.03194941804706897,8.851759712102947e-06
9,30,0,0,2004-05-01,2013-05-01,0.0001736427084966241,0.0008599975961112357,0.00037919785172069176,0.001867414069854302,0.9908256880733946,0.011165561711799166,0.011146053051384053,1.95086604151129e-05
9,30,1176,1,2007-07-21,2016-07-20,3.576826574924752e-05,0.00021633062216772263,6.360580819375627e-05,0.0005860958768675519,0.9907407407407407,0.021364956238917543,0.02136085945871069,4.096780206852557e-06
9,30,2353,2,2010-10-10,2019-10-10,0.0005917525059189188,0.002648809035122997,0.001054787643962829,0.006091821097401238,0.9907407407407407,0.021967961592220808,0.021900144316595815,6.781727562499285e-05
9,30,3529,3,2013-12-29,2022-12-29,0.000505350974433938,0.0024231723988072775,0.0009558912505118755,0.005462424413154139,0.9907407407407407,0.012567485166652625,0.012510099835229882,5.738533142274349e-05
9,30,4706,4,2017-03-20,2026-03-20,7.691430568845803e-05,0.0003620857641413836,0.00013651724984953262,0.0008454124645222925,0.9908256880733946,0.03195826980678107,0.03194941804706897,8.851759712102947e-06
9,45,0,0,2004-05-01,2013-05-01,0.008550116615083203,0.01983107010186092,0.007868124390425946,0.053893120732919374,0.963302752293578,0.011898523219725066,0.010941672799549718,0.000956850420175348
9,45,1176,1,2007-07-21,2016-07-20,0.008288230459740253,0.018195369742869342,0.010662910615382937,0.03124696058319952,0.9814814814814815,0.022626347198684726,0.02168020438190532,0.000946142816779405
9,45,2353,2,2010-10-10,2019-10-10,0.011658164419984463,0.03036121979603192,0.015312377266762933,0.0580455733596118,0.9814814814814815,0.022857613472986316,0.021528538281205822,0.0013290751917804933
9,45,3529,3,2013-12-29,2022-12-29,0.007821224496050716,0.013667273894934153,0.00641227568920022,0.02795919726432559,0.9814814814814815,0.013549234787610054,0.012663828056434179,0.0008854067311758751
9,45,4706,4,2017-03-20,2026-03-20,0.019855867977725428,0.020410998071739857,0.008819924534185786,0.05523189543832197,0.963302752293578,0.03258431334358236,0.03190877243561441,0.0006755409079679531
9,60,0,0,2004-05-01,2013-05-01,0.03571679474070577,0.050443155075428514,0.01962688618970243,0.11304382410184668,0.9724770642201835,0.013006773780139813,0.011123672108112936,0.0018831016720268767
9,60,1176,1,2007-07-21,2016-07-20,0.020985401583202945,0.03726094361888639,0.022255757918732133,0.047332256814712204,0.9814814814814815,0.023529188054165484,0.021148147620946744,0.0023810404332187396
9,60,2353,2,2010-10-10,2019-10-10,0.01591481124479288,0.03069555897950733,0.017087257897115182,0.027822305242978792,0.9814814814814815,0.02355181252463656,0.021740474790387765,0.0018113377342487968
9,60,3529,3,2013-12-29,2022-12-29,0.0177790928831445,0.04919014364829308,0.018655154107725003,0.10855479091066504,0.9814814814814815,0.01415592790601794,0.01215303110853494,0.0020028967974830003
9,60,4706,4,2017-03-20,2026-03-20,0.032265358759549834,0.03495785599677722,0.018144535008216334,0.060062905933879626,0.9541284403669725,0.0336687263642359,0.03212434287032129,0.001544383493914614
9,90,0,0,2004-05-01,2013-05-01,0.06519449573721481,0.09017368789752148,0.04029582028276901,0.14774154492803768,0.963302752293578,0.0147418189046713,0.010717781374377733,0.004024037530293567
9,90,1176,1,2007-07-21,2016-07-20,0.03370635374107622,0.07027967800514182,0.0370083170598261,0.09033060507025521,0.9351851851851852,0.025508326883102894,0.021702947771347514,0.0038053791117553804
9,90,2353,2,2010-10-10,2019-10-10,0.0381627606106516,0.09822320522729036,0.04842379520807927,0.16094638358748956,0.9722222222222222,0.025347391838070443,0.021048598693130582,0.004298793144939861
9,90,3529,3,2013-12-29,2022-12-29,0.03392538961486169,0.06081450198117331,0.03597136370982956,0.05368235811989371,0.9722222222222222,0.016082407158098944,0.012286789704753387,0.0037956174533455567
9,90,4706,4,2017-03-20,2026-03-20,0.05015923204936956,0.0896888662556919,0.03400960582671786,0.15344503054638037,0.963302752293578,0.03438121913660952,0.03189899697740195,0.00248222215920757
9,120,0,0,2004-05-01,2013-05-01,0.09032504214058812,0.13149219642907153,0.09032504214058812,0.17037748235618833,0.963302752293578,0.01584210992321,0.010201616229002175,0.0056404936942078265
9,120,1176,1,2007-07-21,2016-07-20,0.05532651188322202,0.11040600973353874,0.06354882864893718,0.14070744686940045,0.9351851851851852,0.02627904958036731,0.020100100080560068,0.00617894949980724
9,120,2353,2,2010-10-10,2019-10-10,0.04646907973850967,0.10363161218587079,0.054958625221709356,0.10790653934530962,0.9629629629629629,0.026002064966855754,0.020787577327820994,0.005214487639034759
9,120,3529,3,2013-12-29,2022-12-29,0.04599296516350693,0.11795868170428163,0.07455323759710863,0.17119643024924552,0.9629629629629629,0.01661845050365862,0.011503288758204278,0.005115161745454344
9,120,4706,4,2017-03-20,2026-03-20,0.07665990538593759,0.09756841361615265,0.08105120640920327,0.11515437135420489,0.9357798165137615,0.03554023780549742,0.031218860205502796,0.004321377599994625
10,15,0,0,2004-05-01,2014-05-01,0.0001586170781917584,0.0007905023064348464,0.0003232201838149207,0.0017830913452767275,0.9917355371900827,0.022214595262390002,0.022198380387822292,1.6214874567710424e-05
10,15,1085,1,2007-04-21,2017-04-20,0.0,0.0,0.0,0.0,0.0,0.029671088002965362,0.029671088002965362,0.0
10,15,2170,2,2010-04-10,2020-04-09,0.0,0.0,0.0,0.0,0.0,0.004691235997109411,0.004691235997109411,0.0
10,15,3255,3,2013-03-30,2023-03-30,0.00014699986557098477,0.0006684924441205727,0.00027406257188289374,0.0015089857866890698,0.9916666666666667,0.02023864314304258,0.020223516405621256,1.5126737421322645e-05
10,15,4341,4,2016-03-20,2026-03-20,0.0001773304717147539,0.0008036906638012153,0.00031116568574351966,0.0018745240811061878,0.9917355371900827,0.031015032854299074,0.030996688820565055,1.834403373401905e-05
10,30,0,0,2004-05-01,2014-05-01,0.0001586170781917584,0.0007905023064348464,0.0003232201838149207,0.0017830913452767275,0.9917355371900827,0.022214595262390002,0.022198380387822292,1.6214874567710424e-05
10,30,1085,1,2007-04-21,2017-04-20,0.0,0.0,0.0,0.0,0.0,0.029671088002965362,0.029671088002965362,0.0
10,30,2170,2,2010-04-10,2020-04-09,0.0,0.0,0.0,0.0,0.0,0.004691235997109411,0.004691235997109411,0.0
10,30,3255,3,2013-03-30,2023-03-30,0.00014699986557098477,0.0006684924441205727,0.00027406257188289374,0.0015089857866890698,0.9916666666666667,0.02023864314304258,0.020223516405621256,1.5126737421322645e-05
10,30,4341,4,2016-03-20,2026-03-20,0.0001773304717147539,0.0008036906638012153,0.00031116568574351966,0.0018745240811061878,0.9917355371900827,0.031015032854299074,0.030996688820565055,1.834403373401905e-05
10,45,0,0,2004-05-01,2014-05-01,0.00892342552640324,0.01903745727281021,0.008524816108546274,0.05115970071290758,0.9669421487603306,0.022870358392046652,0.021961935229392937,0.0009084231626537154
10,45,1085,1,2007-04-21,2017-04-20,0.008557313175580505,0.01997076243121452,0.009826849325849318,0.050047686754145296,0.9666666666666667,0.03078742900668363,0.029902333160206407,0.0008850958464772241
10,45,2170,2,2010-04-10,2020-04-09,0.010730186653853613,0.026651693724467174,0.012619560136080565,0.05481732275106945,0.9833333333333333,0.0054668140985674185,0.0043855205776845985,0.00108129352088282
10,45,3255,3,2013-03-30,2023-03-30,0.0076118352519969346,0.01633774498275922,0.005689550738753879,0.050712206766169374,0.9666666666666667,0.020873187374260027,0.020092622288081063,0.0007805650861789637
10,45,4341,4,2016-03-20,2026-03-20,0.016731124467629588,0.016080373516874486,0.008072248565714313,0.02969036034214353,0.9421487603305785,0.03157261908211351,0.031141047642518904,0.0004315714395946024
10,60,0,0,2004-05-01,2014-05-01,0.03215723130675752,0.047702341614549316,0.019449887359924256,0.10747632071765052,0.9752066115702479,0.023799265528848146,0.022252064339922883,0.0015472011889252624
10,60,1085,1,2007-04-21,2017-04-20,0.014836706402911792,0.030932641483873972,0.014853744212628639,0.09457640738998617,0.975,0.03152387043282445,0.02999343752801198,0.0015304329048124732
10,60,2170,2,2010-04-10,2020-04-09,0.015555318008569907,0.037363951486189234,0.01596209465654519,0.10174767773615832,0.9833333333333333,0.0060291373907170875,0.004464847006644623,0.0015642903840724642
10,60,3255,3,2013-03-30,2023-03-30,0.01745544740710958,0.032581996851911946,0.015725964003074355,0.05896544582832073,0.9583333333333334,0.021922797859826648,0.020140547672123033,0.0017822501877036157
10,60,4341,4,2016-03-20,2026-03-20,0.030358981162927456,0.03939508384581663,0.017608229839717326,0.09592251800770103,0.9752066115702479,0.032321089368894995,0.030936240976305207,0.001384848392589788
10,90,0,0,2004-05-01,2014-05-01,0.05985450872597653,0.08589527542980753,0.04037793642685261,0.14058437233555396,0.9669421487603306,0.025249245406952836,0.021826169173534193,0.0034230762334186426
10,90,1085,1,2007-04-21,2017-04-20,0.032765126521316024,0.0597549106819389,0.03556041182295733,0.06516980684985843,0.9166666666666666,0.03336633720958715,0.030013110849053115,0.003353226360534034
10,90,2170,2,2010-04-10,2020-04-09,0.034730631244759946,0.08796236751576712,0.03650066286423459,0.14452136957980902,0.975,0.007531251655208182,0.00406937842229893,0.0034618732329092516
10,90,3255,3,2013-03-30,2023-03-30,0.031979466233802656,0.07187347376298836,0.03481610208827157,0.13736097839117178,0.975,0.02323010486117716,0.019986234841493644,0.0032438700196835146
10,90,4341,4,2016-03-20,2026-03-20,0.0462039980773401,0.06831027405115266,0.03377140456016914,0.08095035782564383,0.9752066115702479,0.03315025428828555,0.031029715108577438,0.002120539179708114
10,120,0,0,2004-05-01,2014-05-01,0.08285846208375891,0.12588595939615926,0.08572123253576547,0.16225172663281265,0.9669421487603306,0.026185193802364948,0.021391737379795606,0.004793456422569342
10,120,1085,1,2007-04-21,2017-04-20,0.04627544510288106,0.09171630482765883,0.06662895117693246,0.09299545113561825,0.9666666666666667,0.03449696742811148,0.02978988560556428,0.004707081822547199
10,120,2170,2,2010-04-10,2020-04-09,0.03732546925354474,0.09962719116249354,0.05754234594916752,0.1516275418740766,0.9666666666666667,0.008141546529791377,0.004423927571106878,0.0037176189586844988
10,120,3255,3,2013-03-30,2023-03-30,0.046942687327202526,0.1133162879858958,0.048064880971681045,0.17246045629789916,0.9666666666666667,0.02434424164269755,0.019615216530832535,0.004729025111865015
10,120,4341,4,2016-03-20,2026-03-20,0.075206960638456,0.10894880983996297,0.075206960638456,0.15179148763462294,0.9669421487603306,0.03412196783278487,0.03000818723557641,0.004113780597208461
12,15,0,0,2004-05-01,2016-05-01,0.00013747195723712302,0.0006832636058445215,0.0002622815794597333,0.0016442978335198658,0.993103448275862,0.01593364631920613,0.015922008653542985,1.1637665663144503e-05
12,15,902,1,2006-10-20,2018-10-20,0.00022141168420386492,0.0013807513854049514,0.00038750186407443543,0.003877846645122497,0.9930555555555556,0.015308636809423737,0.015289772198832985,1.886461059075195e-05
12,15,1805,2,2009-04-10,2021-04-10,0.0,0.0,0.0,0.0,0.0,0.026785625956497583,0.026785625956497583,0.0
12,15,2707,3,2011-09-29,2023-09-29,0.0,0.0,0.0,0.0,0.0,0.019054803629901418,0.019054803629901418,0.0
12,15,3610,4,2014-03-20,2026-03-20,0.00015573180118222396,0.0007449590609682107,0.0002767264022166538,0.0018687152869626953,0.993103448275862,0.02825848662047381,0.028245106735271808,1.3379885202002839e-05
12,30,0,0,2004-05-01,2016-05-01,0.00013747195723712302,0.0006832636058445215,0.0002622815794597333,0.0016442978335198658,0.993103448275862,0.01593364631920613,0.015922008653542985,1.1637665663144503e-05
12,30,902,1,2006-10-20,2018-10-20,0.0004373071742573842,0.0014331606480543686,0.00043701155328434993,0.003894311446345011,0.9930555555555556,0.01543872033252347,0.01540146068439463,3.7259648128840084e-05
12,30,1805,2,2009-04-10,2021-04-10,0.0,0.0,0.0,0.0,0.0,0.026785625956497583,0.026785625956497583,0.0
12,30,2707,3,2011-09-29,2023-09-29,0.00010206691218694885,0.00016646628475188243,0.00010615898921106925,0.0010859929897601482,0.5486111111111112,0.019097675891640575,0.019088948623437574,8.727268203001515e-06
12,30,3610,4,2014-03-20,2026-03-20,0.005185175868210212,0.0007799668632387791,0.0002808525641789794,0.001904261111532395,0.993103448275862,0.028397040735692824,0.02855567129206582,-0.00015863055637299617
12,45,0,0,2004-05-01,2016-05-01,0.008976290385009245,0.017586434769490903,0.008712865555965843,0.04676777663005212,0.9724137931034482,0.016505513578560782,0.015748817010949212,0.00075669656761157
12,45,902,1,2006-10-20,2018-10-20,0.017254873852304176,0.020899093457664244,0.011353349311962857,0.04740433355462289,0.9861111111111112,0.016023091641427678,0.015448104290185949,0.0005749873512417292
12,45,1805,2,2009-04-10,2021-04-10,0.01872220508605249,0.01897330172550003,0.01187520448336965,0.01933902555635926,0.9861111111111112,0.02731993117642606,0.02661451313191021,0.0007054180445158487
12,45,2707,3,2011-09-29,2023-09-29,0.016296776405259283,0.01609573369541551,0.008516547294638244,0.0296938838924865,0.9861111111111112,0.01941005504246629,0.018913841004410514,0.0004962140380557756
12,45,3610,4,2014-03-20,2026-03-20,0.00720066823581611,0.01371928420595424,0.007287220967437058,0.04385263939579204,0.9862068965517241,0.02891146768569497,0.02829477171655226,0.000616695969142711
12,60,0,0,2004-05-01,2016-05-01,0.017576760484082854,0.04306224859562002,0.019012661259189434,0.0985359461195357,0.9793103448275862,0.017287886375721984,0.015811849808058387,0.0014760365676635967
12,60,902,1,2006-10-20,2018-10-20,0.02635282690573315,0.03710228743691519,0.01641819213085205,0.10198505533020631,0.9861111111111112,0.016535662984210386,0.015493800594070128,0.001041862390140258
12,60,1805,2,2009-04-10,2021-04-10,0.02894571254746836,0.04304643958218386,0.020512587892887124,0.10100274596602822,0.9861111111111112,0.027915818743619925,0.026645161077005985,0.001270657666613939
12,60,2707,3,2011-09-29,2023-09-29,0.028400348052038504,0.03874437217980077,0.017275400009473807,0.09161096804094505,0.9861111111111112,0.020096649555818358,0.018880981200930957,0.0012156683548874003
12,60,3610,4,2014-03-20,2026-03-20,0.028257094312079012,0.032144176661589245,0.01686252807433708,0.08792404513962525,0.9862068965517241,0.02953162224021555,0.028321729972645926,0.0012098922675696233
12,90,0,0,2004-05-01,2016-05-01,0.054082465652538714,0.0785218491079085,0.040228892193964416,0.1291417161325768,0.9724137931034482,0.018386918215392845,0.015670486973644815,0.0027164312417480296
12,90,902,1,2006-10-20,2018-10-20,0.049119034831823116,0.06847299824471913,0.03600498863596391,0.1217378151904691,0.9791666666666666,0.01782885649977839,0.015496785754039788,0.0023320707457386014
12,90,1805,2,2009-04-10,2021-04-10,0.05188392422044319,0.07073993462382089,0.05228079968628241,0.10243467747234207,0.9791666666666666,0.028854233574673094,0.02627077281578294,0.002583460758890155
12,90,2707,3,2011-09-29,2023-09-29,0.04853474653947609,0.06516636388806643,0.03513258491709048,0.08330671592376854,0.9791666666666666,0.021053500875850117,0.01876219838236759,0.0022913024934825277
12,90,3610,4,2014-03-20,2026-03-20,0.047511287679247616,0.05831779944984513,0.0357330459941847,0.06167848579224228,0.9448275862068966,0.030374679033293273,0.02815586821283378,0.0022188108204594936
12,120,0,0,2004-05-01,2016-05-01,0.07686096797190545,0.11543745476935319,0.07686096797190545,0.14957634953340673,0.9724137931034482,0.019290160810284895,0.015335250429745484,0.0039549103805394115
12,120,902,1,2006-10-20,2018-10-20,0.05777757293928243,0.0578613214316544,0.03687074803404389,0.046265406404346864,0.9722222222222222,0.018146350669743905,0.01569082864058924,0.0024555220291546664
12,120,1805,2,2009-04-10,2021-04-10,0.06528299787171976,0.11110381002504795,0.06979723858489506,0.1758388101846335,0.9722222222222222,0.029457353332944525,0.026366037339322412,0.0030913159936221124
12,120,2707,3,2011-09-29,2023-09-29,0.06217571783173237,0.09387565132599299,0.05575218630521317,0.13204127486145692,0.9722222222222222,0.021384769830683714,0.018567319415951467,0.0028174504147322477
12,120,3610,4,2014-03-20,2026-03-20,0.06517209030499083,0.09213597668501765,0.04463207812923353,0.13876018896681785,0.9724137931034482,0.03097871880295311,0.027904507204255857,0.003074211598697252
15,15,0,0,2004-05-01,2019-05-02,0.00011511979879386125,0.0005716463991519174,0.0002075827931545815,0.0014866308699675729,0.994475138121547,0.013716120381418007,0.013708339874235476,7.780507182530982e-06
15,15,628,1,2006-01-19,2021-01-19,0.00010436824212467499,0.000621902027235417,0.00018215437214985641,0.0018110427267156734,0.9944444444444445,0.016031347244001903,0.01602423831101918,7.108932982724525e-06
15,15,1257,2,2007-10-10,2022-10-10,0.0,0.0,0.0,0.0,0.0,0.0174535688722246,0.0174535688722246,0.0
15,15,1885,3,2009-06-29,2024-06-29,0.0003873178965392299,0.0016706022460048718,0.0006644026112450074,0.004308703262399185,0.9944444444444445,0.027155238617794453,0.027128576948403316,2.666166939113701e-05
15,15,2514,4,2011-03-20,2026-03-20,0.0,0.0,0.0,0.0,0.0,0.028766359135400377,0.028766359135400377,0.0
15,30,0,0,2004-05-01,2019-05-02,0.00011511979879386125,0.0005716463991519174,0.0002075827931545815,0.0014866308699675729,0.994475138121547,0.013716120381418007,0.013708339874235476,7.780507182530982e-06
15,30,628,1,2006-01-19,2021-01-19,0.00013670796790177242,0.0008126688400443065,0.00023835940574745695,0.0023650005991489795,0.9888888888888889,0.016058896676978573,0.016049584865772237,9.311811206336174e-06
15,30,1257,2,2007-10-10,2022-10-10,0.00020926027457446317,0.00020358981156891757,8.851789365404983e-05,0.0011038334153587951,0.6444444444444445,0.01749715422267939,0.017482880914682752,1.4273307996637286e-05
15,30,1885,3,2009-06-29,2024-06-29,0.0003873178965392299,0.0016706022460048718,0.0006644026112450074,0.004308703262399185,0.9944444444444445,0.027155238617794453,0.027128576948403316,2.666166939113701e-05
15,30,2514,4,2011-03-20,2026-03-20,0.0,0.0,0.0,0.0,0.0,0.028834451264551086,0.028834451264551086,0.0
15,45,0,0,2004-05-01,2019-05-02,0.014733869360967766,0.01604727401300286,0.008705149383360977,0.04190684803230706,0.9779005524861878,0.014064458285485637,0.013632102221700748,0.0004323560637848889
15,45,628,1,2006-01-19,2021-01-19,0.006779346537778119,0.016919405934765822,0.007570446442992429,0.04594394788297146,0.9888888888888889,0.016703229717346613,0.016242794186485332,0.00046043553086128064
15,45,1257,2,2007-10-10,2022-10-10,0.009375591895451008,0.017179912888980804,0.010066897823249654,0.04091390374511856,0.9777777777777777,0.018083853085814727,0.017447099284529255,0.0006367538012854723
15,45,1885,3,2009-06-29,2024-06-29,0.010464116564328219,0.022410360141362568,0.012440020915909789,0.04687506464868169,0.9888888888888889,0.027534406206610962,0.02681767149294978,0.0007167347136611824
15,45,2514,4,2011-03-20,2026-03-20,0.013339254437819914,0.012949186411230473,0.007680121220893454,0.02408341143262171,0.9613259668508287,0.02902243187382436,0.028677330845317206,0.0003451010285071554
15,60,0,0,2004-05-01,2019-05-02,0.016977943511921056,0.03842055393795471,0.018629736947792797,0.08852004459854405,0.9834254143646409,0.014771281533229708,0.01363282402725452,0.0011384575059751878
15,60,628,1,2006-01-19,2021-01-19,0.02756225929113154,0.03962886614714131,0.02066223449360982,0.09366336154445405,0.9888888888888889,0.017148063686926562,0.016048069602802917,0.0010999940841236455
15,60,1257,2,2007-10-10,2022-10-10,0.024505329107010976,0.023449559160003873,0.016117509990075995,0.02578398459880198,0.9166666666666666,0.018549505583197234,0.01765124700732379,0.0008982585758734452
15,60,1885,3,2009-06-29,2024-06-29,0.026922822852442074,0.03636546521888517,0.01910332174480467,0.08785287378670754,0.9888888888888889,0.028134836724108103,0.027066018523351332,0.0010688182007567715
15,60,2514,4,2011-03-20,2026-03-20,0.01562733934101357,0.03200516640538278,0.017180751625065938,0.05672978150012886,0.9723756906077348,0.029781292667591996,0.028715004213961004,0.0010662884536309924
15,90,0,0,2004-05-01,2019-05-02,0.04721082438631985,0.07054572544762859,0.03970879600764077,0.11639102986690067,0.9779005524861878,0.015622642636144768,0.013620117345704896,0.0020025252904398716
15,90,628,1,2006-01-19,2021-01-19,0.04485702365955491,0.06307883206219753,0.032998544275757435,0.1165036922645482,0.9777777777777777,0.01811541232957392,0.016250229819306572,0.0018651825102673492
15,90,1257,2,2007-10-10,2022-10-10,0.04790163900664557,0.06821575745601967,0.03832244452000322,0.11931950185291826,0.9777777777777777,0.019637042724865106,0.01757055289861542,0.0020664898262496845
15,90,1885,3,2009-06-29,2024-06-29,0.04457685415006152,0.07402267148241765,0.044303101511613985,0.12627383706915582,0.9833333333333333,0.02873851865720778,0.026872679227881502,0.001865839429326277
15,90,2514,4,2011-03-20,2026-03-20,0.04562421872292055,0.06515343189676241,0.03676404264580624,0.10899952912185112,0.9723756906077348,0.030480373810540584,0.028548654769398274,0.0019317190411423102
15,120,0,0,2004-05-01,2019-05-02,0.06800814384849696,0.10341765368024274,0.06125859318946625,0.13557798882042774,0.9779005524861878,0.016314562745170846,0.01334973556602681,0.002964827179144036
15,120,628,1,2006-01-19,2021-01-19,0.05873573082863115,0.09127786935575344,0.04322001290362343,0.1434557866432351,0.9777777777777777,0.018880083795319136,0.016485499172066875,0.0023945846232522605
15,120,1257,2,2007-10-10,2022-10-10,0.05455388180691334,0.0618905864160991,0.039342489340537634,0.060562918727851765,0.9166666666666666,0.019874674060012643,0.01774775927116834,0.002126914788844303
15,120,1885,3,2009-06-29,2024-06-29,0.059997000993305516,0.0848621863841262,0.05148869983193838,0.10301289390853519,0.9777777777777777,0.02925289213193416,0.026752428362744052,0.002500463769190109
15,120,2514,4,2011-03-20,2026-03-20,0.055852362369393393,0.09719507545574621,0.04680761056862415,0.15119809170817608,0.9723756906077348,0.03114833357860225,0.028920779600417834,0.0022275539781844156
20,15,0,0,2004-05-01,2024-05-01,9.308717384737264e-05,0.0004543872272321688,0.00015808631998770473,0.0013025641362032143,0.995850622406639,0.023696019585246697,0.023691255169616898,4.7644156297987905e-06
20,15,172,1,2004-10-20,2024-10-20,0.0001006131983523062,0.0005093299953825444,0.0001708208959045887,0.001458389913425898,0.9958333333333333,0.021649861747558896,0.021644700543628437,5.161203930459379e-06
20,15,344,2,2005-04-10,2025-04-10,0.00016420358001090207,0.0008739020931271432,0.00027908260216014114,0.002582520755095871,0.9958333333333333,0.023004771447917793,0.02299633848746163,8.432960456161709e-06
20,15,516,3,2005-09-29,2025-09-29,0.00014993655105466352,0.000830705613798965,0.00025428362271395777,0.0025383570808059,0.9958333333333333,0.02530746538686146,0.025299747744090162,7.717642771298827e-06
20,15,688,4,2006-03-20,2026-03-20,0.0,0.0,0.0,0.0,0.0,0.02589354392337584,0.02589354392337584,0.0
20,30,0,0,2004-05-01,2024-05-01,0.00014959629341970704,0.00047869420351517124,0.00016539900539480623,0.0013162366518518866,0.995850622406639,0.023751325850056126,0.02374366898121094,7.656868845185016e-06
20,30,172,1,2004-10-20,2024-10-20,0.00014840757148459893,0.0005609518075026118,0.000203606905061271,0.001502167786163135,0.9958333333333333,0.02165717444596571,0.021649561647495874,7.61279846983598e-06
20,30,344,2,2005-04-10,2025-04-10,0.00016471060293099526,0.0008739922354721756,0.00027908260216014114,0.0025824962285031557,0.9958333333333333,0.023061803059132746,0.023053343590302866,8.459468829880024e-06
20,30,516,3,2005-09-29,2025-09-29,0.0002943551483920448,0.0010610338746301004,0.000487691214068775,0.002691734046963961,0.9958333333333333,0.0252651333892826,0.025249983902088102,1.5149487194499045e-05
20,30,688,4,2006-03-20,2026-03-20,0.0001176890829504007,8.117966533965164e-05,0.0,0.0004452570111147009,0.45643153526970953,0.025974148248057327,0.02596810139001282,6.046858044506109e-06
20,45,0,0,2004-05-01,2024-05-01,0.00886841954804063,0.014447827084028976,0.008683703389966269,0.03636448022194019,0.983402489626556,0.024040114140660984,0.023588134710665898,0.00045197942999508633
20,45,172,1,2004-10-20,2024-10-20,0.011873419861999857,0.012761896349154768,0.007636442346183769,0.020277046508860242,0.9916666666666667,0.021900575879537643,0.02161267406131362,0.0002879018182240234
20,45,344,2,2005-04-10,2025-04-10,0.012219122762739065,0.014526889560215606,0.0082725484242957,0.023373170405291875,0.9916666666666667,0.02327954804252963,0.022973753366964056,0.0003057946755655738
20,45,516,3,2005-09-29,2025-09-29,0.012168126213867092,0.017677857320225896,0.009418269169371829,0.0405108919634251,0.9916666666666667,0.025688652012431312,0.025384731111178116,0.00030392090125319626
20,45,688,4,2006-03-20,2026-03-20,0.009416470161742962,0.01601855800312721,0.00986346368384794,0.03683104583311117,0.991701244813278,0.026423212278650743,0.02594153084749018,0.0004816814311605633
20,60,0,0,2004-05-01,2024-05-01,0.02245059032797392,0.03360621967156114,0.018459107047338552,0.0770219087832157,0.9875518672199171,0.024427060672881362,0.02371165679459475,0.0007154038782866134
20,60,172,1,2004-10-20,2024-10-20,0.018162704349018677,0.032962427053679993,0.0204601079228095,0.04755484380901766,0.9916666666666667,0.02248801465644079,0.021564284834584724,0.0009237298218560674
20,60,344,2,2005-04-10,2025-04-10,0.01783975401666571,0.037073316505570365,0.02073976217347573,0.08273765251771706,0.9916666666666667,0.023862997094937333,0.02295444504790467,0.0009085520470326625
20,60,516,3,2005-09-29,2025-09-29,0.018645868052063586,0.035985390261004835,0.019827963389802306,0.08052788808501715,0.9916666666666667,0.02615995046942521,0.02520861056859136,0.0009513399008338475
20,60,688,4,2006-03-20,2026-03-20,0.022664322840668882,0.03222245543356102,0.018664335147796862,0.07478883329947363,0.991701244813278,0.026692551073070225,0.02596364585240618,0.0007289052206640445
20,90,0,0,2004-05-01,2024-05-01,0.03495139316828899,0.06266876430617765,0.03890576633655596,0.10153689852671954,0.983402489626556,0.025245448123378367,0.023485871973707884,0.0017595761496704831
20,90,172,1,2004-10-20,2024-10-20,0.04287810094281119,0.06026341106015852,0.03820477567458136,0.09018302218609991,0.9875,0.02314063108135156,0.02162302001022698,0.0015176110711245805
20,90,344,2,2005-04-10,2025-04-10,0.04316174150865604,0.058299104354630434,0.03755476823882842,0.08502438239544881,0.9875,0.02452080398561174,0.022987387355828393,0.0015334166297833463
20,90,516,3,2005-09-29,2025-09-29,0.03878372112953743,0.06868716121798546,0.04108733364722772,0.11662831038638855,0.9875,0.02669356951401003,0.02537338820144308,0.0013201813125669482
20,90,688,4,2006-03-20,2026-03-20,0.031273297287252255,0.06255067648164692,0.0382831883941217,0.10552458540964381,0.9875518672199171,0.027388291485585636,0.025805027259621305,0.0015832642259643315
20,120,0,0,2004-05-01,2024-05-01,0.0593815022628954,0.09112317196139261,0.0593815022628954,0.11903618019892134,0.983402489626556,0.025768641096908906,0.023659987417772754,0.002108653679136152
20,120,172,1,2004-10-20,2024-10-20,0.05619468223294177,0.08827003401006234,0.05715025909170757,0.13701688472689327,0.9833333333333333,0.02344375631857165,0.021485441637992597,0.001958314680579054
20,120,344,2,2005-04-10,2025-04-10,0.05847027788418124,0.09466286934533329,0.0628493413927177,0.13158756337212113,0.9833333333333333,0.025070199974768226,0.02299849745032323,0.002071702524444996
20,120,516,3,2005-09-29,2025-09-29,0.053903064691989355,0.07967979340474399,0.055905463828435864,0.10564454585639095,0.9833333333333333,0.027450104258124552,0.025596229088320932,0.0018538751698036204
20,120,688,4,2006-03-20,2026-03-20,0.05820046458779693,0.08599700366922124,0.056962494641178196,0.12175225159240145,0.983402489626556,0.027794480758597695,0.025735490538927985,0.0020589902196697096
